gene_raw	rna_log2fc	rna_fdr	gene_name
MFSD4A	-5.265895033095624	0.0	MFSD4A
PVT1	4.671346923545422	5.430111968290691e-276	PVT1
SPAG4	4.101110572865823	4.911223493689127e-258	SPAG4
TTC21B-AS1	8.321743031408777	3.2142473498029538e-257	TTC21B-AS1
NDUFA4L2	5.797325099393833	1.961989997493258e-242	NDUFA4L2
ACP3	-5.596390284535299	2.4840624949807484e-237	ACP3
AP005432.2	-6.571765464142232	4.159287804540271e-233	AP005432.2
GABRD	5.254566853243287	3.391751610956251e-230	GABRD
EGLN3	4.243189105959117	1.741091058361622e-227	EGLN3
AC019080.1	-3.582937506006582	4.841323969221247e-226	AC019080.1
HILPDA	4.728445104869968	2.6879764109727194e-222	HILPDA
NOL3	3.4008101743642065	6.487562605664147e-216	NOL3
SCARB1	4.100475512291799	4.707092068125052e-210	SCARB1
LINC00887	5.546602791441834	1.17658814150605e-204	LINC00887
COL23A1	5.177426582507238	6.309463604777371e-202	COL23A1
AC083855.2	3.131352762001935	1.0074260082393962e-200	AC083855.2
CA9	6.051540532600979	2.3815996296554494e-200	CA9
HSF4	5.706766693054378	2.245109042713545e-196	HSF4
STC2	4.2466930439122335	2.245379411146948e-196	STC2
DDB2	2.025061206517756	3.8558426150940925e-196	DDB2
CDCA2	4.690917213565097	1.328376527493354e-193	CDCA2
LINC02348	6.210451776200023	6.506421815567221e-192	LINC02348
CDKN2A	4.948971148277143	3.4355757818440364e-189	CDKN2A
FECH	-1.996447857904986	5.8390957361844266e-189	FECH
FAM246C	6.341684216476071	7.626219974039318e-188	FAM246C
ANGPTL4	4.938603725830957	1.7698360842675013e-186	ANGPTL4
FABP6	6.45559244168071	1.0514077289469699e-185	FABP6
VEGFA	3.4823126486403417	9.3668200667799e-182	VEGFA
SAP30	2.472167991142799	8.897684772517757e-181	SAP30
TREM2	4.248064315783712	1.9219679073875541e-180	TREM2
SIGLEC8	5.063809025300825	5.921176991284528e-178	SIGLEC8
AL109615.2	6.540152595436418	1.1399654107038615e-175	AL109615.2
DOC2A	6.088661651204081	4.7224325455141685e-175	DOC2A
SEMA5B	3.881001512912334	9.116727796321903e-175	SEMA5B
ADGRF3	-3.59064336997406	3.0107476772800177e-172	ADGRF3
HIF1A-AS3	5.125238325683156	8.572731091005956e-172	HIF1A-AS3
NETO2	3.2874174150287345	4.018945300141618e-170	NETO2
FER1L4	5.54589860286646	1.3385387642627926e-169	FER1L4
ESRRB	-5.952943630329332	1.992066971864245e-169	ESRRB
TNFAIP6	5.665659455850441	4.024443307183153e-168	TNFAIP6
MYOCOS	5.621748734519854	1.2487775778293642e-166	MYOCOS
ST8SIA4	3.5277424730108984	3.7186364368888266e-165	ST8SIA4
DGCR5	4.19892874673528	5.791313328904308e-165	DGCR5
AL391845.2	5.152389834844164	3.4145311031198675e-163	AL391845.2
KCNJ10	-6.1745305811419495	2.4015504525200668e-160	KCNJ10
SLC16A3	2.9582984880313905	2.5222071203536517e-160	SLC16A3
COL5A3	3.554022983291504	3.538855869434303e-160	COL5A3
TMEM238L	-5.894013396331069	3.538855869434303e-160	TMEM238L
AL031726.1	-5.453791791684168	5.529265387688556e-159	AL031726.1
GPC5	-5.838858075384066	1.2256143026466775e-158	GPC5
NPTX2	6.974849902117919	1.5475674581915462e-158	NPTX2
GRIK3	5.005826079284467	5.4745725474119395e-158	GRIK3
AC079760.2	5.213146216320511	3.8868564327100646e-157	AC079760.2
APOC1	5.2333236728365735	4.962953655799365e-156	APOC1
MTURN	-3.0827591185576986	2.393939860001036e-155	MTURN
MYLK3	-3.979647386071338	3.0650483374549413e-155	MYLK3
LINC02048	5.315004056514531	3.6584164975954924e-154	LINC02048
VIM	2.6971108849598755	4.8344005890309555e-154	VIM
HSPA2	-3.901399795481673	9.71380324619444e-154	HSPA2
GAS6-AS1	4.543953497980501	2.6072602245348106e-153	GAS6-AS1
LILRB1	2.906366496110558	6.5770371047338765e-152	LILRB1
SAP30-DT	2.917100217027759	4.1215530899305925e-151	SAP30-DT
CALB1	-7.528430933959383	1.0013784226578765e-149	CALB1
DARS-AS1	3.24310050288964	2.764545440603296e-149	DARS-AS1
CD70	6.09832237505469	1.576910764239068e-148	CD70
ENPP3	4.70642874922701	2.3083993186720455e-148	ENPP3
ENPP6	-5.097016183942184	2.933067637855461e-148	ENPP6
ELF5	-7.870543934589559	2.9656625980484263e-148	ELF5
PNCK	6.620967673374111	1.2629590302913762e-146	PNCK
LINC00462	6.361625097921789	7.892886363364828e-146	LINC00462
SLC1A4	1.935392197106606	1.9308193169954923e-145	SLC1A4
MIR210HG	3.2577107132079743	3.372873394688558e-145	MIR210HG
IRX2	-5.025432912993184	7.166599408300041e-145	IRX2
CXCR4	2.775626901543957	1.2435449308423592e-144	CXCR4
ARHGAP22	2.7588950094349087	1.2647502352969618e-144	ARHGAP22
DDN	-6.368588590206766	5.0217205516296983e-144	DDN
SLC16A1-AS1	3.2951670408946407	1.7028290809799666e-143	SLC16A1-AS1
AC026369.2	3.659521407357098	2.8237705060651253e-143	AC026369.2
HK2	3.427045901798388	3.85592411742535e-143	HK2
ODF3B	3.540353341414384	6.397200236133343e-143	ODF3B
AC108749.1	-5.299920968237383	6.938757194173494e-143	AC108749.1
ZNF395	2.6125013071462195	2.517446076524788e-142	ZNF395
MLKL	1.9228679300055915	4.3326635188512464e-142	MLKL
MYEOV	7.089441397296516	8.643563485869742e-142	MYEOV
AL139280.1	-6.494965216070633	1.997248630701085e-141	AL139280.1
CDKN2B-AS1	4.142266455057375	9.85246253094564e-141	CDKN2B-AS1
AC019069.1	3.3864719914022787	1.6141442270467917e-140	AC019069.1
HYKK	-2.024731032872267	5.222999938886533e-140	HYKK
HS6ST1	-2.1651791423311324	2.0743571615921488e-139	HS6ST1
STAMBPL1	2.459849051431444	9.653770964317763e-139	STAMBPL1
CFAP74	4.009741910773295	2.1543971080301328e-138	CFAP74
GSTM3	-3.340618647493842	2.9191410620680524e-138	GSTM3
AGAP2	2.673703520422959	3.870600040747661e-137	AGAP2
RALBP1	-1.4836447292519748	2.449290002718338e-136	RALBP1
ATP1A1	-3.025207818734489	4.362249306855472e-136	ATP1A1
ENO2	3.1999275245720296	8.556099544964014e-136	ENO2
LINC01762	-4.605653981768811	1.3629654626083636e-135	LINC01762
LINC02783	7.516014416035299	1.826973888132816e-135	LINC02783
ARHGEF39	2.671132962380806	3.269372156630968e-135	ARHGEF39
AP000696.1	-5.830978118141179	5.272332399656493e-135	AP000696.1
ESM1	3.55984127616268	6.273800382069587e-135	ESM1
SLC6A3	6.418244064350185	1.1944737301331493e-134	SLC6A3
SLC12A1	-8.273210068908663	3.0081654586331488e-134	SLC12A1
EDA2R	2.284012359626011	4.788702916831679e-134	EDA2R
LINC02410	-4.775177941156424	6.163895536826263e-134	LINC02410
DBT	-1.5639584342707755	8.456956325564483e-134	DBT
LINC02188	3.803222419053111	1.2982543977108396e-133	LINC02188
RHBDF2	1.956002996510135	1.820745491843316e-133	RHBDF2
AC007326.1	6.913789044093532	3.4343006434837142e-133	AC007326.1
CYP2J2	5.1074358243996025	8.559809790715118e-133	CYP2J2
SLC4A11	-4.456988503164923	1.278555938700955e-132	SLC4A11
NXPH4	4.527753695711311	2.3203376606755776e-132	NXPH4
SLC15A4	1.844159678771576	3.291146929909131e-132	SLC15A4
SOX11	5.3991153120235005	4.372539856513168e-132	SOX11
KRBA1	2.7938777253372487	4.521910297709409e-132	KRBA1
SDS	4.248086428102179	1.0695734025150982e-131	SDS
SFTA1P	5.01713847131578	2.7927774161654154e-131	SFTA1P
INHBB	3.818805100461346	2.8321278545378698e-130	INHBB
LINC01587	5.156975371831709	4.23151585312926e-130	LINC01587
DOK3	2.6428517614250824	8.084489047929677e-130	DOK3
AC007406.3	3.3844643099052707	9.637675846686222e-130	AC007406.3
LINC01020	-6.373812502729863	2.485878141086397e-129	LINC01020
TMEM91	3.890123858376505	4.16093300575989e-129	TMEM91
MTCP1	3.265125555734486	1.4302131137276874e-128	MTCP1
FGF1	-4.226875359143872	5.439494813226891e-128	FGF1
KISS1R	6.391158697768049	6.855714627747677e-128	KISS1R
IGFBP3	3.47376854123203	9.50093142416135e-128	IGFBP3
ERMP1	-2.4857606865367017	9.554296539962656e-128	ERMP1
AC090709.1	-7.791256971532457	1.6827089093648202e-127	AC090709.1
AHNAK2	4.049185126253883	2.124318933503013e-127	AHNAK2
SLC4A8	-2.721428300529828	5.025923872049541e-127	SLC4A8
TMEM74B	4.128150732538283	6.327842523240521e-127	TMEM74B
AC092078.2	-6.340193134995649	8.356817418139575e-127	AC092078.2
RASAL3	2.678361767540392	2.7530582766379766e-126	RASAL3
IDO1	3.9811073198902656	3.2580783269514327e-126	IDO1
TYMP	2.9267064573133155	4.81563055366242e-126	TYMP
ITGAX	3.285617801780688	5.340049876994271e-126	ITGAX
PARVG	2.900980129099478	7.20079377220032e-126	PARVG
PIK3R5	2.794809681633885	1.248067031480624e-125	PIK3R5
TMEM155	5.122108348415008	2.7715057362279267e-125	TMEM155
TNFRSF4	3.296088082352334	3.26521877060772e-125	TNFRSF4
UXS1	-1.4522079704598772	3.724925179573532e-125	UXS1
LINC02747	6.266729272525261	5.215764615852614e-125	LINC02747
RAB42	4.864861832598311	8.065919113801286e-125	RAB42
FAM78A	2.363694253470456	9.40451374113695e-125	FAM78A
BHLHE41	2.753176546303868	1.5899239422023764e-124	BHLHE41
TRPV2	1.9720588304700533	3.799725425962667e-124	TRPV2
ARMH4	-3.5855791484115294	3.115436357834385e-123	ARMH4
CD1D	2.2730050695164805	8.96908067635466e-123	CD1D
CD300A	2.9622620031661584	1.418020476684657e-122	CD300A
LAMA4	2.6494943360437686	1.549504453099889e-122	LAMA4
CLDN16	-5.926908097655367	1.790489418194111e-122	CLDN16
C5orf46	7.708582826081019	4.561886783287007e-122	C5orf46
HLA-F	2.466297003452405	6.936420432554676e-122	HLA-F
COLGALT1	1.721863514544803	8.928075245258872e-122	COLGALT1
CD40	1.823651095254478	3.781630984461828e-121	CD40
AC078883.1	2.0056571311164983	4.1205836821570555e-121	AC078883.1
LINC01983	-7.290345005620371	5.027779236248969e-121	LINC01983
NNMT	3.9118823713506776	1.1851995321268565e-120	NNMT
GAL3ST4	2.8879056613548717	1.4251277461498571e-120	GAL3ST4
GAS2L3	3.0991225288402644	3.4079962197853355e-120	GAS2L3
WNK4	-4.071211675656708	3.581240498313146e-120	WNK4
PRDM1	2.2634356502090784	9.758203610992193e-120	PRDM1
AL109946.1	6.117434252161207	2.0077502210772922e-119	AL109946.1
LINC01077	6.837887696402307	6.320559336860669e-119	LINC01077
AC093418.1	6.888700463330035	7.425896441029922e-119	AC093418.1
AKAP3	-2.352785816885729	7.826252147806911e-119	AKAP3
TRPV6	-4.788363010411167	8.53470686556049e-119	TRPV6
OSTM1-AS1	7.321440693997119	9.30798191192582e-119	OSTM1-AS1
CD300LF	2.9995239138521588	1.1837777931901536e-118	CD300LF
FCGR3A	3.317523127046002	1.869945080315028e-118	FCGR3A
ACSF2	-3.298985806979658	2.4438862058442293e-118	ACSF2
HS6ST2	-6.263433307675004	2.6548475546820458e-118	HS6ST2
PLXDC1	2.9094627409944347	3.832961901323296e-118	PLXDC1
WAKMAR2	2.3868825834309697	3.5762920087931046e-117	WAKMAR2
AC023421.1	-6.508377969360835	4.164419293901216e-117	AC023421.1
ITGAD	4.78732194951274	5.179669164646999e-117	ITGAD
AC138207.5	2.436518889342021	8.805928921659168e-117	AC138207.5
AC009084.2	5.667356354285743	1.0761729706078057e-116	AC009084.2
AC022509.2	4.958154858610021	1.3593816666647253e-116	AC022509.2
GJC1	2.7345203508878035	3.82848201899136e-116	GJC1
DUSP9	-6.798993856564697	6.270413326022915e-116	DUSP9
BIRC7	7.058842222439165	2.047698516086352e-115	BIRC7
PTHLH	6.413222296795671	5.441343535229203e-115	PTHLH
HLA-B	1.9396344068475304	7.179211809030347e-115	HLA-B
AC073172.1	-6.821615260709836	7.608083482707585e-115	AC073172.1
LCP2	2.216514945329009	1.1286549053261083e-114	LCP2
DGKD	2.1083482251657744	1.153845374191505e-114	DGKD
LYPLAL1-DT	-2.2408433190869315	1.2563313663039787e-114	LYPLAL1-DT
HTR6	6.578432748300019	1.871885386814764e-114	HTR6
AC006441.4	-4.469455798984318	1.9106011629465893e-114	AC006441.4
FABP7	7.433961844800412	5.127567561255054e-114	FABP7
CASP4LP	2.7356902905573555	5.169155640375602e-114	CASP4LP
FATE1	3.5253857577904864	5.40383287291128e-114	FATE1
RBP2	-4.009652502042195	8.132377815319769e-114	RBP2
AC105384.1	-4.798976897393414	1.1586146687076489e-113	AC105384.1
CLUL1	-3.422522644073367	1.3929385791214037e-113	CLUL1
IL2RB	3.001431610239776	5.13216152110332e-113	IL2RB
PGF	4.670397904250357	5.843185883154508e-113	PGF
WNT8B	-3.935438745245956	2.57233353895873e-112	WNT8B
OR2A4	6.839994970324445	7.968812648200155e-112	OR2A4
ADM	2.7065082835217678	2.7682590938985818e-111	ADM
SLC20A2	-1.3973180816351558	3.1704576433582172e-111	SLC20A2
MTOR	-1.1799302224533177	3.634126617074592e-111	MTOR
FUT11	1.5599068608882825	3.735936543164069e-111	FUT11
EGF	-5.451611330312737	2.0766267242733323e-110	EGF
AL096799.1	5.182894780506376	2.1523368418933082e-110	AL096799.1
GADL1	-5.513693596817656	6.285419934105581e-110	GADL1
CAV2	1.991111475903092	8.598613859804448e-110	CAV2
MYO1F	2.4992599332621723	9.112522137622513e-110	MYO1F
COBLL1	-2.4085238653255905	9.725408121649908e-110	COBLL1
ALDH6A1	-3.0437851186375817	1.0635015749976737e-109	ALDH6A1
LINC01094	2.729258545255755	1.0792556413834665e-109	LINC01094
SLC23A4P	4.145174195171053	1.1572929709976445e-109	SLC23A4P
AL109615.1	6.630756984724415	1.231980624784841e-109	AL109615.1
PTPRE	1.6588301822070524	1.4205644044297718e-109	PTPRE
SHMT2	1.956464539953574	1.6541010786588934e-109	SHMT2
C13orf42	-5.376794946230826	2.1236060029722874e-109	C13orf42
SIGLEC10	3.065205882841375	2.802721190365466e-109	SIGLEC10
LPCAT1	2.544771179438004	3.1554056281078776e-109	LPCAT1
SLFN13	2.158957463834968	3.220090797682911e-109	SLFN13
AC007993.2	-6.073498198076554	3.5067551080251784e-109	AC007993.2
AL731533.3	4.732573435726247	6.735383824753305e-109	AL731533.3
IL20RB	6.581235054469754	1.640237475049482e-108	IL20RB
TRPM2	2.7566349139453883	3.4630133803890226e-108	TRPM2
PML	1.213012311118812	4.075252069018888e-108	PML
KCNK9	4.899386457833865	4.425333133223967e-108	KCNK9
HTRA4	4.84602773195624	6.221976180774471e-108	HTRA4
PLK2	2.213023826970657	7.692093302288939e-108	PLK2
SLC14A2	-6.541527807614099	7.781947795524989e-108	SLC14A2
PLA2R1	-2.972723405922717	8.017489873084328e-108	PLA2R1
DLX5	3.44107248575718	9.519622260321112e-108	DLX5
LINC01571	-6.881957470319602	1.0253018456707688e-107	LINC01571
AC022509.1	4.396124874884171	1.535069787877082e-107	AC022509.1
KLHL14	-3.827120896959592	3.652414837613635e-107	KLHL14
LUCAT1	5.008826373812126	3.8315796933127803e-107	LUCAT1
TAPBP	1.6057512443340023	3.8444119647821584e-107	TAPBP
AC116317.1	-3.72057715069916	1.0361483111712356e-106	AC116317.1
TYMS	1.9467849575453775	1.233314483370512e-106	TYMS
ADORA3	3.014920584805788	1.5319342050525573e-106	ADORA3
SCD	3.00087447666214	1.6398644272397352e-106	SCD
USP44	-3.0278692588291607	1.7085235409891203e-106	USP44
IGSF6	2.660528322727639	2.0463374727138319e-106	IGSF6
FAM171A1	-2.174702864995156	2.1305597915140287e-106	FAM171A1
EHD2	2.24475868258712	2.3123968619665684e-106	EHD2
ANGPT2	3.0878318974809726	2.512726427939388e-106	ANGPT2
STAC3	2.3196415901174574	3.4794414591887064e-106	STAC3
AL121987.1	-3.5858344885875537	4.376072712221666e-106	AL121987.1
PIK3R6	3.386892704150371	5.013726715096742e-106	PIK3R6
TMEM164	-1.5023040594438692	5.765977767643602e-106	TMEM164
AL023806.1	-2.435261128393308	5.904944619661651e-106	AL023806.1
RANBP3L	-5.182697235048384	1.3391288673435066e-105	RANBP3L
TCF21	-3.732691778905945	1.4378900093753224e-105	TCF21
LINC02611	2.8545323637280564	2.0307121559540617e-105	LINC02611
PIP4K2C	-1.415690813517403	2.2452577914963572e-105	PIP4K2C
ATP12A	-7.24082677977131	2.565875196075366e-105	ATP12A
DNAH11	4.573611891416131	2.809662778036844e-105	DNAH11
ARRB2	1.503796741134611	6.8389221723843315e-105	ARRB2
MIR4435-2HG	1.9117726825920516	1.0518200925571861e-104	MIR4435-2HG
AL109615.3	2.897947113235544	2.0373931119321013e-104	AL109615.3
UNCX	-7.334961762107709	2.623878834581065e-104	UNCX
P2RX7	2.5456783238603244	4.197916069641349e-104	P2RX7
MYO3A	3.2920173254792497	5.75340575941325e-104	MYO3A
TYROBP	2.657940315349054	9.215885287832984e-104	TYROBP
AC073218.1	5.424911829226071	1.0380847756289234e-103	AC073218.1
CARMIL1	-1.4903325710238404	1.503754772885323e-103	CARMIL1
NLRC5	2.2461671374820216	1.708173418180257e-103	NLRC5
PFKFB4	2.4182077215775	2.70629857427892e-103	PFKFB4
CES4A	4.165887786049332	2.8042878837052485e-103	CES4A
LGALS9	2.241482101829148	3.779611043280398e-103	LGALS9
AC073115.2	6.071542067895475	4.210673795401365e-103	AC073115.2
NHLRC4	-3.231212118065216	6.160531454382129e-103	NHLRC4
ARHGAP25	1.754750017347494	8.072959380419947e-103	ARHGAP25
LAIR1	2.636369182850121	1.222157884558295e-102	LAIR1
ACAA1	-1.6703828023042482	1.6673641568258146e-102	ACAA1
CSPG4	2.7170100719570174	2.5255610964857505e-102	CSPG4
PDK1	1.9144602462316385	2.627009259848281e-102	PDK1
AC007906.2	-3.822818751355004	3.2438945798440427e-102	AC007906.2
RELT	2.0816862806467205	7.492787989645395e-102	RELT
SLC37A2	2.730500335919245	7.564420418505744e-102	SLC37A2
CPNE6	-6.5867150342114105	1.4767004454218917e-101	CPNE6
SFXN2	-2.385338461503599	1.535679890630963e-101	SFXN2
POU5F1	3.3766057410386816	1.697557186449992e-101	POU5F1
AC079340.2	-4.677566361237213	2.504493614538767e-101	AC079340.2
CCNP	-4.787106355874043	3.789381750989916e-101	CCNP
LGI2	-3.283058702817051	3.8588809374453045e-101	LGI2
ADAMTS7	2.441565029908204	3.8588809374453045e-101	ADAMTS7
LINC00551	-2.704652088501565	4.440172177096624e-101	LINC00551
PSORS1C1	3.017838871403576	5.09030085892444e-101	PSORS1C1
PHKA2	2.0549590827877915	5.313047059423394e-101	PHKA2
VSIG1	3.959991896732044	5.4170674032947756e-101	VSIG1
DCAF11	-1.170444653391393	5.737865245463249e-101	DCAF11
SDHAP3	2.9890851052574283	5.99591443892288e-101	SDHAP3
RNF212B	-4.07002830681524	6.241864727464846e-101	RNF212B
TNFRSF14	2.178231420548684	6.99401279362427e-101	TNFRSF14
PLPPR5	6.366399558656225	7.05364466140041e-101	PLPPR5
PSMB9	2.2134308341337343	1.3756482002672384e-100	PSMB9
AL606760.1	-1.828788835899592	1.608095112010021e-100	AL606760.1
NOS1	-4.451217151468063	1.866970051845259e-100	NOS1
TMEM45B	-3.943107813115872	2.4362241732600595e-100	TMEM45B
PALD1	1.9493290233292464	2.573041696167926e-100	PALD1
AC087468.2	4.832185983240279	3.218348300121673e-100	AC087468.2
RNASET2	3.520261227816189	4.292137986354547e-100	RNASET2
SFRP1	-5.279288709109978	4.4378187261913447e-100	SFRP1
ADAP2	1.8313438212237445	5.506345065240277e-100	ADAP2
CNP	-1.3183905708208952	5.958909088715647e-100	CNP
TNFSF9	3.4691587401117445	8.95939650154364e-100	TNFSF9
CYFIP2	-2.2822408903724614	9.008576756678906e-100	CYFIP2
LILRB4	3.1206480201068127	1.2809042183508725e-99	LILRB4
SNHG12	3.0639549008997893	1.5688602464857434e-99	SNHG12
RASD2	2.8862002660628034	1.975781172133933e-99	RASD2
AC107918.4	3.947645708908201	2.543184062034369e-99	AC107918.4
AC079466.1	9.62945419866664	3.865860755351106e-99	AC079466.1
TMCC1	1.7805480018077606	4.529636564345825e-99	TMCC1
LINC02437	-8.136867101059732	5.999229340501669e-99	LINC02437
RNF149	1.3209794702735518	6.662354178889235e-99	RNF149
HADH	-1.7376101746248604	6.823037882953644e-99	HADH
HS3ST2	4.8968703560292735	7.299358995104285e-99	HS3ST2
PRKAR2B	-2.245562969851149	9.235471720934804e-99	PRKAR2B
WNK1	-1.5361488226019862	1.0986319735908894e-98	WNK1
AC112243.1	-9.16073398716942	1.1244436332415088e-98	AC112243.1
CADPS2	-1.6139805057057066	1.1508638311596244e-98	CADPS2
VWF	3.001576196143231	1.2019943798631724e-98	VWF
PCED1B-AS1	2.7992010955439643	1.2949358744644694e-98	PCED1B-AS1
HSPA7	3.956188146562562	1.4194366737949536e-98	HSPA7
EGFR-AS1	5.903443364061532	2.1713076016391817e-98	EGFR-AS1
LINC02172	-4.768114338758092	5.080682062408524e-98	LINC02172
DPEP2	2.2943594284987863	1.0533919656251396e-97	DPEP2
FAM111B	2.511861874159921	1.26801172314368e-97	FAM111B
LINC01943	3.2948736976960107	1.4164131437942637e-97	LINC01943
WNT9B	-3.7907135662736215	1.4350948959772893e-97	WNT9B
FCER1G	2.533786695823484	2.2646197749484927e-97	FCER1G
NT5C1A	-4.217964690769199	2.424053372706013e-97	NT5C1A
SIAH3	-5.2176120515478654	2.5893364996020976e-97	SIAH3
CLIC5	-3.821514017819037	2.5893364996020976e-97	CLIC5
AC108463.1	2.408944161101534	3.3887660555850656e-97	AC108463.1
NLRP3P1	6.895801519892766	3.494958912068937e-97	NLRP3P1
PRELID2	2.045220648694785	3.5676838448389625e-97	PRELID2
SRGAP3	-2.466332540656677	3.7859745525743684e-97	SRGAP3
AL158847.1	-3.5803282755650527	4.2889016927722784e-97	AL158847.1
LTB4R	2.5848829693073125	7.664527315999945e-97	LTB4R
NKG7	3.485765872885295	8.085317586406143e-97	NKG7
FAM153CP	5.002240183778708	8.170047739551578e-97	FAM153CP
EPB41L5	-1.7927157045424271	8.301222291461554e-97	EPB41L5
CDK18	2.361506488724008	1.1833684856336553e-96	CDK18
MIR34AHG	3.035393293179035	1.3684680916648789e-96	MIR34AHG
CACNA2D2	-2.2087283868987084	1.6901224316956902e-96	CACNA2D2
AK3	-1.4740532255786094	3.250299071283525e-96	AK3
KCNJ1	-6.358734175120937	5.969826799470203e-96	KCNJ1
TNFRSF10B	1.488896867199369	5.977970542921585e-96	TNFRSF10B
AC008760.2	5.081397865649202	7.77656091082973e-96	AC008760.2
CLDN19	-5.764123639215736	9.820385818779401e-96	CLDN19
USP46-DT	-1.489039801518615	1.794852207005379e-95	USP46-DT
LILRB2	2.283243394638385	2.0199975216392845e-95	LILRB2
LAT2	2.1465908073845714	2.0317976525118762e-95	LAT2
AC105020.1	3.552871199884477	2.2421902110921968e-95	AC105020.1
AC005165.1	-4.0232424597363865	2.5153133875443448e-95	AC005165.1
FMNL1	2.255897583717384	2.62593945975585e-95	FMNL1
RGS19	1.7215984904491592	2.62593945975585e-95	RGS19
USP46	-1.3302691776388442	2.7102288650096333e-95	USP46
BTN3A1	1.864929533025328	2.885162969717656e-95	BTN3A1
C1QTNF6	2.3230731842164056	4.642504288621269e-95	C1QTNF6
OSCAR	2.5852605106866675	4.836819071820944e-95	OSCAR
GNLY	3.122332136777966	7.039162028155325e-95	GNLY
AC083862.1	2.1850727429024106	7.23337166768657e-95	AC083862.1
MS4A14	3.2140020366188944	8.751266003059934e-95	MS4A14
ARHGDIB	1.658067374791042	9.632411357946832e-95	ARHGDIB
HRH2	3.683402733974732	1.0768325862835998e-94	HRH2
PLA2G7	3.656868842602584	1.539311770654816e-94	PLA2G7
NUDT4	-1.8067901148577863	2.5915211967701954e-94	NUDT4
FOXCUT	-3.6325607449275097	2.7869738514573757e-94	FOXCUT
HOXD8	-1.8723865120777416	2.8951083106167666e-94	HOXD8
ELMO1	1.806887416891295	2.953422077359109e-94	ELMO1
OLFML2A	2.676597973338541	3.089549500846194e-94	OLFML2A
C1QB	2.9217346614391886	3.195830320371961e-94	C1QB
TRADD	1.443476282734486	3.5999195775028714e-94	TRADD
PSMB8	1.6420338104702277	4.0297197323595095e-94	PSMB8
AL139125.1	3.202871697964905	5.407496615508426e-94	AL139125.1
SPI1	2.362108080668564	5.985285384112143e-94	SPI1
PYGL	2.0163401219781227	8.188879343176846e-94	PYGL
PRMT6	-1.2937413954638122	8.325028574336669e-94	PRMT6
PTPN13	-1.8668143035086768	1.11638264503094e-93	PTPN13
SLC16A5	-3.0555771657822874	1.5096673511313512e-93	SLC16A5
ABAT	-3.0557085797363834	2.670742921088172e-93	ABAT
AL049838.1	-3.4912331756129724	2.9314879936726764e-93	AL049838.1
CSF3R	2.7451917962466865	3.481086717694932e-93	CSF3R
EFHD1	-2.62823519484362	6.579559567418766e-93	EFHD1
IL12RB1	2.587879358747899	7.4461213714947775e-93	IL12RB1
TUBA3D	6.502068044191698	9.006500698024495e-93	TUBA3D
L3MBTL4-AS1	2.8269997675281218	1.023208740377358e-92	L3MBTL4-AS1
LINC02568	-3.162286935026723	1.2269742067885699e-92	LINC02568
KLHL6	2.612174986440124	1.2537303579552847e-92	KLHL6
TBXAS1	1.7923711541507064	1.283650912233878e-92	TBXAS1
CAV1	2.22982037358676	1.2856007303024276e-92	CAV1
DNAJC11	-1.3432809058587722	1.7264022658169882e-92	DNAJC11
P2RY1	2.4123300919100386	2.3813745987257394e-92	P2RY1
APOBEC3G	2.329468246516647	2.7576768374420877e-92	APOBEC3G
FCGR1A	3.074404112468428	3.154004645442602e-92	FCGR1A
LDHA	1.677802323795038	3.210552484326603e-92	LDHA
RUNX3	2.6763711994706334	4.0050050269433e-92	RUNX3
LINC00944	3.883041488685712	4.311179192985739e-92	LINC00944
CLEC2D	2.613226314669781	4.575910305896547e-92	CLEC2D
LAPTM5	2.4584576563532448	4.585948546325189e-92	LAPTM5
TRPA1	3.7496424048673216	4.751426039510025e-92	TRPA1
CDC45	2.7379413786100057	5.8754678074574294e-92	CDC45
TRIM9	2.858391258482904	6.367344393960346e-92	TRIM9
LINC01378	-6.66812914059806	6.549396578042315e-92	LINC01378
PKMYT1	2.907594321618919	7.910651775516628e-92	PKMYT1
AC100860.1	-3.831040196751179	1.0482559783401867e-91	AC100860.1
VASH1	2.109745389738112	1.0501736362024338e-91	VASH1
PROX1	-4.31609938260303	1.3931865166187535e-91	PROX1
IKBIP	1.8122868021850893	1.5295190190948485e-91	IKBIP
AC009035.1	-6.7336106511396245	2.8711906613349583e-91	AC009035.1
DISC1	1.6474925483276006	2.894042203866216e-91	DISC1
AC009133.1	2.8761598184387043	2.981040747242844e-91	AC009133.1
FBXL8	1.8730338207673185	3.59896610360577e-91	FBXL8
EZH2	1.854400050772996	6.238943917133148e-91	EZH2
KLRD1	2.330271877192971	6.32656092360577e-91	KLRD1
GOLGA7B	3.862071702938708	6.623601560297953e-91	GOLGA7B
ITGA6-AS1	3.002938769478463	7.080079305797415e-91	ITGA6-AS1
PFKP	1.9305927248518333	7.262219644543091e-91	PFKP
C1orf162	2.34370995539689	8.20391942598353e-91	C1orf162
TMIGD3	2.6946492926526835	8.934692425332383e-91	TMIGD3
ETV7	2.676431514901534	9.153377221096143e-91	ETV7
HCLS1	1.9013850246963373	1.034882976288368e-90	HCLS1
SOST	-6.840630151996031	1.0388900893067014e-90	SOST
RGS1	3.0900524340063105	1.1092843653170147e-90	RGS1
C3	3.730073259575688	1.1170145466154311e-90	C3
SLC25A5-AS1	-2.1006088454976646	1.441154422584849e-90	SLC25A5-AS1
UPP2	-4.329259412566602	1.7585911140609627e-90	UPP2
ATP8B3	4.243636001514219	1.7679460621794932e-90	ATP8B3
PTPRO	-3.2675070153778414	2.3754704778018413e-90	PTPRO
AC011352.3	7.288691309777316	2.3985336609512364e-90	AC011352.3
CCNI2	-2.9134671446659284	3.4983931658256443e-90	CCNI2
KCNK13	-2.6232725869507503	4.263080205412606e-90	KCNK13
OPHN1	-1.6988667065792065	4.4812549232533865e-90	OPHN1
SH3GL3	-5.635214264834586	4.7560166647414956e-90	SH3GL3
C4orf47	2.521984607160831	5.402104988276268e-90	C4orf47
LNCTAM34A	2.312953697486537	5.4668914526478005e-90	LNCTAM34A
EMX1	-2.6550906584955998	6.878168625036149e-90	EMX1
PTP4A2P2	2.994566659830291	7.125215917586699e-90	PTP4A2P2
ABCA4	-4.687478428272239	7.4753215594942415e-90	ABCA4
FOXC1	-2.1772848613829483	8.144478387232006e-90	FOXC1
RASSF2	2.176976544596763	8.63198093852514e-90	RASSF2
LY86	2.4721560041670965	9.896478306877985e-90	LY86
APOBEC3H	2.922889429179881	1.067732674483968e-89	APOBEC3H
HRG	-7.043960645921197	1.0923876086244873e-89	HRG
TAP1	1.8290614966191847	1.12622059676372e-89	TAP1
GPSM3	1.9357599332768487	1.1738999635732598e-89	GPSM3
P4HA1	1.7040643863673823	1.1738999635732598e-89	P4HA1
SEMA6D	-2.9494126867769053	1.2843006589427092e-89	SEMA6D
BTN3A2	1.9849875543487443	1.3326880430419113e-89	BTN3A2
PDLIM1	1.6706520251132706	1.3660951453700453e-89	PDLIM1
C6orf223	3.559458532891381	2.0917093356311018e-89	C6orf223
AL359317.2	-2.74294354528099	2.696101003375283e-89	AL359317.2
CCDC88B	2.59583798297365	3.651572468047388e-89	CCDC88B
FCGR2C	3.423637782862357	3.878594520311824e-89	FCGR2C
LOX	4.072049162891834	3.894112430783805e-89	LOX
MECOM	-2.587151388224692	4.373400482439722e-89	MECOM
ISG20	2.3654199430517737	5.106755784976837e-89	ISG20
MIAT	4.421626196363759	5.838755587280889e-89	MIAT
AL021328.1	3.6903787734552345	8.495921281730333e-89	AL021328.1
LINC01738	3.853797693193059	8.89232851276409e-89	LINC01738
C1QC	2.7471268589448785	9.83032980619088e-89	C1QC
LZTS1	2.385949999006968	1.2196874769333404e-88	LZTS1
C1orf127	3.1491335513365697	1.277340927159828e-88	C1orf127
ARHGAP9	2.6013071380826336	1.3152579283444743e-88	ARHGAP9
PRF1	2.62705142184921	1.5876795463468804e-88	PRF1
ADAM18	8.246736019766189	1.5898985949079995e-88	ADAM18
FAM163A	3.209903005990198	1.9049221814732303e-88	FAM163A
AL137186.2	2.372452750219737	2.000433693168784e-88	AL137186.2
TRG-AS1	2.5975245919514403	2.0585729223865467e-88	TRG-AS1
MS4A7	2.3996701292329687	2.300150723784356e-88	MS4A7
ADGRE4P	4.12994875010902	2.9420776786891727e-88	ADGRE4P
LINC01055	-6.399993126001978	3.1199326797799545e-88	LINC01055
CPAMD8	-2.770909888609565	3.3643395757494594e-88	CPAMD8
PADI1	5.697529376080941	7.067398575253496e-88	PADI1
PPP1R18	1.6580427071198085	7.661992454545584e-88	PPP1R18
MUC3A	3.559050082538376	8.202987642990138e-88	MUC3A
CASP1	1.7273401783652436	8.223117495873657e-88	CASP1
PLCL1	-2.658840422938775	8.869600919351268e-88	PLCL1
OTOAP1	3.151841251959256	1.2421671270618045e-87	OTOAP1
PTPRN	5.216626580095618	1.2458396046241795e-87	PTPRN
CD247	2.577639308735794	1.2777308076671998e-87	CD247
FCGR1B	2.8550932270192697	1.5040833787266994e-87	FCGR1B
SH3BP2	1.6667541233106726	1.599119997748174e-87	SH3BP2
AVPR1B	3.86610561326949	1.683910363073492e-87	AVPR1B
AC007993.3	-4.140906249883758	1.7147099434952677e-87	AC007993.3
HLA-A	1.7101575538435947	1.84970791679148e-87	HLA-A
GOLGA8VP	3.169305913175296	2.2594387321349994e-87	GOLGA8VP
BTBD16	3.5624671693124883	2.461293629840851e-87	BTBD16
NPHS1	-5.939780569530574	2.9009008817577305e-87	NPHS1
PRDM16	-3.7120487026429223	3.174496635643717e-87	PRDM16
MCHR1	5.7221845662237145	3.5667609618017645e-87	MCHR1
PHKA2-AS1	2.7549695665631235	3.7557172477744223e-87	PHKA2-AS1
PAQR7	-1.571779485120278	3.791242119872966e-87	PAQR7
LILRB3	2.508166559099501	5.05883700943674e-87	LILRB3
CCL18	5.692628563388061	5.1977487035358855e-87	CCL18
ITGB2	2.384192744425881	6.822008087131254e-87	ITGB2
NFAM1	2.1072353128707464	7.054363041048093e-87	NFAM1
TMC8	2.548949593595902	1.1808917651432212e-86	TMC8
SASH3	2.426528648108698	1.5048470725374245e-86	SASH3
FAM219A	1.0660799638156089	1.5372463974888817e-86	FAM219A
ABHD17C	-2.0476275340070127	1.6291035391661467e-86	ABHD17C
HLX	2.7131906496936318	1.7070155260028733e-86	HLX
TMEM178A	-3.2739775154660617	1.7070155260028733e-86	TMEM178A
DNAJC5B	3.758824699708216	1.9522276988631927e-86	DNAJC5B
IL4R	1.4867477614280775	2.0885525171502995e-86	IL4R
TROAP	3.302075700696097	2.326493149649812e-86	TROAP
PRR15	-3.9296187058295065	2.479538346869504e-86	PRR15
OLFML2B	2.688789937338303	2.9004240735632377e-86	OLFML2B
YPEL4	2.6804838531335577	3.1890562591627293e-86	YPEL4
GZMH	2.982370747116557	3.586768889847457e-86	GZMH
AGBL4	-2.4918859825826862	3.876186679725937e-86	AGBL4
BIN2	2.016065231556675	4.5821175044843135e-86	BIN2
LINP1	3.4230958690574878	4.710693014283202e-86	LINP1
PRAM1	2.455145325148392	4.900338554002381e-86	PRAM1
ARRDC2	1.994891316910351	6.413447022132014e-86	ARRDC2
N4BP2L1	1.3501222619346502	6.659307905722275e-86	N4BP2L1
KNG1	-7.615755940742571	7.194188806107241e-86	KNG1
FASLG	3.475180006028477	7.206441095666266e-86	FASLG
OACYLP	4.254928020545985	8.518700334987642e-86	OACYLP
AC093627.7	-3.7477800012155433	8.919452068843452e-86	AC093627.7
SIGLEC9	2.3033295980067123	1.0788187798583009e-85	SIGLEC9
SCN1B	2.034327616382013	1.148662661126118e-85	SCN1B
ANXA4	1.8436226482860625	1.2365584820947372e-85	ANXA4
UHRF1	2.7629941334649137	1.339639758570763e-85	UHRF1
ACADSB	-2.0332076434571964	1.380307075757251e-85	ACADSB
FAM81A	-2.556765314904152	1.405764414262388e-85	FAM81A
TMSB10	2.132509804278327	1.636226438647234e-85	TMSB10
SIM2	-5.324251756912379	1.8443124993293682e-85	SIM2
AC010378.1	7.146312930878285	1.9121718569710608e-85	AC010378.1
RUFY4	4.966865169720891	2.5075709167168983e-85	RUFY4
AEN	1.3873488673537326	2.859597940404858e-85	AEN
FGD2	2.5126964246923147	3.142603833180016e-85	FGD2
LINC00475	4.169415221613946	3.888610736618722e-85	LINC00475
AC008105.3	3.976975545458628	6.04166128902356e-85	AC008105.3
ANXA9	-1.9146698669466555	6.415254542730621e-85	ANXA9
CRHBP	-4.088184959505304	6.917412904466828e-85	CRHBP
WSPAR	-4.703700625936323	9.300927483540536e-85	WSPAR
EPM2A	-1.336227821583622	1.195157878388637e-84	EPM2A
AC008875.3	1.8952619771682784	1.236321363621646e-84	AC008875.3
TAF5LP1	3.246838100550022	1.2860146737188951e-84	TAF5LP1
GMFG	1.845450058012944	1.4992818983368972e-84	GMFG
TBX21	2.471477269869732	2.179385468635791e-84	TBX21
ITGAL	2.565537358027452	2.292504463905189e-84	ITGAL
AC023154.1	-5.550205780474594	2.3839797160670006e-84	AC023154.1
PPP1R3G	2.131737944140395	2.62975098272792e-84	PPP1R3G
AIF1L	-3.2325676142588966	3.0383350470628453e-84	AIF1L
ALOX15B	4.292291368323506	4.453993378307225e-84	ALOX15B
SNX33	1.312243501717679	5.443668828879463e-84	SNX33
CD72	2.819095759693683	5.443668828879463e-84	CD72
CCL5	3.228813201746993	6.1351143092715595e-84	CCL5
CGREF1	3.2561814008700374	6.393236150366987e-84	CGREF1
SLC28A2	-3.691102626608322	6.491281983534724e-84	SLC28A2
SLC7A8	-3.5892765063833547	6.909859035633599e-84	SLC7A8
POT1-AS1	3.1414172683253296	7.667954650774648e-84	POT1-AS1
YBX3	1.515894666292161	7.929794683360696e-84	YBX3
TPPP2	-4.135306444212068	9.51941982729047e-84	TPPP2
FAM215A	-3.4084086410685988	9.529019796947972e-84	FAM215A
MMP25-AS1	2.366752988103963	1.0006060545922227e-83	MMP25-AS1
PLIN2	2.900561772229164	1.0117937309829725e-83	PLIN2
AC107021.2	2.825712592365377	1.0616064636649953e-83	AC107021.2
BTG2	-2.1090154282048843	1.139276976091285e-83	BTG2
AC011239.2	-3.580951186677702	1.1911735090266698e-83	AC011239.2
SUCLG1	-1.7581113414681249	1.1911735090266698e-83	SUCLG1
AC069209.2	2.944871539415057	1.196113143118399e-83	AC069209.2
LINC00443	-3.3109381974963306	1.2845595965005957e-83	LINC00443
SLA2	2.9073387000556568	1.3035687886251565e-83	SLA2
GZMA	3.120469807325281	1.5975125389977137e-83	GZMA
OTOA	2.934977700964937	2.278028764673255e-83	OTOA
AC087468.1	3.994775813067203	2.377077377989964e-83	AC087468.1
WIPF1	1.4010906637945018	2.4361207455885795e-83	WIPF1
AL590666.2	2.7881499527385016	3.113174846365989e-83	AL590666.2
LINC02521	2.804775212304833	3.1693747865242826e-83	LINC02521
PAG1	1.7177024567392112	3.2129533449220645e-83	PAG1
SNHG26	2.355726745298759	3.6259654827153e-83	SNHG26
AC122134.1	4.634307180211157	3.939840279885128e-83	AC122134.1
ZNF425	-1.230681116902032	4.25644863079288e-83	ZNF425
AC016526.1	-7.032904164660522	5.3725307531189744e-83	AC016526.1
LINC01358	3.638310465130602	6.436734937016977e-83	LINC01358
LGI4	4.591662804677126	6.616375604821868e-83	LGI4
SLC16A1	2.028244079141872	6.616375604821868e-83	SLC16A1
IRF2BPL	-1.4746436408048524	8.018161022993619e-83	IRF2BPL
TNFRSF9	4.046066566725068	8.826930276522687e-83	TNFRSF9
LINC00943	4.006777778802335	1.2516500712789724e-82	LINC00943
VAV1	2.2997244893136743	1.5227379656300212e-82	VAV1
E2F1	2.187158254479599	1.5418049243355698e-82	E2F1
DUSP5P1	4.055935350244418	1.662984600831241e-82	DUSP5P1
LST1	2.254540310807231	1.7753213825366778e-82	LST1
MYO1G	2.6415428179411604	2.5199480102309335e-82	MYO1G
AC093001.2	6.281279692700446	2.729935280795735e-82	AC093001.2
PCK2	-2.308619627612711	2.7382115780374813e-82	PCK2
SLC48A1	-1.435295016839165	3.180693214227986e-82	SLC48A1
LINC00299	3.2724803822945803	3.61489686663382e-82	LINC00299
AC073257.2	3.006087376470723	4.4101877828480106e-82	AC073257.2
HCRTR2	-5.861978371465243	4.9032332038058224e-82	HCRTR2
CORO1A	2.465579434599567	4.957339079320689e-82	CORO1A
RFX8	3.4209513651713634	5.533819884876705e-82	RFX8
DLL4	2.4221366679944927	5.545915030622786e-82	DLL4
GBP5	3.492843336280849	5.982379354188092e-82	GBP5
GAL3ST1	2.9362485926714976	6.334926993221411e-82	GAL3ST1
CASR	-5.5051160691392615	6.776372175615681e-82	CASR
SLC15A2	-3.0975406947780626	7.060996831045259e-82	SLC15A2
ERVMER34-1	-4.729702861028708	7.104022593578031e-82	ERVMER34-1
CCND1	2.2359626890821787	7.149326789265649e-82	CCND1
RAB11FIP4	-1.9622034806196813	8.098762091429295e-82	RAB11FIP4
GRAMD1A	1.3111834792165922	9.321472240153e-82	GRAMD1A
CAPN12	3.0877944346276185	9.614952869112889e-82	CAPN12
PATL2	2.8580588419765838	1.074632367889698e-81	PATL2
AC126121.3	5.8920230052284825	1.1803926619602188e-81	AC126121.3
EOMES	3.497602200755811	1.2506392490770164e-81	EOMES
XPNPEP2	-5.393443214499965	1.277441915371232e-81	XPNPEP2
KIF18B	3.244154320500529	1.342712159875258e-81	KIF18B
BARX2	2.634690992172813	1.408713697424305e-81	BARX2
EYA4	-3.47666719617414	1.8130261630955566e-81	EYA4
ZNF503	-1.9021513881930487	1.8130261630955566e-81	ZNF503
PTPN4	-1.282393478167508	2.2611743587621007e-81	PTPN4
ASS1	-2.729139534597816	4.0421090709901107e-81	ASS1
GP2	-6.884523504238928	4.1249850465113294e-81	GP2
KCNE1B	-5.224782469711883	5.612933980292304e-81	KCNE1B
CHP2	-5.295954045827235	5.632207149401436e-81	CHP2
EVL	1.6816417678156832	5.772377078850983e-81	EVL
CP	4.566732128286697	5.813941745678546e-81	CP
AP005233.2	7.172091059106022	6.79346006281344e-81	AP005233.2
KCNN1	4.2990976200154645	7.311568229858632e-81	KCNN1
ALAD	-1.2907870998543032	7.394480878024093e-81	ALAD
ZAP70	2.9140566643593706	7.428489486058402e-81	ZAP70
ANK3-DT	-3.574287572136021	1.0187203653317204e-80	ANK3-DT
RFC2	1.1017144753150117	1.2284100647131072e-80	RFC2
HLA-F-AS1	1.932296630356054	1.5272536253489143e-80	HLA-F-AS1
MIR155HG	3.532763977233539	1.571662625418292e-80	MIR155HG
HK3	2.589684315003428	1.7246240060749663e-80	HK3
PSMB8-AS1	1.548228000051779	2.228695782260018e-80	PSMB8-AS1
BTK	2.1814935216254394	2.2536192279692526e-80	BTK
CTSW	3.0247865477028983	2.4146806304115427e-80	CTSW
C10orf99	7.226847433847111	2.429134903156456e-80	C10orf99
RNF150	-3.12463052876154	2.640611610276812e-80	RNF150
FKBP10	2.796625618481202	3.5631625457710326e-80	FKBP10
RASL11B	-4.313903029212129	3.9075078916738195e-80	RASL11B
CCDC181	-3.0825302861769446	4.129186790555858e-80	CCDC181
AC011352.1	7.486378247124274	5.004869745098635e-80	AC011352.1
DEPP1	2.256497733645876	5.2408690809723476e-80	DEPP1
CARD16	1.932161479524798	5.328068242853376e-80	CARD16
AC005264.1	3.956708089892789	5.329169357077067e-80	AC005264.1
AREL1	-1.1978872699030605	5.937844019060091e-80	AREL1
PNP	-1.4586574344311245	6.0881139288018816e-80	PNP
LINC02236	3.1510482494335927	6.923065932099728e-80	LINC02236
AC008264.2	-2.8643532910257345	7.880298815992654e-80	AC008264.2
TNFAIP8L2	2.272138378281894	8.175561896690566e-80	TNFAIP8L2
CST7	3.114902377455395	1.072565212752073e-79	CST7
LINC01555	-4.873020908928565	1.3507249486118967e-79	LINC01555
CSPG4BP	-2.617486563606141	1.3968193058483692e-79	CSPG4BP
TMEM52B	-5.061289230390383	1.4231245546667327e-79	TMEM52B
LINC01618	-4.7936602260071615	1.5333159974978806e-79	LINC01618
APOBEC3C	2.113745404311766	1.5342175552941432e-79	APOBEC3C
FERMT3	2.090683063958019	1.581392597908079e-79	FERMT3
AC135048.4	3.649465110798816	2.0545819960509003e-79	AC135048.4
GBP2	1.973322496700572	2.081872019143178e-79	GBP2
MCAM	2.06269819490506	2.759565019305234e-79	MCAM
TMCC1-AS1	1.8487924173217023	6.92993590187569e-79	TMCC1-AS1
INPP5D	1.6854473074596834	7.712278124516684e-79	INPP5D
AC027309.1	-4.187947935621553	1.0594621381511472e-78	AC027309.1
Z98259.3	-6.251141048053951	1.1670517628830215e-78	Z98259.3
AC073115.1	5.5736737710925945	1.2022247981808294e-78	AC073115.1
MRO	-2.996400146889077	1.3481076764678276e-78	MRO
PPP2R2B	-2.29045501987666	1.3485501914984695e-78	PPP2R2B
LINC01543	-6.3778087408746	1.646656859437525e-78	LINC01543
ARL11	1.9346087618890089	1.8997861950363664e-78	ARL11
AC104667.1	-2.801077705211321	2.0635585361346757e-78	AC104667.1
IFFO1	1.7747460493249658	2.308106549170172e-78	IFFO1
AICDA	4.536153725003913	2.342073985115792e-78	AICDA
CXCR2P1	4.541371334753168	2.5244532868860347e-78	CXCR2P1
C1QA	2.606974684223583	2.592887123271364e-78	C1QA
CD8A	3.5853135220455083	3.9989349661348677e-78	CD8A
GAB3	1.6101278680665454	4.1331021308962333e-78	GAB3
FGD5-AS1	-1.126630063057093	4.23788795635638e-78	FGD5-AS1
AC018553.1	2.635912339096873	4.497401016440777e-78	AC018553.1
PAFAH2	-1.066783155165595	4.720251307063837e-78	PAFAH2
AC091390.1	3.1142484555988523	4.810747301380911e-78	AC091390.1
HLA-G	3.891253239948863	4.864022458361404e-78	HLA-G
TRIB3	3.132689463293175	5.039834213409017e-78	TRIB3
AC108704.2	3.090101753287396	5.86387410518749e-78	AC108704.2
MYBL2	3.424117008477247	6.52338385611079e-78	MYBL2
C6orf52	-1.7783604872230023	7.172095159680665e-78	C6orf52
AL109653.3	9.280331828866512	7.486248092551114e-78	AL109653.3
PSTPIP1	2.7896130838285	7.784039696362275e-78	PSTPIP1
AL033527.3	4.082120592763348	9.032221974938803e-78	AL033527.3
STRA8	3.519566414784864	1.1442053804420772e-77	STRA8
MS4A4E	3.260042569143932	1.221923949109029e-77	MS4A4E
AC021491.4	-3.1444308205999723	1.4142075559177783e-77	AC021491.4
THEMIS2	2.054119919196083	1.994347792782585e-77	THEMIS2
AC016526.3	-3.801796011536029	2.205856103105939e-77	AC016526.3
TAF1D	1.4645323931830736	2.2874723440759653e-77	TAF1D
MCM10	2.507934013275697	2.407891722462093e-77	MCM10
VWA8-AS1	-2.506471937495993	2.5070133583338726e-77	VWA8-AS1
LINC00487	3.964783581800572	2.5144573921064527e-77	LINC00487
PHYKPL	1.6226801798802737	2.6547726909641428e-77	PHYKPL
CASZ1	-2.0215547852946214	2.9323531184893888e-77	CASZ1
DEF6	2.2768812592290737	3.055298044932749e-77	DEF6
AC108463.3	3.6586037222313377	3.4313295172886096e-77	AC108463.3
CDH8	3.46446831164021	3.4918014796983314e-77	CDH8
PNMA2	2.790356698144257	3.7980472117060125e-77	PNMA2
DCXR-DT	-4.036333020599901	3.858124676096732e-77	DCXR-DT
PYHIN1	2.9704445558023544	4.335624549033487e-77	PYHIN1
RN7SL138P	2.3031971039182704	4.650399925765711e-77	RN7SL138P
RASSF8	-1.529918315352254	5.322286170087439e-77	RASSF8
HCK	2.034884861155473	5.3358970844154654e-77	HCK
FAM167A	-3.544083889807728	6.2762188406425664e-77	FAM167A
AC025580.3	3.9970382347623055	6.646321847142617e-77	AC025580.3
FLRT1	-4.064017794805123	7.238426175083234e-77	FLRT1
AP001094.2	2.7719806968799623	8.945547376949908e-77	AP001094.2
AL136040.1	-1.4957896030661126	9.387102575261624e-77	AL136040.1
EPGN	-3.920762547578668	9.890883368313079e-77	EPGN
SELPLG	2.048266671223367	1.1107004342126644e-76	SELPLG
ARHGAP24	-1.7271449106593957	1.4597778257377944e-76	ARHGAP24
DNMBP	-1.1454712694515028	1.6237020948335818e-76	DNMBP
CLEC2B	2.322269965359804	1.6639165230429247e-76	CLEC2B
PPDPFL	8.037563539823703	1.7127574198376168e-76	PPDPFL
CYP27B1	-3.645747295451681	1.8566014959939545e-76	CYP27B1
JAK3	2.4433485010375198	1.883724626298822e-76	JAK3
RHEBL1	1.9129264366568208	1.929193381237013e-76	RHEBL1
MYOZ2	-3.1345517232777373	2.143978774140605e-76	MYOZ2
SLC5A7	-4.371937786509579	2.1970879568313318e-76	SLC5A7
EHF	-5.191193674979915	2.4715113284573767e-76	EHF
NKAIN1	4.027933023126102	2.5730496125244507e-76	NKAIN1
AC104530.1	2.896084976768119	2.9834239530660116e-76	AC104530.1
CROT	-1.2718756213204476	3.323784800357718e-76	CROT
ZNF683	3.394060935677341	3.436620759432951e-76	ZNF683
AFAP1L2	-1.865063819141896	3.762972349095856e-76	AFAP1L2
SPHK2	-1.2839417267826518	3.815322430993578e-76	SPHK2
CHSY3	2.227116065729275	3.892265718287146e-76	CHSY3
TNFSF14	3.803651185410058	5.0340473909082344e-76	TNFSF14
AL731533.2	2.188903653788376	5.035984949791933e-76	AL731533.2
PARD3B	-1.4387623338671736	5.152727956077726e-76	PARD3B
SLC1A3	2.7077639118466985	5.4782990395053007e-76	SLC1A3
ZFHX2	-1.73637927922081	5.87300305223377e-76	ZFHX2
ALB	-5.091363202435613	5.99033986586562e-76	ALB
GGTA1	1.9228216491535943	6.079967000585664e-76	GGTA1
CD84	2.771014280482317	7.32370797440558e-76	CD84
WAS	2.1799896577732447	7.614947851565128e-76	WAS
GACAT2	4.7904318230356	8.263974308000698e-76	GACAT2
AURKB	3.040070231985657	8.484682065388433e-76	AURKB
MYO9B	1.1901302711011637	8.49547520042139e-76	MYO9B
CD2	3.008450816919307	8.616511549501086e-76	CD2
PITRM1-AS1	2.201030608932662	8.753727396773485e-76	PITRM1-AS1
SLC25A33	-1.7390234520401209	8.870111227729734e-76	SLC25A33
MXD3	2.638200986577378	9.09813595760884e-76	MXD3
CAPN11	3.3503796654537994	9.28968831788375e-76	CAPN11
CRACR2A	2.148803485406972	9.80559386407943e-76	CRACR2A
LINC01428	3.8059556119629976	1.0452779332771055e-75	LINC01428
IRX1	-4.555354396158985	1.0489471595066563e-75	IRX1
MMP2-AS1	4.820111580185926	1.3198527330830394e-75	MMP2-AS1
DIRAS2	2.9833589231441646	1.492471430287511e-75	DIRAS2
AL162724.2	3.107663467728625	1.6712209843657476e-75	AL162724.2
TMEM45A	3.4902586888981357	1.737970872965403e-75	TMEM45A
ERICH4	-3.621402592233428	2.056977105946446e-75	ERICH4
APBB1IP	2.419139772113501	2.162630729624357e-75	APBB1IP
CXCL10	3.3682717433713973	2.5557487675751553e-75	CXCL10
PDHB	-1.2032354093348854	2.6160337234641953e-75	PDHB
CCR5	2.882873738895891	2.7688519875063623e-75	CCR5
IFI16	1.609650264358053	2.7865016429494027e-75	IFI16
BATF	3.0237165054779465	2.994059512118944e-75	BATF
APLN	2.45442295330439	3.1010323201127867e-75	APLN
DCLK3	3.3027837227907435	3.1430129396591103e-75	DCLK3
CD37	2.1304397572746767	3.438805948351062e-75	CD37
KIF21B	2.1285670717278538	3.5923425713345474e-75	KIF21B
CXCL9	3.576805723553085	3.7149757088170093e-75	CXCL9
C20orf197	2.626324641410348	4.754228115452716e-75	C20orf197
FTH1P22	3.903646089636196	5.527332438581742e-75	FTH1P22
S1PR5	2.397190291989863	5.901747345966942e-75	S1PR5
AC145098.1	2.5082700007698917	6.190535549446783e-75	AC145098.1
AC040160.1	2.1392444187692434	6.688365616513572e-75	AC040160.1
AC156455.1	3.077773605949174	7.261172938381372e-75	AC156455.1
DGKZ	1.279806839577607	8.313075259237238e-75	DGKZ
PRR33	3.68249431916977	8.538280686420524e-75	PRR33
HCG27	2.9290781433277204	1.023790067949788e-74	HCG27
TREML1	2.9475215076260364	1.224905374932895e-74	TREML1
AC068631.1	-4.275049255116675	1.577607617463019e-74	AC068631.1
STX4	1.1721727570899587	1.6020561166933946e-74	STX4
AC092078.1	-6.02841860541533	1.60908834995433e-74	AC092078.1
DPP9	1.4368939062102626	1.6277019075718533e-74	DPP9
MTCL1	2.242434645120697	1.88956437855254e-74	MTCL1
BAX	1.2358348173931872	1.999103053974274e-74	BAX
TYRO3	-2.250525537047364	2.441488052493908e-74	TYRO3
AC025265.1	3.954874591552403	3.183545714250296e-74	AC025265.1
HSPB8	2.16423128003772	3.517937571580673e-74	HSPB8
MS4A6A	2.2326809195000705	3.62831370325699e-74	MS4A6A
SPARC	1.8210158377197891	3.864886811495321e-74	SPARC
KCNE3	2.08320914446924	4.381325929313972e-74	KCNE3
NBPF8	2.165740709622005	4.381325929313972e-74	NBPF8
HLA-J	2.798335878804203	6.178035702480441e-74	HLA-J
KLHL13	-2.1813347543973545	6.350072483283384e-74	KLHL13
EFNA3	2.4484437167541264	7.304015961470028e-74	EFNA3
TCF24	-5.096216067282933	7.358771138165487e-74	TCF24
PLEKHG2	1.7490367635879744	8.2308228411673e-74	PLEKHG2
TBC1D10C	2.5491019444554253	9.298532492884625e-74	TBC1D10C
NME8	2.797275416397255	9.74218555206037e-74	NME8
SFXN3	1.2169492590238662	1.02454070839713e-73	SFXN3
LMO3	-3.368967270157145	1.1848065327381731e-73	LMO3
AC023024.2	3.2134504820985947	1.2728142217223516e-73	AC023024.2
PRSS53	3.468806512296485	1.3614668471026806e-73	PRSS53
LINC00528	2.29683826496179	1.3912378673333422e-73	LINC00528
CHRNA1	5.336548407133096	1.531261904882593e-73	CHRNA1
EHBP1L1	1.4365107138145017	1.7122470574564208e-73	EHBP1L1
CLEC7A	2.328180557951289	2.196746708839354e-73	CLEC7A
BMP1	1.8662463509409333	2.210981930991889e-73	BMP1
KCNK10	-3.3575616174833587	2.218212188652968e-73	KCNK10
BISPR	1.7444422803184036	2.2484327398606305e-73	BISPR
AC124017.1	-6.658662330328112	2.456567059067543e-73	AC124017.1
TRPV5	-5.146371873499067	2.5431285599417875e-73	TRPV5
STK10	1.1841671089850192	2.755505366908885e-73	STK10
CASP4	1.2490884258948292	3.031038085931141e-73	CASP4
LINC02762	2.5277276684708165	3.4011665661031204e-73	LINC02762
NCKAP1L	2.30171089525781	3.680248837078365e-73	NCKAP1L
AL354863.1	-5.360220027432573	3.8860665670101175e-73	AL354863.1
LINC01235	3.72169989761213	4.093397870683791e-73	LINC01235
MICE	2.629934658794935	4.553411045199913e-73	MICE
KIF14	2.724009115220132	5.903484833067137e-73	KIF14
C19orf67	5.154170293198602	6.389369323178839e-73	C19orf67
C1orf226	-2.7689311729993773	7.098406931485359e-73	C1orf226
SLCO1C1	2.504046722652322	8.692859419351999e-73	SLCO1C1
GMIP	1.6046681071755984	9.397879294617777e-73	GMIP
TCAF2	1.6615590364712591	1.0273846360526067e-72	TCAF2
SLC5A2	-4.636364817945147	1.1277422263571473e-72	SLC5A2
ACKR3	2.2821198027999507	1.2511761921499986e-72	ACKR3
SLFN12L	3.2343972116389805	1.434150626778822e-72	SLFN12L
AL109809.4	2.723927364261437	1.7971114436557593e-72	AL109809.4
AL117335.1	2.7657296501585096	2.1057927689387665e-72	AL117335.1
SIRPB2	2.120484361117838	2.1166923118188289e-72	SIRPB2
UNC13D	2.1788202704473134	2.3455628936594995e-72	UNC13D
ITPRIPL1	1.7812990713313157	2.9036599348822266e-72	ITPRIPL1
DLX1	3.1912659826625998	2.9412422893422683e-72	DLX1
CDT1	2.2980457913555794	3.064776559288689e-72	CDT1
COL4A6	-4.395032459832495	3.0806093991809065e-72	COL4A6
AQP2	-9.02503190388412	3.4925496130792295e-72	AQP2
NEK6	1.960812825147028	4.0961087692165113e-72	NEK6
RAB37	1.8922926364172177	4.169801498824576e-72	RAB37
ARHGAP30	2.017320031056101	4.90008669294614e-72	ARHGAP30
CLEC12A	2.7864728366362224	5.177629208175549e-72	CLEC12A
LOH12CR2	-1.4087334479112616	5.266994684589975e-72	LOH12CR2
AC079310.1	-8.5135811374117	5.565943871531642e-72	AC079310.1
SLC17A9	3.3498111937996464	5.645613355092707e-72	SLC17A9
FCRL6	2.5030478104145835	5.851752381599767e-72	FCRL6
PTP4A3	1.8901548976878528	8.780200593617803e-72	PTP4A3
LIN52	-1.1228170284040997	9.182357874983176e-72	LIN52
CD244	2.296202303064293	9.77910469837404e-72	CD244
IFNGR2	1.1088278435434258	9.888626826624218e-72	IFNGR2
IL10RA	2.225687211927082	1.0019017343603414e-71	IL10RA
IGLON5	6.180009125053132	1.1849313072079841e-71	IGLON5
LINC00861	2.9427970475496745	1.1982894243930869e-71	LINC00861
AC012593.2	3.19071454503005	1.4468117248476433e-71	AC012593.2
PRKAR1B-AS1	2.3944940295735924	1.5243121353022505e-71	PRKAR1B-AS1
TEX15	5.762448971279586	1.53482384281305e-71	TEX15
AC090197.1	2.056639135884384	1.5531518957188337e-71	AC090197.1
MRPL33	-1.082720128162768	1.5788609795551673e-71	MRPL33
ARRDC5	3.801997854722814	1.7211882076057897e-71	ARRDC5
BCL9	-1.0499960129534112	1.913827028539327e-71	BCL9
IL16	1.8546237133426815	1.9165117406149973e-71	IL16
INTS6L	1.7579871142037955	2.0568075212295404e-71	INTS6L
RAB7B	2.057840412873854	2.162629267709771e-71	RAB7B
TRPM6	-3.0066047021905224	2.2583329699685733e-71	TRPM6
ZHX3	-1.300533406972137	2.285862610506607e-71	ZHX3
AC093849.4	4.014551564899408	2.4224563652103055e-71	AC093849.4
TMEM140	1.3821552137480335	2.4501256843599707e-71	TMEM140
MSC	3.1919252169429506	2.996736534375848e-71	MSC
SREBF2	-1.253267952968796	3.0007158912924947e-71	SREBF2
EPCAM	-2.876792537798545	3.0944312085755933e-71	EPCAM
NOS1AP	-2.7614728608564	3.128250908238228e-71	NOS1AP
ACSL4	-1.5258467888126306	3.3308461063716998e-71	ACSL4
AVPR2	-3.4225849693620125	3.646790336762003e-71	AVPR2
AL683807.1	4.506294779317135	3.655102430997913e-71	AL683807.1
C11orf21	2.654665704442096	3.761962162130625e-71	C11orf21
AP003065.1	2.9740199644287304	3.863879830833672e-71	AP003065.1
FCGR1CP	2.929442455915203	4.152893352238597e-71	FCGR1CP
GNRH1	2.8221724235924293	4.418149847682231e-71	GNRH1
EBF2	2.744712008715281	4.95981484815835e-71	EBF2
IL21R	2.622274631121787	5.1240169359074176e-71	IL21R
HLA-DPB1	2.0600460902535165	5.211402647402731e-71	HLA-DPB1
POLR3B	-1.235351504178313	5.660275097437594e-71	POLR3B
FAM245A	-5.18521235833777	5.868609203684211e-71	FAM245A
CRTAM	3.0288980770202056	6.498001238903413e-71	CRTAM
CCDC186	-1.3087518981833135	6.514232334942793e-71	CCDC186
SCGN	4.665567059427549	6.865558394911326e-71	SCGN
ITGA5	1.977892187255169	7.099747513239733e-71	ITGA5
PLOD3	1.3874715696041946	7.594708076390655e-71	PLOD3
HJURP	2.897369322560909	9.257090868777564e-71	HJURP
CXCL11	3.478844031289994	9.969713134937494e-71	CXCL11
PPFIA4	3.148265525887598	1.0403885065592491e-70	PPFIA4
AC006033.2	2.272826804129481	1.0820273428197036e-70	AC006033.2
STAT4	1.8679107897218497	1.1327720762427903e-70	STAT4
E2F2	2.371669524801116	1.2292369918664758e-70	E2F2
ASF1B	2.156309489585337	1.763260771853734e-70	ASF1B
IYD	-4.284143758092129	1.7770158925430875e-70	IYD
CHST11	1.78005932152656	1.8082291626933958e-70	CHST11
PTH1R	-3.2593416821859447	1.8357006998074663e-70	PTH1R
DLGAP5	2.7180603923373363	1.9583979120721207e-70	DLGAP5
MTMR10	-1.1454749416493115	2.0091264888088543e-70	MTMR10
DEPTOR	-1.558311679635884	2.0589784795030845e-70	DEPTOR
SORD	-2.1569859725430605	2.14138489713988e-70	SORD
PEPD	-1.882017108889896	2.177504906527761e-70	PEPD
CCNA2	2.209442780344628	2.9959392995774235e-70	CCNA2
PGGHG	3.5594851627203714	3.421476304852143e-70	PGGHG
LILRA6	2.44503780547212	4.079096002007909e-70	LILRA6
RALGDS	1.8145489604099492	4.436426474721117e-70	RALGDS
HPCAL1	1.83871090699602	4.7246610827848767e-70	HPCAL1
PARP15	2.8894677001717337	5.389130556019745e-70	PARP15
LINC02685	6.150141828742739	6.03164710933172e-70	LINC02685
EDDM3A	-5.09836385843925	7.354436033915405e-70	EDDM3A
HAPLN3	2.395565994156787	7.952571968795323e-70	HAPLN3
RIN3	1.4144129407101331	8.820011603582648e-70	RIN3
AJM1	2.006504903277125	8.971424613824758e-70	AJM1
NIPAL1	-3.264906553490204	1.0481294761691084e-69	NIPAL1
CXCR3	3.17451691310951	1.0628299514913486e-69	CXCR3
NEIL3	3.092037640500497	1.1276123597207836e-69	NEIL3
GDF6	3.50310420644222	1.1739487894149803e-69	GDF6
LSP1	2.2399906681032102	1.3131935887262218e-69	LSP1
ICOS	3.3450839756415665	1.3785590722635876e-69	ICOS
MPP7	-2.817961195633192	1.851036049464032e-69	MPP7
CTH	-1.8775691649272992	1.987653484271245e-69	CTH
ZNF37CP	3.874593842466513	2.0903966274558919e-69	ZNF37CP
CYTH4	1.9541210227543595	2.2526930190335215e-69	CYTH4
ACAD8	-1.1050346159671185	2.410306428215948e-69	ACAD8
LINC02526	4.960905227660365	2.41739731591106e-69	LINC02526
CEP55	2.6028237930050526	2.503450396816391e-69	CEP55
BBC3	1.696797614105827	2.531232075195765e-69	BBC3
CCL4	2.641511464909154	2.6155732717933345e-69	CCL4
NDC80	2.0435475246639947	2.6953962545433757e-69	NDC80
UMOD	-8.481159624642238	2.965445219973095e-69	UMOD
AC079015.1	3.307008638950508	2.9681396152766617e-69	AC079015.1
AP003469.2	3.3493675759592425	3.05318214785846e-69	AP003469.2
MMP25	2.080497860046891	3.3300548066032597e-69	MMP25
MAP6	-2.4083582146966123	3.4755644336679e-69	MAP6
PCGF1	1.0312823445936066	3.6911705300907426e-69	PCGF1
CXCR6	2.6897992434221085	3.7618665899652736e-69	CXCR6
AC091152.4	-1.9764237570648235	4.351142140790896e-69	AC091152.4
RNF166	1.3388649646917667	4.937800627115252e-69	RNF166
SNX20	2.441091280773043	5.021760684103126e-69	SNX20
PLEKHN1	2.468273023269719	5.502006078717028e-69	PLEKHN1
PLS3-AS1	-2.7553641838002	5.792080835065107e-69	PLS3-AS1
SPINK13	5.004753290885166	5.792080835065107e-69	SPINK13
CENPU	1.8427154114837672	6.829867075474598e-69	CENPU
MOB3A	1.0875935589507104	6.861948328077577e-69	MOB3A
ATG16L2	2.337496123085597	7.664533529381826e-69	ATG16L2
SAMD3	2.280718041528058	8.171128370322922e-69	SAMD3
LPAR5	2.151264678065422	8.59777071042683e-69	LPAR5
AC073174.1	-6.78643486928102	9.17785624729166e-69	AC073174.1
ZMYND15	1.723752269177399	1.0494668218263892e-68	ZMYND15
TCAIM	-1.0714773820299262	1.1585989355833091e-68	TCAIM
LGALS17A	4.884055098602751	1.253371777728793e-68	LGALS17A
NAV2	-1.5578618209873702	1.517143485543588e-68	NAV2
AC004847.1	3.0134858745312982	1.6347054946684583e-68	AC004847.1
DTL	2.129774139320406	1.7233959717123627e-68	DTL
PPM1K	-1.5318706139926874	1.731202981915197e-68	PPM1K
AMZ1	3.784795960602097	2.1466351532095188e-68	AMZ1
LINC02778	-5.743718584565415	2.363740207750527e-68	LINC02778
RNU6-339P	3.778227192146819	2.4926188894627646e-68	RNU6-339P
QRFPR	2.9723260891411667	2.570402438479394e-68	QRFPR
DTX2	1.3349281108596385	3.3142488389484917e-68	DTX2
SQOR	1.323516235561096	3.348442927175193e-68	SQOR
Z98751.2	4.221890205847151	3.400712484043773e-68	Z98751.2
CAMKK1	1.4561231065039215	4.036125249878835e-68	CAMKK1
PLXND1	1.5992906862558514	4.130792218717519e-68	PLXND1
ADAMDEC1	4.274686994315635	4.5004897404739376e-68	ADAMDEC1
DDX12P	2.7983093181209844	4.645368065913566e-68	DDX12P
LZTS3	-2.3068029963226837	4.6871298683503404e-68	LZTS3
FCHO1	2.6410012956519	5.180018143723345e-68	FCHO1
EBI3	2.302690573417425	6.8664747706449016e-68	EBI3
KCCAT198	3.2379410979564422	7.360600500456057e-68	KCCAT198
ANO4	3.67906480368076	7.360600500456057e-68	ANO4
NCF4	2.035463671998136	8.020919014535124e-68	NCF4
AC091965.1	-2.432374140535494	8.04464121145785e-68	AC091965.1
CD6	2.371166256178871	8.195448436636246e-68	CD6
SORT1	-1.5341537240443182	8.87670770757359e-68	SORT1
RASGRP4	1.7284963013456414	9.868480370876815e-68	RASGRP4
CAVIN3	2.32490795971259	1.0977722155291034e-67	CAVIN3
MATK	2.256737658114449	1.1542829996646096e-67	MATK
AC018553.2	2.5079088876201867	1.1588561779043381e-67	AC018553.2
HMOX1	2.3282629509173765	1.210798688646258e-67	HMOX1
SLC47A2	-3.930152742190161	1.3644425049275612e-67	SLC47A2
OR10AB1P	-3.627620377552754	1.4363719461201491e-67	OR10AB1P
NAALADL2	-1.9116762400172835	1.4776958362318196e-67	NAALADL2
GINS2	1.9070743174786955	1.5378788605147635e-67	GINS2
LOXL2	2.700231458106701	1.6170815827579432e-67	LOXL2
REEP6	-2.9716994187643624	1.669519558940066e-67	REEP6
TTYH3	1.930075106897941	1.6695787918430298e-67	TTYH3
DAG1	-1.1533937242835466	1.898086125389608e-67	DAG1
PAPPA	-3.1378224752835733	1.9285289476077384e-67	PAPPA
SIRPG	3.377570607222557	1.9312821817988453e-67	SIRPG
AP004247.2	3.922539345899653	2.0932112229319727e-67	AP004247.2
AC004585.1	3.353005817978482	2.1464947230469494e-67	AC004585.1
TAFA4	-4.402877545569579	2.2079675671833283e-67	TAFA4
ACTG1P25	-2.8508616561323383	2.3468728984558588e-67	ACTG1P25
TGFBR3	-1.630171333694579	2.474322636491902e-67	TGFBR3
ABCC3	2.3098050893894424	2.54556664597142e-67	ABCC3
OR2I1P	3.645878470786573	2.8891855684618244e-67	OR2I1P
SRSF3P1	-1.955744228838965	2.897408477817686e-67	SRSF3P1
ABCB6	2.558392983072036	2.950998374505922e-67	ABCB6
IFI30	3.822283008154149	3.562774673064559e-67	IFI30
RASA3	1.3952084855153577	3.584659510506038e-67	RASA3
LINC02149	-5.1284024078652255	3.807851705950939e-67	LINC02149
RGS5	2.5872935375399493	3.968460458635978e-67	RGS5
SERPINA5	-4.876268044178909	4.241027493374232e-67	SERPINA5
DTX1	-2.449286704837631	4.27505784340098e-67	DTX1
AL109615.4	3.0618005894032745	4.5028613513871754e-67	AL109615.4
H1-0	-1.9030973400854372	5.322171331200288e-67	H1-0
AC008555.2	2.517849530000578	6.346608821327153e-67	AC008555.2
PLCB2	2.139648982323983	6.452753788779081e-67	PLCB2
SLC22A8	-6.145553315674752	6.66073239805112e-67	SLC22A8
HAPLN1	3.539261551926879	6.890701848574054e-67	HAPLN1
CHFR	1.1187958022740987	6.906932609690238e-67	CHFR
IFNG	4.471970647660838	7.338507446568501e-67	IFNG
CD300C	2.2854789241853277	7.514309092254968e-67	CD300C
LMBR1L	1.3941252230365306	8.354472240277274e-67	LMBR1L
PCSK6	3.0142543563125037	8.981731808287511e-67	PCSK6
PELATON	2.603291199223346	9.680261541416758e-67	PELATON
AL022069.1	-2.590202184517065	1.2185954028451585e-66	AL022069.1
AC006064.3	2.683093523832252	1.2224885752968736e-66	AC006064.3
HPCA	2.8174966817999696	1.2280918467278765e-66	HPCA
CD33	1.9382358755674107	1.3511285385400592e-66	CD33
AGXT	-3.6362424143727297	1.3815576590416986e-66	AGXT
AC004921.1	2.3257164264846857	1.495022788983677e-66	AC004921.1
AC084880.3	3.577751689090668	1.7815271292570877e-66	AC084880.3
LINC02381	-2.193665091716072	1.8426962972563624e-66	LINC02381
AC079385.2	-2.416052243168382	2.0679962102558103e-66	AC079385.2
GZMB	2.5625067985745016	2.0682897574602757e-66	GZMB
C10orf55	-2.581383772227758	2.2794853901466043e-66	C10orf55
LINC02041	3.499203002340184	2.4231783334823025e-66	LINC02041
SLFN11	1.685251912680946	2.6121004108231924e-66	SLFN11
AC010896.1	-1.9972110187821337	2.87186872979112e-66	AC010896.1
MIR210	3.870978662472488	3.8088861305824156e-66	MIR210
NCF1	2.3021118287797204	4.3255350327046454e-66	NCF1
LINC02038	-3.4023679793325186	4.934424777399923e-66	LINC02038
LGALS1	2.15334876139414	5.074773048245992e-66	LGALS1
APOBEC3F	1.265644470676491	5.175746574629769e-66	APOBEC3F
MAP4K1	2.3943650025155336	5.670374677024728e-66	MAP4K1
AC012123.1	-3.892734110458477	5.68503040188434e-66	AC012123.1
UBASH3A	2.791630736232369	6.60541899575621e-66	UBASH3A
DNM1P47	2.7364812307188195	7.038162410333933e-66	DNM1P47
GPR4	1.9353001198019937	7.389543807886951e-66	GPR4
LHFPL2	2.0030274900162315	7.691963499847365e-66	LHFPL2
SIGLEC1	2.542276680657547	8.706803837069018e-66	SIGLEC1
MPP5	-1.362143087547114	9.003673070702177e-66	MPP5
AP003717.1	4.979359922413845	9.278654737415036e-66	AP003717.1
OR51E1	2.489073117603121	1.0218070705113177e-65	OR51E1
CDH4	4.066225790433416	1.0322904693814038e-65	CDH4
AC068299.2	4.334354397125471	1.0375352870869528e-65	AC068299.2
CD200	1.665127184314945	1.1313529141736045e-65	CD200
PRDX4	1.4186738925815798	1.146311319539601e-65	PRDX4
CD8B	3.359221282760979	1.4563711626595277e-65	CD8B
IFNAR2	1.4982631137865934	1.4768219994556406e-65	IFNAR2
TPX2	2.5065291602906634	1.4768219994556406e-65	TPX2
LASTR	2.1691475070772444	1.5412020668865845e-65	LASTR
C2orf15	-1.7994643913405095	1.5647510773696818e-65	C2orf15
PREX1	1.3631472982218196	1.7649529220623241e-65	PREX1
NLRC4	1.7633167301872394	1.938429250603935e-65	NLRC4
TP73	2.927959650178585	1.960182083761937e-65	TP73
LINC00158	4.4257517629587335	2.0266204318945477e-65	LINC00158
AC005831.1	2.1135128639990457	2.064396285694117e-65	AC005831.1
ZFAS1	1.8854132313825815	2.2437991451841345e-65	ZFAS1
CALHM6	3.357476472500394	2.259841060864708e-65	CALHM6
PGGT1BP1	-2.6295711140465032	2.379371917504936e-65	PGGT1BP1
AC079385.3	-2.454568994241109	2.457567458996355e-65	AC079385.3
LAG3	3.5616791054873533	2.624744510941298e-65	LAG3
ADK	-1.1669247064953256	2.7081970575382813e-65	ADK
TNFSF13B	2.501643343279336	2.7302597151232346e-65	TNFSF13B
CSNK1E	1.2989756196136222	2.920669010756181e-65	CSNK1E
HPD	-4.836422567404202	2.994372490789916e-65	HPD
BPHL	-1.5692722899484155	3.122344348939141e-65	BPHL
AL109809.1	3.2237750911449954	3.1494925836073645e-65	AL109809.1
RIMKLA	2.3532516312798437	3.3987869774415803e-65	RIMKLA
FFAR4	2.7694580865426133	3.4007852033206885e-65	FFAR4
SH2D2A	2.7383960911034744	3.4521384272915127e-65	SH2D2A
HOMER1	-2.20822477548409	3.685238382473825e-65	HOMER1
DEGS2	-2.9898026634061674	4.006511469927267e-65	DEGS2
DIO1	-4.800413781722049	4.05414326563839e-65	DIO1
SIRPB1	2.940807673056894	4.073855073830735e-65	SIRPB1
RNU6-796P	3.836573712081173	4.605662190953972e-65	RNU6-796P
SLC14A1	-2.985557410938909	5.036065589732493e-65	SLC14A1
PLEKHO1	1.7863018210441175	5.902701616187631e-65	PLEKHO1
AC005682.1	2.578674069902305	6.743608308285761e-65	AC005682.1
GUCA2B	5.773754516101456	7.492320822389917e-65	GUCA2B
LDLRAD3	1.4735477314107126	7.581249959707216e-65	LDLRAD3
FAM222A	-2.7351360978871626	7.848686530771173e-65	FAM222A
CPHL1P	4.361181141660829	7.872278872676848e-65	CPHL1P
UCN	2.598537187427413	8.455568438270711e-65	UCN
TRBC1	2.920930106046033	8.922833093348865e-65	TRBC1
MAP4K4	1.1992495519729836	9.571641481524911e-65	MAP4K4
RPS24P17	-4.378357639926495	1.0591999629735372e-64	RPS24P17
GPC3	-3.679246346763669	1.1434498013685817e-64	GPC3
NOD2	2.422502357787868	1.307157677152036e-64	NOD2
TEX11	4.223330653736192	1.3302674624715004e-64	TEX11
ANXA2R	2.0384880714268987	1.433632567077715e-64	ANXA2R
ST6GAL1	-2.177353505415497	1.4722572029657773e-64	ST6GAL1
LINC01704	3.1365843904489394	1.5550824073001216e-64	LINC01704
ADGRE1	2.778350505992496	1.622839619393625e-64	ADGRE1
TNFRSF18	2.9325029539707725	1.6947984465890743e-64	TNFRSF18
CSTA	2.3325823184191834	1.7969236146776224e-64	CSTA
SLC25A25	-1.9020718096240092	1.8270736908717985e-64	SLC25A25
AC017099.2	2.7966978030029592	1.8969779994191497e-64	AC017099.2
AC011407.1	2.5018033323637594	1.9053834929513443e-64	AC011407.1
MIR122HG	2.9698445977926453	2.1436970768535532e-64	MIR122HG
YEATS2	1.0780258806709635	2.1685445527151207e-64	YEATS2
MUC15	-7.243994749372704	2.303699538364623e-64	MUC15
RPL17P50	1.7273122361167643	2.3464493397087087e-64	RPL17P50
DDIT4	2.1053676081514388	2.564126434224441e-64	DDIT4
PRDM16-DT	-5.136108087143319	2.7283122560819495e-64	PRDM16-DT
SH3GL1P1	2.468067408268306	3.052032049097409e-64	SH3GL1P1
DARS1	1.0712870683467928	3.1530247601649206e-64	DARS1
PAQR9	4.252731721578304	3.236603133665177e-64	PAQR9
ELOVL2	3.2043618211340776	3.2681343040074535e-64	ELOVL2
CHIT1	5.05931123942363	3.410739796937183e-64	CHIT1
AC007728.2	2.676395695646833	3.715787272817309e-64	AC007728.2
NYAP1	-2.608277041223797	3.947812826174592e-64	NYAP1
MUC12	4.193883563009982	4.097857400101415e-64	MUC12
PRR7-AS1	3.239689932401244	4.167829958536452e-64	PRR7-AS1
LTB4R2	2.3791668930722163	4.5989230821300496e-64	LTB4R2
FMO5	-2.397135943100399	5.51930361671468e-64	FMO5
LINC01150	2.27982288268214	5.653662919911104e-64	LINC01150
FCGR2A	1.8753167557510797	5.739917562216846e-64	FCGR2A
TOM1L2	-1.061761565729786	6.244788187669249e-64	TOM1L2
IQGAP3	2.4861661770111807	6.473694936174755e-64	IQGAP3
ZNF469	2.0682360959247656	6.614165177670379e-64	ZNF469
EFHD2	1.443161917869045	7.195329951620947e-64	EFHD2
PPP1R3C	1.9575410940902127	7.29213421433346e-64	PPP1R3C
CD86	2.1221715309213605	7.344058328676555e-64	CD86
ERBB2	-1.5036341702975364	7.37580765259566e-64	ERBB2
AC135050.3	3.1789522539541206	7.525156619047956e-64	AC135050.3
B2M	1.322878117256334	8.303359673293628e-64	B2M
LINC01159	-2.5117059902929086	8.765913145008209e-64	LINC01159
CD3D	2.8920959840297957	8.831120466036117e-64	CD3D
CENPK	1.9278506885825253	9.432498453017376e-64	CENPK
SUOX	-1.0735155708373878	9.655272268963053e-64	SUOX
MILR1	1.9778617640263767	1.1532046183810301e-63	MILR1
CAB39L	-1.6485147656102443	1.3355853407621062e-63	CAB39L
CD96	2.4660324069840542	1.3896405985707838e-63	CD96
DOK1	1.2670252676769889	1.4283877472618246e-63	DOK1
TGFBI	4.130661386722985	1.513199664807961e-63	TGFBI
C4orf54	-6.758581395659338	1.5341168314557837e-63	C4orf54
AMFR	-1.3909420449111844	1.569522727752174e-63	AMFR
TFR2	4.062910214658884	1.5730619218774336e-63	TFR2
FKBP11	1.9602837307908545	1.6537115178271886e-63	FKBP11
PSORS1C3	3.1537105287833462	1.7286569606721642e-63	PSORS1C3
AMPH	-3.1504234689419017	1.868960778791743e-63	AMPH
HLA-H	1.730685539303661	1.9521878884877371e-63	HLA-H
DPP9-AS1	3.2380780682090853	1.962565338290768e-63	DPP9-AS1
FHOD1	1.2955648943404687	2.008158666446857e-63	FHOD1
SELENBP1	-1.7222338478717705	2.205844635713848e-63	SELENBP1
AC015977.1	5.635258132708715	2.2307139922376617e-63	AC015977.1
AOAH	2.161838046038912	2.259400884146175e-63	AOAH
SLC24A4	1.7246177048345106	2.4161200226087228e-63	SLC24A4
CD7	2.738389241052453	2.4308085672719525e-63	CD7
MBOAT4	2.268217300430188	2.774619837126168e-63	MBOAT4
SLC25A35	-1.5955005804852445	2.850796996080046e-63	SLC25A35
AC105411.1	2.644051182811204	2.927751359219648e-63	AC105411.1
PCDH9	-3.2459432159603008	3.523962123430647e-63	PCDH9
PLEK	2.2419638793757537	3.640858358229196e-63	PLEK
MICALL2	2.0621592202116976	3.673191564882145e-63	MICALL2
SPTB	-2.602179366630151	4.071016902146663e-63	SPTB
ATP2B2	3.4122638527857374	4.225047380307625e-63	ATP2B2
AL365181.3	2.539021647510595	4.3065852746765617e-63	AL365181.3
CRLF3	1.0024187059947371	4.727499702643445e-63	CRLF3
AL161935.1	2.6088213535488167	4.957837282265704e-63	AL161935.1
TGFB1	1.5773560179482196	5.429370695930048e-63	TGFB1
DTHD1	3.2915579842911096	5.850615779905531e-63	DTHD1
INO80E	1.2293695062817336	6.390880617689601e-63	INO80E
CYRIA	1.5555769035489004	6.925333722380481e-63	CYRIA
ASPM	2.6283630629252634	7.38197243062565e-63	ASPM
LBHD2	4.18461542731869	8.86016455437222e-63	LBHD2
CEL	-3.7394080926734814	9.616769397689564e-63	CEL
OR5BA1P	3.769461625794279	1.0137159848100377e-62	OR5BA1P
SLC11A1	2.389724274808863	1.079176670914587e-62	SLC11A1
AL160286.3	-4.633802396743621	1.0899848792851085e-62	AL160286.3
LINC01751	5.641072063945065	1.1308212565032662e-62	LINC01751
CDKN2C	1.5388898462588678	1.4760431695451673e-62	CDKN2C
CD276	1.2064069265969772	1.5055694396051395e-62	CD276
LINC00173	3.247635099682166	1.6109926435766903e-62	LINC00173
TNNI1	-4.065314349048394	1.646929747992081e-62	TNNI1
EMILIN2	1.6718373960535613	1.7384498544028677e-62	EMILIN2
AL031123.5	-3.7683402478345656	1.9432554085638905e-62	AL031123.5
MROCKI	2.364994652100151	2.006733078555591e-62	MROCKI
TFAP2B	-5.815453328102255	2.0872832169548667e-62	TFAP2B
AC092813.2	-5.109173887729555	2.176227836847154e-62	AC092813.2
CD4	1.783406984045596	2.2501760842355027e-62	CD4
LINC01615	3.6351629438650113	2.302979199022641e-62	LINC01615
CD27	3.2533501208600573	2.399195303169585e-62	CD27
AC015911.3	2.96930325986508	2.418843037208744e-62	AC015911.3
CACNA2D3	-2.0355948882782853	2.6942874236217373e-62	CACNA2D3
FBXO17	1.5915377931409374	2.769156862823449e-62	FBXO17
CYGB	2.001140081247874	2.8184153799521843e-62	CYGB
GTSE1	2.3491313354280807	2.927529325196165e-62	GTSE1
TNIP3	3.7448519198963774	2.9508086566646985e-62	TNIP3
DOCK2	2.2335034677175565	2.9533255093572323e-62	DOCK2
BTD	-1.081182839103125	3.1894937134573242e-62	BTD
SCGB3A2	6.14915388586275	3.5390969581419692e-62	SCGB3A2
EYA3	-1.003495147730733	3.6085468374292495e-62	EYA3
KIAA1522	-1.4106900860577336	4.206603385507065e-62	KIAA1522
HVCN1	1.326620052169336	4.249960026506132e-62	HVCN1
FXYD5	1.774068644522839	4.282281021257506e-62	FXYD5
SUSD4	-3.671416729243513	4.375397618666803e-62	SUSD4
BRCA2	1.6947030017377958	4.41444882621284e-62	BRCA2
AP003555.1	3.842600357900665	4.663887639553607e-62	AP003555.1
PEG3	-2.5639166983009014	4.689482578017095e-62	PEG3
BATF3	2.1327990994620785	4.759918249717353e-62	BATF3
POMGNT2	-1.1323487794696885	4.980324393210344e-62	POMGNT2
CSF2RA	1.9247389471649348	5.040521824076083e-62	CSF2RA
BAZ1A	1.18601318694376	5.296524901583377e-62	BAZ1A
NT5DC3	2.259490065681508	5.425424389053937e-62	NT5DC3
SCG2	3.923029959643829	5.5662617648979296e-62	SCG2
KCNE4	2.0440724369590377	5.571106225006896e-62	KCNE4
TPI1P2	-1.6887538425424533	5.977928344099649e-62	TPI1P2
NCF1B	2.282154921980514	6.377079858187405e-62	NCF1B
MCM5	1.0589141303386456	6.812651570936769e-62	MCM5
HECW1	-3.74122924866804	6.915365129748906e-62	HECW1
NCR1	2.6317399149222824	7.7030869487904645e-62	NCR1
ASPHD1	2.6499764833813555	8.178637411279972e-62	ASPHD1
AC139495.2	3.0247395107852912	8.311775256734975e-62	AC139495.2
CDC25C	2.7687423451819417	8.831398192949762e-62	CDC25C
TKFC	-1.2390590513582518	9.645430885394185e-62	TKFC
SLC10A6	2.600484567341036	1.0214942061177578e-61	SLC10A6
SCCPDH	-1.33787532930164	1.1824002211709009e-61	SCCPDH
CASP5	2.9429651611939693	1.3316993296322796e-61	CASP5
LRRK1	1.6430243839967829	1.3357472358254629e-61	LRRK1
ZBP1	2.86586853787356	1.4131610770942435e-61	ZBP1
AC009084.1	5.181933909479242	1.8195995554698532e-61	AC009084.1
EMP3	1.712745799001119	2.031540236280281e-61	EMP3
CENPM	2.2116768886100027	2.0479529180021237e-61	CENPM
CPEB3	-1.3690055405178714	2.087087253629761e-61	CPEB3
PTGDR	2.2149615041726363	2.0874638285071536e-61	PTGDR
OMA1	-1.034505026522068	2.184998285498213e-61	OMA1
TSPAN6	-1.2631954129050775	2.6774164169540857e-61	TSPAN6
BID	1.0981090449682516	2.9070465688779026e-61	BID
CPP	4.612261996934568	2.9076243058273978e-61	CPP
MARVELD2	-2.387360106526204	2.9220845832934936e-61	MARVELD2
ENTPD1	1.149969666433594	2.9785624337890757e-61	ENTPD1
LINC01546	2.7164292945437976	3.307897944404752e-61	LINC01546
LMNTD2-AS1	3.639820788215472	4.1196964058807766e-61	LMNTD2-AS1
FMNL3	1.2260256873102595	4.256646123604755e-61	FMNL3
SKA3	2.0802184766282994	4.895577221986533e-61	SKA3
PDP2	-1.5355857033918543	4.940976536981596e-61	PDP2
MRPS9-AS2	-2.778116415297536	5.32530437831672e-61	MRPS9-AS2
AC104590.1	-2.1936368712730525	5.787599376335841e-61	AC104590.1
TOP2B	-1.0018107102988243	6.055027549143956e-61	TOP2B
GFI1	2.4540822718011515	6.334533994949401e-61	GFI1
GM2A	1.3578237215725752	7.140299686439071e-61	GM2A
AL592546.2	-2.8613150081540257	7.621225537633068e-61	AL592546.2
DPEP1	-4.3949020768726434	8.069444133588934e-61	DPEP1
KIF4A	2.2290447008289416	8.712744232645418e-61	KIF4A
SHBG	-2.330113044124641	8.974666194753804e-61	SHBG
LINC00460	6.134817133283529	9.021890201820908e-61	LINC00460
SCARF1	1.5233171625405493	9.962500812261551e-61	SCARF1
ADA	2.245997568886914	1.0085107304307016e-60	ADA
TAGAP	2.0355225148186484	1.0706666630714494e-60	TAGAP
KLHL8	-1.009838420594023	1.1922084393125983e-60	KLHL8
BTN3A3	1.4458976958332614	1.3080253675465043e-60	BTN3A3
HAMP	3.815419879682356	1.3111976842556498e-60	HAMP
SEMA6A	1.91157277928905	1.318145259476094e-60	SEMA6A
SRGAP3-AS4	-4.450784202180395	1.5722425361766642e-60	SRGAP3-AS4
CLSPN	1.8773521006904672	1.5746808534697034e-60	CLSPN
KIAA0895L	2.0454942709778905	1.6054872689701976e-60	KIAA0895L
C5orf58	2.869454962118205	1.676004668526791e-60	C5orf58
SEPTIN1	1.7341503215827712	1.6775533384361923e-60	SEPTIN1
STRA6	-4.002574706680555	1.7108907132295048e-60	STRA6
IDI1	-1.0255720637724282	1.8173842985141624e-60	IDI1
SLC26A4	-3.263556108249206	1.843569455669357e-60	SLC26A4
AP002518.1	3.924875276446244	2.1543430971759354e-60	AP002518.1
ZNF44	-1.159392335526141	2.2423345341526638e-60	ZNF44
KLRG2	-5.065041186207709	2.2580978240670403e-60	KLRG2
AC009779.3	2.128370748364209	2.375892991487249e-60	AC009779.3
AP001636.3	2.0014313786888143	2.7546358547673523e-60	AP001636.3
PDE1A	-2.79910758091925	2.9881310686019195e-60	PDE1A
NAPEPLD	-1.197483266081256	3.4530320254490897e-60	NAPEPLD
CAPN15	1.2991839650247106	3.4949191851967913e-60	CAPN15
MYO6	-1.2391085123212051	3.6486914408414973e-60	MYO6
BEST1	1.8548228141424927	3.7297619046781394e-60	BEST1
COX4I2	2.8543638357700525	3.7601603933825246e-60	COX4I2
PDIA5	1.7444955526911123	4.133811294015319e-60	PDIA5
CDH16	-2.3751393579726234	4.692145180372449e-60	CDH16
LINC00921	1.4567910460500555	5.053501576785706e-60	LINC00921
GPRIN1	2.120683504131319	5.206058617953222e-60	GPRIN1
OR7E91P	-4.458776784166765	5.386368683182051e-60	OR7E91P
PSORS1C2	3.784456616958524	5.398053333072483e-60	PSORS1C2
NAT8L	-4.5935238560454295	5.431823820920931e-60	NAT8L
COL26A1	-4.653513364059135	5.83398788078907e-60	COL26A1
AP000864.1	4.373811900634277	5.91269936868087e-60	AP000864.1
AC114757.1	3.50288177390442	6.120203869991338e-60	AC114757.1
ARHGAP15	1.611715395048873	6.488160777702489e-60	ARHGAP15
ADAMTS14	3.404374325124282	8.61690034868531e-60	ADAMTS14
MARCHF4	2.758567237309597	8.730192569358146e-60	MARCHF4
AL163932.1	-3.667358903840025	8.838585931539939e-60	AL163932.1
AC091057.1	1.9809203946144915	9.074283770995357e-60	AC091057.1
AL365181.2	3.0007356634531788	9.70158466395681e-60	AL365181.2
CD53	1.804989721841996	1.0433480841961326e-59	CD53
AC011246.1	4.739697792420814	1.2283591606248576e-59	AC011246.1
NRK	-4.8013878541731465	1.2763113514070825e-59	NRK
PTCRA	2.95890262394446	1.2815364864034708e-59	PTCRA
RIMBP2	-3.4731364615687186	1.2944259912442406e-59	RIMBP2
CCDC127	1.0452957041409527	1.4211302724783265e-59	CCDC127
AL031846.1	3.728985015658543	1.4464953556572005e-59	AL031846.1
PTTG1	2.38038239613168	1.6668036178593385e-59	PTTG1
BUB1	2.4019841724833397	1.719776922941469e-59	BUB1
TMEM131L	1.074039030880743	1.7199710795451426e-59	TMEM131L
HLA-DQB1	2.242371075528013	1.8311903226859696e-59	HLA-DQB1
PLK1	2.368519019102879	1.9877451110582025e-59	PLK1
SPN	2.128971243861641	2.258204866374878e-59	SPN
AC051619.2	3.6544379848628954	2.3381761891803494e-59	AC051619.2
NCF1C	2.2619775241582407	2.4625635643318393e-59	NCF1C
IKZF1	2.0741153388489297	2.588480269498297e-59	IKZF1
NUAK2	-2.121113088094781	2.588480269498297e-59	NUAK2
HES4	2.307431230716935	2.680879261326108e-59	HES4
PPP1R13L	1.6014088763216614	2.7260192769091082e-59	PPP1R13L
S100A2	-3.4786715961302725	2.8626568922968004e-59	S100A2
ITGA4	1.767313223074192	2.988026372360296e-59	ITGA4
RAD54L	2.732888111083466	3.0010556907985057e-59	RAD54L
ERO1A	1.452143045192649	3.209440215295352e-59	ERO1A
AC004687.1	3.421838503227942	3.332976551164765e-59	AC004687.1
TBX15	3.054893907375833	3.696958856242922e-59	TBX15
CCSER1	-2.521305175796596	3.759268492850601e-59	CCSER1
CD3E	2.6465712755636277	4.143962159979113e-59	CD3E
AL358852.1	-1.42398933181308	4.481352440525944e-59	AL358852.1
DIPK2B	1.882771285467333	5.010555691915533e-59	DIPK2B
SLAMF7	2.8073007920284936	5.401242876874093e-59	SLAMF7
PCED1B	1.7360472120306238	5.610211501410101e-59	PCED1B
SPC24	2.352626535916072	5.786968084098214e-59	SPC24
SERPINH1	1.559163239294628	6.2683536385346755e-59	SERPINH1
AC022905.1	3.645515273990743	6.636863422471698e-59	AC022905.1
CLDN14	-2.89551932028058	7.295007622667865e-59	CLDN14
SLC2A1	1.992782084783697	7.762756582404922e-59	SLC2A1
TIGIT	2.8863287143535783	8.003848701213631e-59	TIGIT
HS6ST1P1	-2.48723234740523	8.259935784373701e-59	HS6ST1P1
GZMK	3.325250973255287	8.32002041332158e-59	GZMK
ENOX1	-1.9406327483824632	8.570848397420637e-59	ENOX1
AC078906.1	4.398506572382683	8.629476769528707e-59	AC078906.1
CST9	-5.478477641806879	9.71020752353844e-59	CST9
SLC15A3	1.606103201368883	1.0710037845883944e-58	SLC15A3
DOK2	1.8729505416487693	1.1062156241367865e-58	DOK2
BIRC3	2.3039345521336827	1.158223994638339e-58	BIRC3
MELK	2.376326644021312	1.2788597181582697e-58	MELK
ZNF488	-3.5310676374876246	1.5049092324674477e-58	ZNF488
AC078864.1	2.796962324444331	1.6301386083917002e-58	AC078864.1
SLC27A3	1.4949838985972814	1.8375032359677963e-58	SLC27A3
SLC6A1	2.338173299435698	1.937919886041375e-58	SLC6A1
PSMG3-AS1	-1.2718959544309512	1.9391489159423605e-58	PSMG3-AS1
GABRE	2.9374551867672856	2.126950558577444e-58	GABRE
SNHG1	1.615652773358217	2.182776062347271e-58	SNHG1
AC139769.1	-2.175725304987367	2.4512679510742597e-58	AC139769.1
CLDN10	-2.308412284610504	2.537426768533764e-58	CLDN10
CAMK1D	1.271568664025913	2.5561022876683574e-58	CAMK1D
AC016026.1	2.746767212421364	2.607367086785465e-58	AC016026.1
GPR19	2.21459874646342	2.635215255129404e-58	GPR19
PCARE	-5.701191325153896	2.89296542389153e-58	PCARE
AL162377.1	-1.3512678580683328	2.969007077034056e-58	AL162377.1
LPXN	1.316342654300452	3.0765200004990178e-58	LPXN
TESPA1	2.418516179277425	3.114500278830551e-58	TESPA1
BTN2A2	1.1691887004395494	3.5181167821784386e-58	BTN2A2
COL4A4	-2.1525107730871595	3.646527106953688e-58	COL4A4
PTPRN2-AS1	2.571011588143085	3.8540279432383204e-58	PTPRN2-AS1
CLK4	1.48893621856124	3.912750335171442e-58	CLK4
ARHGAP45	1.5018693342864875	4.139427817101522e-58	ARHGAP45
AKIRIN1	-1.0990634616041857	4.198104484367109e-58	AKIRIN1
ITGB2-AS1	2.9481307946434314	4.616602499593248e-58	ITGB2-AS1
PLXNB1	-1.4280324006119864	4.711136931402359e-58	PLXNB1
AKR7A2P1	3.3104806724499243	4.8405849978858354e-58	AKR7A2P1
YEATS2-AS1	2.462898485493492	4.859253298068767e-58	YEATS2-AS1
AC019117.2	5.136060691587103	5.3680044487880896e-58	AC019117.2
EVI2B	1.954467205525773	6.092418243476895e-58	EVI2B
RAP2C-AS1	-1.1893569456815327	6.094431125816152e-58	RAP2C-AS1
TRBC2	2.8083826724139054	6.756789237781245e-58	TRBC2
SEMG2	-7.660970641072049	6.976906046535356e-58	SEMG2
AL391121.1	-1.5606434988537898	7.099728533990171e-58	AL391121.1
HCP5	1.383717041360087	7.630810685279226e-58	HCP5
HLA-E	1.0546159417882506	8.360704110305631e-58	HLA-E
FOXM1	2.4283367922307937	8.761101663530782e-58	FOXM1
APOL5	3.998349228574203	8.996988096408758e-58	APOL5
SLC12A5	2.393240011891428	9.413252751666264e-58	SLC12A5
ADGRV1	-2.7833637507861484	9.44621269103595e-58	ADGRV1
DNAJB13	3.794053279452704	1.0399687270311858e-57	DNAJB13
LPIN2	-1.0105320771873685	1.0470512193112544e-57	LPIN2
BTBD19	1.9176324000467109	1.0771934345885085e-57	BTBD19
HNF4A-AS1	-4.490505825555601	1.1316577654625336e-57	HNF4A-AS1
TMEM44	1.817503839084912	1.1493838283283112e-57	TMEM44
AC005962.2	-2.2617423432934003	1.2592433668092782e-57	AC005962.2
FAM151A	-3.981598914229911	1.29406813712615e-57	FAM151A
LIG1	1.0266216404170432	1.2955459863726167e-57	LIG1
KSR1	1.81870121124558	1.3249884495918642e-57	KSR1
CA8	-3.277335346195694	1.3849915906369467e-57	CA8
AC084880.1	2.367416296517072	1.5502469602991196e-57	AC084880.1
SLAMF6	2.52299444589274	1.8097350822031012e-57	SLAMF6
CDHR1	4.197987764862328	1.8150518898169355e-57	CDHR1
AC126564.1	-3.318391088793664	1.8244376886522e-57	AC126564.1
PIEZO2	2.1306934826232293	2.0207092241786517e-57	PIEZO2
AC020633.1	-2.9664090004646635	2.025406404595629e-57	AC020633.1
HLA-DQA1	2.1849407064474407	2.0863532294048413e-57	HLA-DQA1
FAM193B	2.1103393395753445	2.144796254705224e-57	FAM193B
IL18BP	1.523315618562341	2.2031160028445213e-57	IL18BP
SLC52A3	-2.9937281927408264	2.219719133871057e-57	SLC52A3
TICRR	2.269624859986883	2.6659743015829034e-57	TICRR
HLA-DMA	1.5466174514411408	2.7631308862279674e-57	HLA-DMA
AC006960.2	-5.055887161068081	2.7706327849042054e-57	AC006960.2
AC022144.1	2.349571474314022	2.822546830392797e-57	AC022144.1
AC138207.6	1.9733962496193211	3.0215931310385947e-57	AC138207.6
AC000093.1	3.707314918156916	3.2987997474217683e-57	AC000093.1
SIRPA	1.532166029061628	3.65416288751234e-57	SIRPA
AC022733.1	-3.786881412942258	3.6677722564363576e-57	AC022733.1
SNHG15	1.762091176460978	3.851105041047325e-57	SNHG15
SAMD14	1.6230045670286313	3.916559184426141e-57	SAMD14
AC007749.2	5.280324399957818	4.0561951451329945e-57	AC007749.2
TBX19	1.5789812200216276	4.089599926745883e-57	TBX19
MLC1	2.1985156505034382	4.1782464297567735e-57	MLC1
LINC01480	2.7550948856041533	4.313553096061956e-57	LINC01480
GAPDH	1.3286110910074282	4.7896972202732696e-57	GAPDH
EIF4EBP1	2.1281884491181478	4.867332844497715e-57	EIF4EBP1
SUCLG2	-1.2935467312668136	4.992030465266199e-57	SUCLG2
AC005616.1	-6.431806559530815	6.18152086337761e-57	AC005616.1
TMEM145	3.90807257325984	6.605379076545926e-57	TMEM145
MAGI2	-1.534204516265276	7.025990419869555e-57	MAGI2
LIMD2	2.015379222668191	7.853901896960654e-57	LIMD2
TLCD3A	1.5853669387120508	8.147975477514992e-57	TLCD3A
CKAP2L	2.306259230945178	8.33746434495543e-57	CKAP2L
TOP2A	2.3128599336097087	8.480651946761796e-57	TOP2A
SERPINB9	1.348519873082654	8.715168236962929e-57	SERPINB9
AC007920.2	2.624779736908398	8.732229808698411e-57	AC007920.2
LAT	3.2762225068186	9.020454572750481e-57	LAT
AL078604.2	3.391357773502117	9.578869853772925e-57	AL078604.2
APOC1P1	4.000839586397968	9.722371991830117e-57	APOC1P1
FPR3	2.1819720002651493	9.896239476750819e-57	FPR3
AC090337.2	2.890329204149679	9.987525825160225e-57	AC090337.2
AC012459.1	2.5260933674057675	1.0419903005307838e-56	AC012459.1
SPTBN2	-4.312132859127924	1.0420815765653365e-56	SPTBN2
P2RY8	1.834950640794347	1.0686342253957133e-56	P2RY8
LRRC37B	1.0354713749521525	1.0914513702827974e-56	LRRC37B
TNFRSF1B	1.4210609033099877	1.2077235275287714e-56	TNFRSF1B
AC091965.4	-2.168324660360671	1.2378860723197297e-56	AC091965.4
E2F8	2.639069473913308	1.2528430021278312e-56	E2F8
MEFV	2.251064705912416	1.3168064146864006e-56	MEFV
RASSF4	1.6568098470165602	1.3345975740924446e-56	RASSF4
DUXAP8	2.9448987341392567	1.3448111587553e-56	DUXAP8
AC243829.4	4.566708875171399	1.469301505744404e-56	AC243829.4
KIFC1	1.9676497982177703	1.4785315049635949e-56	KIFC1
CDK5RAP3	2.6375272622733963	1.560012638135961e-56	CDK5RAP3
DACH1	-2.385531856947331	1.6217138695765352e-56	DACH1
FDX1	-1.1309493862178148	2.0010275156721772e-56	FDX1
AL162274.1	2.8136891990916264	2.067074198271152e-56	AL162274.1
RNF175	2.444056086812966	2.257303161716148e-56	RNF175
COL4A1	1.8635759198743072	2.288858320216068e-56	COL4A1
HSD3B7	2.2762283701942474	2.291506209421904e-56	HSD3B7
LRRC25	2.294374569773425	2.581027418235841e-56	LRRC25
TMEM233	2.0778466440798646	2.610963057198338e-56	TMEM233
RASSF5	1.697290119751283	2.7084810205247e-56	RASSF5
CTSS	1.91874788829861	2.807925090105997e-56	CTSS
LINC00342	2.1996018228791634	2.999391765120144e-56	LINC00342
AC137932.2	2.3340697730932853	3.181270049315047e-56	AC137932.2
IFITM3P6	2.475258347572709	3.1933603112543305e-56	IFITM3P6
TRGV10	2.8204455903218952	3.634006490786371e-56	TRGV10
AL590764.1	2.269045286816896	3.953192551090449e-56	AL590764.1
PDCD1	3.3271764091725737	4.882053603807471e-56	PDCD1
TSPYL4	-1.0669346914731035	5.075098869662982e-56	TSPYL4
HROB	1.5515710202877713	5.785659189707416e-56	HROB
OPN4	5.476777612079824	5.924360985581128e-56	OPN4
RPS2	1.468995233078667	5.950517131723294e-56	RPS2
AC005041.3	1.7237569232825931	6.1151486056873125e-56	AC005041.3
ITGAM	1.990775944093207	6.438606649807055e-56	ITGAM
AC040977.1	1.5376352124831385	6.901456699109206e-56	AC040977.1
HLA-DQB2	2.802213146940165	7.019961377169756e-56	HLA-DQB2
LGALS12	4.177634015304182	7.5732831127117225e-56	LGALS12
PCGF3	1.0410528888291002	7.900668268514174e-56	PCGF3
SMPDL3A	1.7906980054463482	8.187716168500327e-56	SMPDL3A
IKZF3	2.5643208834859204	8.209096757134339e-56	IKZF3
PTGER1	-4.839384039205136	8.851975942946018e-56	PTGER1
JAG2	1.6890248517629811	9.374580418207794e-56	JAG2
CD160	1.8302479340208595	9.856767845628298e-56	CD160
CORO7	1.5427212188308	1.036763411835828e-55	CORO7
LINC00426	2.606096136549092	1.0533563870023063e-55	LINC00426
UBTFL6	2.6807809154105784	1.0789859098408335e-55	UBTFL6
SLC35G2	1.4057996010311986	1.1042029373635975e-55	SLC35G2
HELT	-5.540172367325117	1.2098538331672858e-55	HELT
AC084117.1	3.223104414203776	1.2211169006310563e-55	AC084117.1
B4GALNT1	3.90645073451796	1.2240683490809774e-55	B4GALNT1
CDC6	1.9926488876566395	1.4199820325371178e-55	CDC6
C20orf204	2.1255937940887666	1.4716481004568079e-55	C20orf204
MBOAT2	-1.5698101647429932	1.6816748130803312e-55	MBOAT2
GPR65	1.903788543517797	1.7124900915199858e-55	GPR65
DANCR	-1.650632560037733	1.7834557766790984e-55	DANCR
ACAP1	1.865138873623039	1.8326870805432954e-55	ACAP1
AC093908.1	1.986566766588301	1.8584418133480257e-55	AC093908.1
LINC00652	-1.979320791146857	1.8644176623677933e-55	LINC00652
AP001999.2	-7.329722734653286	1.9592184669351648e-55	AP001999.2
ARHGEF3	-1.0892406208400258	2.0026471532678785e-55	ARHGEF3
AC148476.1	4.211257454283336	2.02694659912336e-55	AC148476.1
MYDGF	1.243790822368127	2.068886672534321e-55	MYDGF
BNIP3	1.5292528118129094	2.3838079023414903e-55	BNIP3
AC136475.3	3.941062492125961	2.460681789168989e-55	AC136475.3
CD3G	2.535505138228332	2.4872678125743e-55	CD3G
CGAS	1.3825666271212258	2.5168245988723768e-55	CGAS
CD74	1.748664729211519	2.534704064909701e-55	CD74
MAGI3	-1.8266671595377384	2.5438978799784583e-55	MAGI3
CCNE2	1.4330662364697888	2.768755976192076e-55	CCNE2
HOXB6	-2.0833691752493944	2.7815367755098957e-55	HOXB6
PILRA	1.6384237343495711	2.9599493069098462e-55	PILRA
USP53	-1.4139873074433928	3.052499097375905e-55	USP53
NRG3	1.942186543874764	3.0711767053313366e-55	NRG3
SCIMP	1.96234429869526	3.2070964548221584e-55	SCIMP
KRT223P	4.898740889095506	3.347954793428437e-55	KRT223P
HLA-C	1.316189816093698	3.376476526520657e-55	HLA-C
RAC2	2.087706320668877	3.538363685120557e-55	RAC2
SYNJ2BP	-1.2535000264346154	3.7331672398920256e-55	SYNJ2BP
GATA3	-3.111836383798133	3.73414525395843e-55	GATA3
IBSP	5.297935081488402	3.7995679969461876e-55	IBSP
CCM2	1.128314690994547	3.806835301339667e-55	CCM2
AC020912.1	3.265605535609456	3.8123658839886966e-55	AC020912.1
CD80	2.4809948697258557	3.9069759648988904e-55	CD80
F11	-4.314458146022179	3.9602629071666704e-55	F11
CDKN2B	1.6847709748015134	4.259858553767368e-55	CDKN2B
DYNLL2	-1.0124375250275044	4.554756666886727e-55	DYNLL2
MAPK8IP3	2.0967115602804425	4.570555825886608e-55	MAPK8IP3
AC006517.2	3.58098305349962	4.5719164445619346e-55	AC006517.2
TSPAN32	1.989556975044187	4.60012898337627e-55	TSPAN32
LINC02073	3.1670631300837013	4.66321539364824e-55	LINC02073
FAM13A-AS1	2.220988375589646	4.7529626546175216e-55	FAM13A-AS1
SEM1P1	-3.4238322769534766	4.832667993930931e-55	SEM1P1
BRCC3	-1.0799336173212175	5.049459743947749e-55	BRCC3
SIT1	2.700327215386023	5.5149627912795174e-55	SIT1
DLEU2	1.990767482821203	5.5883004010978125e-55	DLEU2
LINC01234	5.931911297238612	6.135087061958921e-55	LINC01234
CPA6	2.531851366216184	6.366839465946685e-55	CPA6
SLC29A4	2.193443735776715	6.4182177444856446e-55	SLC29A4
PDILT	-3.0861876126398653	6.746279579454218e-55	PDILT
CXorf58	-1.8657695414515616	7.119378473605983e-55	CXorf58
SH3BP1	1.955729259681643	8.002712068324375e-55	SH3BP1
ELDR	4.982064665917412	8.158522392875332e-55	ELDR
MMP9	3.756826054169801	8.181690235297383e-55	MMP9
KCTD8	-4.08187622889505	8.32034597679729e-55	KCTD8
OR7E47P	3.00719306286373	8.820553666065861e-55	OR7E47P
LILRA2	1.890897539102576	9.197367522512301e-55	LILRA2
PRR7	2.386347747810688	9.299114777120128e-55	PRR7
MICOS10	-1.081736205077929	9.474360405189796e-55	MICOS10
KCTD1	-1.9599441569563287	9.766052993680507e-55	KCTD1
ZBED5-AS1	-1.0188217060887883	1.052715548667262e-54	ZBED5-AS1
AC044810.2	-3.819240152024713	1.0703595797008344e-54	AC044810.2
BIRC5	2.484105841585292	1.1167225249460741e-54	BIRC5
PLAT	-1.776488613630038	1.2370224382945507e-54	PLAT
LINC02609	2.284767321787553	1.3052778432999735e-54	LINC02609
AFAP1L1	1.512945933682986	1.4519672887660322e-54	AFAP1L1
LINC01684	2.655927729281539	1.4779247166564026e-54	LINC01684
PIGAP1	4.397465181192518	1.5046665947266662e-54	PIGAP1
SRL	-1.8927191520417104	1.717616420564527e-54	SRL
BCAM	-1.690215684649715	1.8579668743532034e-54	BCAM
AL031595.2	3.582016726161964	1.8630596232549052e-54	AL031595.2
AC124944.2	2.5831306284316984	1.9351526156948806e-54	AC124944.2
KCNMA1-AS1	4.158599316788358	1.9859866437592488e-54	KCNMA1-AS1
AL596442.2	2.7452803174654994	2.4673649774490302e-54	AL596442.2
SH2D5	2.461842210193585	2.731847608217633e-54	SH2D5
SGPP1	-1.2788888678492705	2.7837448272666664e-54	SGPP1
ACLY	1.321097444499001	2.8665005137184676e-54	ACLY
PRRG2	-2.832553288558688	2.8732845820307383e-54	PRRG2
BMP6	-2.1334744541248623	3.1445202965888524e-54	BMP6
GIT2	1.3162401673124773	3.2858391891969677e-54	GIT2
LTA	2.656397458090847	3.337324925604612e-54	LTA
CENPH	1.368520985875728	3.4191686457026465e-54	CENPH
AC026401.3	1.435649119992907	3.446037074282725e-54	AC026401.3
PLAC8L1	2.8714890835637634	3.826543379380965e-54	PLAC8L1
UNC5A	3.4336441319984456	3.863680045404859e-54	UNC5A
ADAMTSL4	2.130004916914367	3.88463047596673e-54	ADAMTSL4
RACK1	1.2043750838934686	4.2059257235049617e-54	RACK1
AFM	-4.683950317539967	4.449707143482611e-54	AFM
ABCA12	2.8684376508516314	4.576059809661626e-54	ABCA12
KCNJ12	-2.3299438165905317	4.875535021276353e-54	KCNJ12
NPIPB5	2.719205265461792	4.9644119326966276e-54	NPIPB5
PRR35	-6.945852863658003	4.9728878129710215e-54	PRR35
ABCA1	1.5429050411742369	5.416231930161254e-54	ABCA1
ASB15	-5.217381582070647	5.466281377561831e-54	ASB15
AC015911.7	2.9161197459380457	5.684954018276342e-54	AC015911.7
AL110505.1	-3.846092971340584	5.697930593065594e-54	AL110505.1
DHRS11	-1.433810564209292	7.068162410756466e-54	DHRS11
AC105105.1	3.407927576611077	7.14127434565541e-54	AC105105.1
AJ003147.3	2.8780742038360203	7.762128414788673e-54	AJ003147.3
AL022345.4	-1.5532086367749662	8.2832114533996e-54	AL022345.4
AKNA	1.4628211993642797	8.859470810840718e-54	AKNA
FAM3B	-4.016331549446729	9.077977250404343e-54	FAM3B
LINC01871	2.462121106273273	9.413357336664687e-54	LINC01871
HSPA6	1.9082204316533151	9.47415576674106e-54	HSPA6
IPO13	-1.052591534143629	1.1053887568827707e-53	IPO13
AC008659.1	4.601499107291459	1.2848383248866356e-53	AC008659.1
UBE2C	2.9507454411240204	1.3126692677783874e-53	UBE2C
HES5	3.8407229831396177	1.363894637678312e-53	HES5
CTLA4	2.960923945568368	1.401768749780758e-53	CTLA4
CEMIP2	1.2289890942197723	1.4399492611279963e-53	CEMIP2
KLRK1	3.288118825933488	1.447901241397447e-53	KLRK1
MMP11	2.0321256894834483	1.4691788495899175e-53	MMP11
LINC00881	3.232815053795316	1.533686212795983e-53	LINC00881
ALKBH6	2.098275096321768	1.5546960062503184e-53	ALKBH6
ACADM	-1.5460275071404272	1.7054472912927584e-53	ACADM
RHOH	2.2247943880427776	1.7277802576532772e-53	RHOH
AIM2	3.060262407291383	1.7334191829646286e-53	AIM2
AC103740.1	2.190025366525058	1.774925139809962e-53	AC103740.1
TENM1	2.441616912131677	1.8244517729272715e-53	TENM1
LBX2	2.056490378414712	1.8755507526499607e-53	LBX2
PAQR5	-1.7658324100511105	1.8801296282967735e-53	PAQR5
PCCB	-1.6741907179473643	1.9999769365590641e-53	PCCB
TNNI2	2.4390627034433567	2.087007890371264e-53	TNNI2
BCL2A1	2.568206628418433	2.2080987909922354e-53	BCL2A1
PCDHB10	1.6974838081850778	2.2352395964905344e-53	PCDHB10
EME1	2.0908053963606013	2.328682778818861e-53	EME1
S100Z	2.2593214149241336	2.4009229642725516e-53	S100Z
PLVAP	1.9415211033729576	2.441668810004167e-53	PLVAP
RAG2	-4.454634659876873	2.468142070021866e-53	RAG2
ADH1C	-4.461867990838841	3.1768520969701114e-53	ADH1C
ITPKA	3.735486353338	3.227611474730993e-53	ITPKA
SEL1L3	1.6574337602510472	3.3056684469167833e-53	SEL1L3
LINC02577	7.435753878252213	3.310904386984461e-53	LINC02577
RPL37P11	4.951336785700389	3.518881210438176e-53	RPL37P11
RIN1	2.0619643564442653	3.712339868012043e-53	RIN1
PTPN22	2.0459693655357154	3.9479933310592763e-53	PTPN22
RAET1E	-1.8481556632652407	4.007557391563036e-53	RAET1E
MRLN	-4.475001669677528	4.155069137469008e-53	MRLN
TUBA3E	6.302137828963784	4.1742023174508993e-53	TUBA3E
TRDC	2.2922935248337737	4.542120374732498e-53	TRDC
NDUFS1	-1.2185082469277395	4.678885550678524e-53	NDUFS1
IL15RA	1.4713448307102677	4.826767280605502e-53	IL15RA
UNC5B	1.7477916489744871	4.83794921572959e-53	UNC5B
MICAL1	1.4824214734069994	4.8553607296937115e-53	MICAL1
UGT2A1	-6.271769280161334	4.994901334096606e-53	UGT2A1
RGS10	1.611114165937332	5.306496666844569e-53	RGS10
AC010319.1	2.0177501775093467	5.356491670942526e-53	AC010319.1
PDE1B	1.6464555339405438	5.375464204998627e-53	PDE1B
SLC9A3-AS1	3.2334079156813385	5.402215256898224e-53	SLC9A3-AS1
MT1G	-4.449420307631672	5.919316183148751e-53	MT1G
GNA15	1.7847977693881958	6.298541970908552e-53	GNA15
DLX6	2.603159105124774	6.814145169596866e-53	DLX6
RAP2B	1.1954481372539076	6.840029234608943e-53	RAP2B
ARHGEF6	1.1527034423142637	7.02481748074596e-53	ARHGEF6
AC062015.1	-6.619283243174007	7.172184134785301e-53	AC062015.1
AC020907.4	2.9949080160017023	7.2212583621714715e-53	AC020907.4
RTEL1-TNFRSF6B	2.509398511540399	7.42219396677189e-53	RTEL1-TNFRSF6B
ADAMTS10	2.1755465779880545	7.677019451594645e-53	ADAMTS10
PRR11	2.037223765873514	8.1781552434621845e-53	PRR11
VSIR	1.187579465888443	9.192994508364365e-53	VSIR
MMP16	2.732409410692438	9.646219017476833e-53	MMP16
CD99P1	1.426877249363344	9.682310461158e-53	CD99P1
MARCHF3	1.4353544147442556	9.816272651007098e-53	MARCHF3
LINC01275	2.6877609350633893	9.827381356607036e-53	LINC01275
BX640514.2	2.293555265813876	1.0094881677110649e-52	BX640514.2
OAT	-1.214589939742731	1.0197607669460557e-52	OAT
GAS5	1.679260150986227	1.1592758826383277e-52	GAS5
Z99289.1	3.4437944059511736	1.291252996354978e-52	Z99289.1
LAMA5-AS1	3.20580548882177	1.3002750315162696e-52	LAMA5-AS1
TYRP1	-5.419264799885385	1.302379066078408e-52	TYRP1
AC068707.1	-2.874236714107796	1.3307205120718585e-52	AC068707.1
RNF43	-2.292368423136952	1.3423112655379004e-52	RNF43
PIMREG	2.309434186505864	1.356750452629569e-52	PIMREG
SH2B3	1.2531053232854807	1.506143274256524e-52	SH2B3
SCAT1	4.059142824753509	1.532881069881809e-52	SCAT1
S1PR4	1.8202827788557057	1.5754370756075e-52	S1PR4
AC120114.3	2.321522532235873	1.6982004514076312e-52	AC120114.3
LINC02446	3.429505938371073	1.719944035151069e-52	LINC02446
TNK2	1.4073709847086666	1.8122879000527704e-52	TNK2
ABCG1	1.278844844247014	1.8868653400357186e-52	ABCG1
MAP3K7CL	2.115352032878868	1.981562433724581e-52	MAP3K7CL
OAS1	1.4612760044563582	2.1128326572135998e-52	OAS1
AQP3	-2.205228532758441	2.120729804824396e-52	AQP3
CYTOR	1.781017160902166	2.1390950458859258e-52	CYTOR
ENTPD3	-3.179112737217924	2.530863785058202e-52	ENTPD3
TRIM22	1.3600099761542257	2.6705951536050526e-52	TRIM22
PCCA	-1.5366316444495076	2.6762368287626666e-52	PCCA
CMTM4	-1.8997601723479784	2.796910377925935e-52	CMTM4
C9orf139	2.323544935427232	2.866328685085153e-52	C9orf139
AL359853.1	3.405204710598512	2.927191481482026e-52	AL359853.1
NCAPH	1.9442301376198556	2.9655652540660294e-52	NCAPH
CDKL1	-1.4624840285752347	3.2132455065118938e-52	CDKL1
NMB	2.585249992604698	3.3067553804088937e-52	NMB
CEACAM21	1.8579640873904584	3.3606268307622834e-52	CEACAM21
AC008079.1	2.2444528503274985	3.374197157872998e-52	AC008079.1
AL022322.1	2.7119319930694714	3.645987255552989e-52	AL022322.1
TNNC1	-3.3416737247620536	3.9811935454708514e-52	TNNC1
DUXAP10	2.8714600444091536	4.1438440786769214e-52	DUXAP10
ERFL	3.092345049635279	4.2050402508398624e-52	ERFL
C3AR1	1.864545904179454	4.517133827544534e-52	C3AR1
LINC00240	1.9396604905748456	5.0181940724785604e-52	LINC00240
TET3	1.012160815224588	5.129817534479644e-52	TET3
NKD1	-2.827618805224831	5.770650272373253e-52	NKD1
AL139351.3	3.662074911487312	5.834894898386216e-52	AL139351.3
PROZ	-4.100453356410218	5.8700727220337e-52	PROZ
LINC00379	-4.4260247590599935	6.504978991190736e-52	LINC00379
HLA-DPA1	1.8306663678095416	6.682455669810166e-52	HLA-DPA1
DEPDC1	2.406833609902749	7.195541680289044e-52	DEPDC1
AC013486.1	1.9948008599461096	7.683933928753887e-52	AC013486.1
LINC01012	2.4448673639081786	8.060700576402027e-52	LINC01012
AC244035.1	3.1663362914284865	8.614803241605075e-52	AC244035.1
FAM217A	-2.400127556862309	8.842352563393035e-52	FAM217A
AC099552.5	-4.073311532353619	9.102421983704144e-52	AC099552.5
AC011899.2	2.959813873126795	9.28159764848058e-52	AC011899.2
ACTRT3	-1.7708776399568191	1.00469272736596e-51	ACTRT3
GAS1RR	-2.1070828727261826	1.0770190049449152e-51	GAS1RR
GZMM	2.084690978604437	1.1151881720512472e-51	GZMM
HLA-DRA	1.7093152992607938	1.1760925119705421e-51	HLA-DRA
PCDH17	1.9847524982603848	1.1946530099937285e-51	PCDH17
PYCARD	2.0776973383005624	1.304033184791314e-51	PYCARD
LINC02121	-8.11840931125881	1.3330523407357112e-51	LINC02121
H2AC13	3.8518760148156495	1.4622499425600713e-51	H2AC13
TTC24	3.834882009228193	1.5206778876045532e-51	TTC24
FBP1	-2.413003594398315	1.5572613676788134e-51	FBP1
ESRRG	-3.07264948253814	1.6252206007356758e-51	ESRRG
SEZ6L2	2.281988529847163	1.927584614336904e-51	SEZ6L2
AL022069.2	-2.26652537931412	1.9414752396726516e-51	AL022069.2
AC078802.1	-1.8798646418556944	1.9565767816437106e-51	AC078802.1
MYBPH	-3.2306144986313914	2.013912453065684e-51	MYBPH
P4HA3	2.8617312095833234	2.0254812741717975e-51	P4HA3
NCF2	1.7311258103567218	2.054754142014061e-51	NCF2
AC009549.1	2.4486093823445314	2.076271279740287e-51	AC009549.1
EVI2A	1.8780090290168323	2.312260862286254e-51	EVI2A
GRAMD4	1.7555656218557532	2.323440160771437e-51	GRAMD4
LARS2	-1.3981895624524538	2.442186965027403e-51	LARS2
COL5A2	2.058054997105493	2.4455897630569946e-51	COL5A2
CORO1C	1.055351869633676	2.485849462257459e-51	CORO1C
ORAOV1P1	2.6274778663529257	2.6560439597920464e-51	ORAOV1P1
PCLAF	2.0501919735945155	2.699654985195545e-51	PCLAF
P3H1	1.3273117562070422	2.700777578573001e-51	P3H1
LRBA	-1.2144985644796684	2.7103116963510313e-51	LRBA
PAK6	-3.383887798851468	2.8521364743333114e-51	PAK6
AL589794.2	-2.0692773387956063	2.971485555288443e-51	AL589794.2
GGACT	-2.454561152714091	3.052568216189988e-51	GGACT
TRIP13	1.7763435648413186	3.439403567764393e-51	TRIP13
UBAP1L	2.1740532822215983	3.893470592634016e-51	UBAP1L
STAB1	1.6592218284269256	4.385245140905227e-51	STAB1
Z94721.1	2.7612690766464	4.420328160044663e-51	Z94721.1
AC135977.1	-1.8598202135392692	4.5166551914988663e-51	AC135977.1
CAND2	-1.8451278363479104	4.6275659143411866e-51	CAND2
ATP1B1	-1.4027985379324293	4.7066562459493607e-51	ATP1B1
AC025171.4	2.5441030012916763	4.7329763032132574e-51	AC025171.4
PHKG1	1.9798931960597768	5.0678673714375885e-51	PHKG1
AL391422.4	1.3172847337645164	5.134538722050616e-51	AL391422.4
KSR2	-3.229633037994612	5.252348884810787e-51	KSR2
SLC17A4	3.58601519602023	5.375370729091975e-51	SLC17A4
AC009879.4	-2.53014886002498	5.698254385654029e-51	AC009879.4
FDXR	1.4043130751280293	5.955797715446639e-51	FDXR
RASD1	-2.5280131673718333	6.074510911886642e-51	RASD1
AC243960.1	2.284561472825884	6.331115672974119e-51	AC243960.1
AP3S1	1.026944170804164	6.489550666099499e-51	AP3S1
DEFB131E	4.7408912536693375	7.003150955175613e-51	DEFB131E
CCR5AS	2.186048906360556	7.439879735483808e-51	CCR5AS
AC069499.1	2.591213681356205	7.957468625057466e-51	AC069499.1
CD52	2.105273577316436	8.279787005043576e-51	CD52
CXCL5	5.019460214024536	8.341227772752999e-51	CXCL5
NRP2	1.6909435312376289	8.382098523295072e-51	NRP2
AC127540.2	3.7398617864788	8.423709826061198e-51	AC127540.2
PDHA1	-1.155972991376755	8.7601828421102e-51	PDHA1
LCP1	1.8293017065082944	9.137761211397629e-51	LCP1
FOXD2-AS1	1.5355318123808304	9.231985351430465e-51	FOXD2-AS1
ITLN1	-3.653688450879709	1.0328786114801665e-50	ITLN1
LINC01152	2.7799511252919213	1.0368021766860065e-50	LINC01152
OGFR	1.0524800369947327	1.078274450049823e-50	OGFR
MYORG	-1.5375773210573027	1.1336121969392746e-50	MYORG
DCXR	-2.0787065284038286	1.2055977977128672e-50	DCXR
MSR1	2.0549531278883992	1.2250277636198512e-50	MSR1
RAPGEF3	-1.7255241096801386	1.226755762574447e-50	RAPGEF3
KRTCAP2	2.2634942498578043	1.2869030237258466e-50	KRTCAP2
AHSA2P	2.113364311300315	1.3007205481529628e-50	AHSA2P
SH2D1A	2.464274096030524	1.3535046211887866e-50	SH2D1A
GATA3-AS1	-5.323307852335008	1.465622277175829e-50	GATA3-AS1
CCDC160	-2.401179705668826	1.482675012301381e-50	CCDC160
F2	5.428588403891392	1.5224859225152798e-50	F2
PLD4	2.258852664636789	1.5891444430725597e-50	PLD4
AC099568.2	-1.738138327156672	1.6087750403095585e-50	AC099568.2
RNA5SP18	3.4724329968077225	1.825745595434441e-50	RNA5SP18
RAPGEFL1	1.7976875812203084	1.9064208180908704e-50	RAPGEFL1
AC005041.1	-2.2379315006950558	1.9550062401010465e-50	AC005041.1
SLC2A12	-3.3443409014685472	1.967220127211993e-50	SLC2A12
CD99	1.2748590055292168	2.0094443656751613e-50	CD99
AC009159.2	2.9440588536167653	2.080122800489678e-50	AC009159.2
DUSP4	1.8852187687738668	2.0941652324802718e-50	DUSP4
FJX1	1.5115500824774797	2.1707090282928692e-50	FJX1
PEBP1	-1.2041024629893275	2.236958795395549e-50	PEBP1
RTP2	5.247549638851695	2.278622787199863e-50	RTP2
TRAM1L1	-1.5093865870029084	2.280643765397105e-50	TRAM1L1
C5orf67	-2.8000533277265167	2.2999876648419453e-50	C5orf67
AANAT	2.632352639689224	2.3406019403049204e-50	AANAT
AC004494.1	2.9109330559610944	2.3573986299713307e-50	AC004494.1
RBIS	1.1197657184970984	2.4536196697009543e-50	RBIS
SIX1	2.434530526915285	2.4721480754073305e-50	SIX1
ARHGEF1	1.1854520309938084	2.61981074872104e-50	ARHGEF1
CETN4P	-1.8048862394676817	2.8105220677456345e-50	CETN4P
GIMAP4	1.2933436624102184	2.9647035808355533e-50	GIMAP4
AC009951.4	3.054681501094762	3.0206150029018297e-50	AC009951.4
PROCR	1.6052328114672083	3.153583375830924e-50	PROCR
ALDOC	2.227780304267153	3.520890857332523e-50	ALDOC
AC068831.6	2.3129233480680824	3.633567398698977e-50	AC068831.6
C17orf49	1.9303612069731089	3.684388176024351e-50	C17orf49
GRIK2	-2.7958950090156325	3.7011951738193376e-50	GRIK2
CTHRC1	3.145227147803196	3.811903336490471e-50	CTHRC1
FGR	1.5274086998927752	4.267296330683487e-50	FGR
AC079848.1	-1.7282950817030591	4.583213416907655e-50	AC079848.1
PADI2	-2.4794216766114974	4.596956966260946e-50	PADI2
LINC01976	-5.513988596233195	4.625967751731144e-50	LINC01976
AC124944.1	2.885336282351505	4.649868102259439e-50	AC124944.1
TRIM59	1.1670098151371364	4.649868102259439e-50	TRIM59
RAD51	1.5977289633359912	4.838657212425919e-50	RAD51
HPCAL4	-3.989661674498608	4.874024118880409e-50	HPCAL4
TCIRG1	1.4512400070458475	4.9666389904644645e-50	TCIRG1
AXL	1.5952488958654611	5.105270771651438e-50	AXL
LINC02473	4.447950447396226	5.107622885385256e-50	LINC02473
MACORIS	1.9629312949294064	5.217735761354424e-50	MACORIS
TMC1	-2.178966643456389	5.546707958988826e-50	TMC1
RBM46	3.6311297759530574	5.765388267537038e-50	RBM46
IRF7	1.7707630980261606	5.773537292314293e-50	IRF7
AC004817.3	4.1303419803362384	6.172699452178444e-50	AC004817.3
IGSF10	-2.771110157864125	6.351576536032853e-50	IGSF10
DNAJC3-DT	-1.3614042588095543	6.354780132917906e-50	DNAJC3-DT
FLT1	1.8645832164656773	6.37464848648157e-50	FLT1
STMN3	2.1479279207661266	6.496580003144872e-50	STMN3
PRRT2	2.399872435600459	6.683729708821471e-50	PRRT2
CTSV	-2.877104519183089	6.758153455009374e-50	CTSV
CDON	2.093295961607688	6.955014338465173e-50	CDON
PFDN5	2.200379177286001	8.008264297781146e-50	PFDN5
GRB10	1.4304970535818262	8.071885612487869e-50	GRB10
NBPF15	1.2294702708136989	8.10704103297118e-50	NBPF15
GALNT3	-2.585019210724816	8.898570164028548e-50	GALNT3
KIF20A	2.367685491692791	8.96594164405721e-50	KIF20A
CD5L	4.843494399934649	9.001493509443228e-50	CD5L
MRAP2	-3.372763701164594	9.97678395990748e-50	MRAP2
CXCL13	4.200645501325633	1.0579097994203877e-49	CXCL13
CARMIL2	2.537308754194138	1.0748656128740877e-49	CARMIL2
AC020779.2	-2.0978993474483865	1.107344020192886e-49	AC020779.2
TACC3	1.482610844191819	1.1092721804156511e-49	TACC3
LINC01141	2.722010358347948	1.126319268905973e-49	LINC01141
XCL2	2.562893727190503	1.1761206921637688e-49	XCL2
MYH15	2.387612464943877	1.1819819345879165e-49	MYH15
CD180	2.11889863304542	1.2073165990265922e-49	CD180
CDH26	1.6125900547036358	1.2808781010760446e-49	CDH26
AC090578.1	5.883361146730906	1.3186970498586868e-49	AC090578.1
TMEM207	-8.219288583314496	1.3674154899322569e-49	TMEM207
VWA8	-1.1730109909527662	1.4164230365503968e-49	VWA8
AC026369.3	3.8488272080612074	1.4442858636001052e-49	AC026369.3
PAQR4	1.7293367446605794	1.5298426599826536e-49	PAQR4
AC018695.9	3.6474086978024927	1.5376235010864198e-49	AC018695.9
SLC43A3	1.7041257898985531	1.6205606866480776e-49	SLC43A3
ADAMTS7P3	2.468237795962963	1.6883993010943468e-49	ADAMTS7P3
AC000068.1	-1.761076351282141	1.746309629570881e-49	AC000068.1
CGN	-2.4571758452101267	1.75936820941791e-49	CGN
CCDC142	1.142935365901801	1.7811700515277667e-49	CCDC142
RTP4	1.7222057427964497	1.8084165601860485e-49	RTP4
P4HB	1.2864204534212087	1.9031549961975547e-49	P4HB
AC083862.2	1.7485076290730983	1.9187237464963827e-49	AC083862.2
IFI44	1.55348014309909	1.9485766924810413e-49	IFI44
SSC4D	-2.148854976574512	1.9798337942921258e-49	SSC4D
NFKBID	2.181533788983034	1.993489147419888e-49	NFKBID
RRN3P1	1.690193528202654	2.1434167102904917e-49	RRN3P1
HSD17B7	1.687257294195314	2.3771115072661338e-49	HSD17B7
IL32	1.9782189369162957	2.4763360110324027e-49	IL32
SAT2	-1.15176867330947	2.738172910693021e-49	SAT2
RIPPLY1	-2.7802728362217333	2.8096219495545026e-49	RIPPLY1
PAQR6	2.599511064559409	2.8543480249596085e-49	PAQR6
AGER	2.100881623133447	2.908161968956382e-49	AGER
NKPD1	2.6543975207902304	2.94345691457264e-49	NKPD1
UBE2L6	1.1068999936205524	2.9876644550223595e-49	UBE2L6
POLQ	2.1466047115515567	2.9913505160869338e-49	POLQ
AC096667.1	2.3060239113379453	3.0565991756785165e-49	AC096667.1
CBLN3	1.6226134995384234	3.228905591788336e-49	CBLN3
ACOX2	-1.904264060297557	3.268205181159157e-49	ACOX2
AC064843.1	-4.910479290811858	3.667315439730045e-49	AC064843.1
SH3GL1	1.1087155780049582	3.699874819935242e-49	SH3GL1
PRRT1B	-2.7383849560365032	3.806044228462291e-49	PRRT1B
SLC13A3	-4.697134728595788	3.83772992994827e-49	SLC13A3
DCSTAMP	3.0002786430221517	4.00176974902554e-49	DCSTAMP
RGL4	2.076261050198793	4.0528295436314806e-49	RGL4
ATG9B	2.969144606220018	4.0713518741040736e-49	ATG9B
AL359762.1	-1.5470467241073218	4.082866401985057e-49	AL359762.1
KCNMA1	2.38166814061554	4.104513481227838e-49	KCNMA1
TUBA5P	-2.3020293709415043	4.225862147264421e-49	TUBA5P
SPTSSB	-3.5149456113756927	4.342250354757553e-49	SPTSSB
AC099548.2	1.7859234008730014	4.530884276355664e-49	AC099548.2
LINGO1	1.958885229800688	4.5708936277464485e-49	LINGO1
RDH10	-1.652853085769261	4.61518128510264e-49	RDH10
PKD2L1	3.256001393445055	4.64099827653192e-49	PKD2L1
AL590428.1	2.078422964119728	5.1344077876755735e-49	AL590428.1
LRRC71	3.014070163647919	5.241944931883118e-49	LRRC71
ZP1	4.674317490075466	5.26356560468735e-49	ZP1
TRAF3IP2	1.0598987916663865	5.7981799323755486e-49	TRAF3IP2
CLCNKA	-4.965549560202826	6.256239584176037e-49	CLCNKA
AC022210.1	2.130043787029249	6.385230972177136e-49	AC022210.1
MICB	1.3009482807138912	6.4472387601415295e-49	MICB
ADSS1	2.4588573824490902	6.476670170916263e-49	ADSS1
LINC02076	2.9534866674624505	6.900796643285639e-49	LINC02076
TMEM72	-3.031545437376663	7.058208592429544e-49	TMEM72
AC103563.9	-1.8374256944347125	7.238612758949695e-49	AC103563.9
TSPAN4	1.200650837036728	7.241516527792128e-49	TSPAN4
LINC01638	4.248427430323559	7.327619300513376e-49	LINC01638
AC007098.1	2.335608010690333	7.431041748217255e-49	AC007098.1
LRRC2	-3.4309469292169057	7.741305995792299e-49	LRRC2
ADPGK-AS1	2.258776384094644	7.764281353436567e-49	ADPGK-AS1
MYH10	-1.7453341669817093	8.196659673247688e-49	MYH10
NUDT10	-2.6869830985988417	8.530795901453368e-49	NUDT10
AL158212.3	-1.38547138945915	9.856304719098467e-49	AL158212.3
AC108676.1	2.7058909231297767	1.0145306588773524e-48	AC108676.1
AL031123.3	-2.135762475934943	1.0538951745591592e-48	AL031123.3
SLA	1.7743549726506982	1.0612584606768264e-48	SLA
ALDOB	-4.733702373808352	1.0764313418435191e-48	ALDOB
TRMT1	1.1799437900401812	1.1029584547977114e-48	TRMT1
AF127936.1	2.348208861677582	1.1572256589768342e-48	AF127936.1
RAP1GAP	-2.5801264443565	1.1675140818097052e-48	RAP1GAP
SLAMF8	2.4629568067550824	1.1675140818097052e-48	SLAMF8
CDCA7L	1.726743294588601	1.1826325478250064e-48	CDCA7L
SIPA1	1.1045152164947432	1.1848015494989959e-48	SIPA1
B3GNTL1	1.3134675720101143	1.2088093396798959e-48	B3GNTL1
ANKZF1	1.4490507296890516	1.2118786347900002e-48	ANKZF1
DYSF	1.4724483287785344	1.2601544405987814e-48	DYSF
BRWD1-AS2	-1.6220112096692272	1.2621718609767902e-48	BRWD1-AS2
AC063976.2	2.6674020023030067	1.4206189354230218e-48	AC063976.2
NPIPB4	2.082329408920227	1.4572551410289992e-48	NPIPB4
LINC01488	2.8576935793073	1.5279255780731123e-48	LINC01488
ARHGAP33	2.1074511529397664	1.5794050911823075e-48	ARHGAP33
AC010198.1	-3.1642856983319936	1.6130295515801246e-48	AC010198.1
AC027601.1	2.6093748828896977	1.613800586581987e-48	AC027601.1
MKI67	2.2177280370548416	1.7843146198756813e-48	MKI67
TBC1D4	-1.4839366762160755	1.801469926475085e-48	TBC1D4
AC006963.1	-2.2287542722008413	1.8079260816213305e-48	AC006963.1
TTC4P1	4.6701169960203455	1.9335563423581947e-48	TTC4P1
LINC00845	-3.221078622215836	1.9391368690127967e-48	LINC00845
HMGN1P17	-3.0558929880695422	2.2415230001161092e-48	HMGN1P17
FAS	1.2275671271076896	2.2415230001161092e-48	FAS
CD5	2.1075113343540464	2.3002261201995182e-48	CD5
AP002954.1	2.887687750602205	2.3673627581275688e-48	AP002954.1
POU5F1P3	2.5977520086366805	2.4082287311532556e-48	POU5F1P3
TBC1D30	-1.266345035970821	2.4111992358794724e-48	TBC1D30
CMTM3	1.5164182657887484	2.438483789187649e-48	CMTM3
SIGLEC7	2.0878645121005386	2.4840425784328964e-48	SIGLEC7
AC026691.1	-1.3799428552580442	2.5103997596818566e-48	AC026691.1
TNIP1	1.040929375828702	2.5571901479738163e-48	TNIP1
COL6A2	1.9739697151039952	2.6011356495929024e-48	COL6A2
LACTB2-AS1	2.0408954171564826	2.63863310215778e-48	LACTB2-AS1
LAIR2	3.4712339595926167	2.654053864095741e-48	LAIR2
FAM110A	1.1302867964909311	2.6571299862010882e-48	FAM110A
VDAC2P3	-3.707969809120435	2.669243091849213e-48	VDAC2P3
TAP2	1.1560261673757002	2.6859791018608864e-48	TAP2
AC079209.1	3.0098780779685588	2.7689132951068694e-48	AC079209.1
AL121574.1	-1.718743459867613	2.7910594460591554e-48	AL121574.1
AL352979.4	-1.6173487593016802	2.8187434079498563e-48	AL352979.4
RABGAP1L-DT	-1.6245555800582856	2.8406262238839936e-48	RABGAP1L-DT
CTSLP1	-3.7813676712457456	2.9034091388514517e-48	CTSLP1
NLGN1	2.004189839370058	2.9329374890004925e-48	NLGN1
AC092617.1	2.830867016701319	2.984128858930503e-48	AC092617.1
POPDC2	1.5421680173153651	3.1651588475507545e-48	POPDC2
CRIP1	2.081776139742759	3.335927622010294e-48	CRIP1
KIAA0319	2.824761357286313	3.5099343206595166e-48	KIAA0319
FIBCD1	4.383983250223722	3.581325216285481e-48	FIBCD1
ECHS1	-1.3275764718285128	3.652557433441497e-48	ECHS1
AC007255.1	-2.5658517983908653	4.2783551557570396e-48	AC007255.1
SLC9A5	1.7688883439873857	4.384572958406728e-48	SLC9A5
LINC01929	3.405064746565522	4.5865918557919047e-48	LINC01929
NRL	-1.2456276485965132	4.5940402513362116e-48	NRL
ARHGAP42	1.3175914494471814	4.60425156971449e-48	ARHGAP42
IL3RA	1.4446233454684247	4.7038494026751967e-48	IL3RA
SEMA6A-AS1	2.299113140146228	4.9112624769104835e-48	SEMA6A-AS1
SNORD99	3.5993506557889	5.0224131373916697e-48	SNORD99
SPACA9	-1.1851466794032075	5.0900725174813125e-48	SPACA9
AC040162.1	2.019745963303212	5.109766506021929e-48	AC040162.1
PLEKHG4	2.1145551245030787	5.2015928682303576e-48	PLEKHG4
BRIP1	1.8030620171467648	5.385118145658748e-48	BRIP1
AL355377.3	2.7696269187064804	5.431432499883333e-48	AL355377.3
AC243962.1	3.4288397748651653	5.660494991478372e-48	AC243962.1
PXDC1	1.1811154406176634	6.400424825726663e-48	PXDC1
PIPOX	-2.986111561396464	6.458166378465225e-48	PIPOX
AL136376.1	-3.190397177236808	6.727797039709767e-48	AL136376.1
AC092809.4	2.6096717377058467	6.848208835557464e-48	AC092809.4
AC027559.1	1.820618069990088	7.264994674838126e-48	AC027559.1
AF111169.3	2.535366521875962	7.561637210095141e-48	AF111169.3
FABP5	1.9323688862730688	7.786694126971367e-48	FABP5
RHOG	1.0124719916915443	7.986364562538392e-48	RHOG
TNNT1	4.720657191456544	8.105217508596263e-48	TNNT1
MYO3B	-3.802397313226265	8.237602493673144e-48	MYO3B
GAL3ST3	-4.422096659282037	8.535966948600189e-48	GAL3ST3
MCUB	1.6311111128745328	8.71314978955434e-48	MCUB
COL4A5	-2.323549581475912	8.769524936136643e-48	COL4A5
HLA-DRB1	1.6034369834770166	9.097776515232139e-48	HLA-DRB1
LINGO3	2.5168799790631624	9.317590598389359e-48	LINGO3
CRYGS	2.1244151342900803	9.595829967852615e-48	CRYGS
MS4A4A	1.90448095012676	9.619847056437347e-48	MS4A4A
AL162171.1	-1.697870398394158	9.844831347888083e-48	AL162171.1
FGG	6.198443229762676	1.0256531282009051e-47	FGG
FDFT1	-1.018288555936744	1.06826979801777e-47	FDFT1
FMO4	-1.3971844245049032	1.0884992907469211e-47	FMO4
AP006287.3	-3.980748976906833	1.1114641521044326e-47	AP006287.3
PAQR8	-1.3484995046996897	1.1206298455111002e-47	PAQR8
MTFP1	1.6786940221535245	1.121344876378148e-47	MTFP1
ABLIM3	1.9812392605046971	1.1224996254784702e-47	ABLIM3
NLRC3	1.2999684441125774	1.1389809475724154e-47	NLRC3
NHSL1	-1.274298833866489	1.1390078340588067e-47	NHSL1
SLC9A4	-6.155671384952337	1.1476632248476427e-47	SLC9A4
C2orf92	2.06330631495358	1.151839618642842e-47	C2orf92
E2F7	2.4238278155647595	1.1767917900097959e-47	E2F7
N4BP2L2-IT2	2.281013608136536	1.229550065123953e-47	N4BP2L2-IT2
AC105398.1	-5.400018475305969	1.2377811181386824e-47	AC105398.1
TOMM40P2	3.1016103022130275	1.270839512246093e-47	TOMM40P2
CENPA	2.459260353498865	1.2879142877788582e-47	CENPA
AC087045.3	-5.416812331238748	1.295959441586311e-47	AC087045.3
AC015819.1	1.7415718793903912	1.3346727613794692e-47	AC015819.1
SLC41A2	1.206725786873033	1.455080034071299e-47	SLC41A2
AP005899.1	2.357814042395039	1.456753405295113e-47	AP005899.1
NMI	1.0181431502276794	1.4597956738871004e-47	NMI
AL445985.1	-2.299913784725331	1.4704443982592982e-47	AL445985.1
EXOC3L1	1.5152697834421844	1.4922718767099906e-47	EXOC3L1
RPS19	1.481437409386644	1.7420766767784503e-47	RPS19
IL4I1	2.1230617539801337	1.754871091004533e-47	IL4I1
SPNS1	2.388244975220643	1.7921046483505603e-47	SPNS1
GCDH	-1.0666195624242614	1.8305755830246878e-47	GCDH
ESCO2	1.881772543168176	1.9016725742758376e-47	ESCO2
SIGLEC17P	1.745503039993763	1.9315264831289862e-47	SIGLEC17P
NGF	2.126193365776422	1.9558168923109668e-47	NGF
TMPRSS9	2.74281936312824	2.0044874466940215e-47	TMPRSS9
AC009533.1	2.2753196142415386	2.0397998203639267e-47	AC009533.1
TRAF2	1.0338884153966943	2.157746028842612e-47	TRAF2
AC009119.1	1.7060688936035375	2.1693356067815919e-47	AC009119.1
MAGI2-AS3	-1.5883226900249576	2.1929531190640954e-47	MAGI2-AS3
MYBL1	1.7487268990216671	2.4433974323817594e-47	MYBL1
CLECL1	2.322459004927336	2.487608367617957e-47	CLECL1
GPR141	2.2567082688231648	2.5051686363178527e-47	GPR141
CGNL1	-2.129750695671105	2.6886133627580314e-47	CGNL1
AC087164.1	2.6384191186220334	2.7399518208705677e-47	AC087164.1
GPR176	1.4434188442084237	2.7399518208705677e-47	GPR176
GRK5	1.252638948583705	2.828429924794675e-47	GRK5
DHPS	2.4926432237178293	3.141707804789634e-47	DHPS
PDCD4-AS1	1.2918227544162928	3.2633864490336157e-47	PDCD4-AS1
NADSYN1	1.0563520739424654	3.3021784621313228e-47	NADSYN1
EIF4A1	2.402126648680782	3.420622671963531e-47	EIF4A1
KIR2DL4	2.404166902434949	3.4256655823506353e-47	KIR2DL4
ZNF692	1.8302617235408127	3.561113915528369e-47	ZNF692
AC127502.2	1.8303943370295692	3.620870171780495e-47	AC127502.2
TLR6	1.72465625271538	3.658611282048303e-47	TLR6
HEY1	1.5863483461789734	3.718506118958263e-47	HEY1
AP001029.2	2.69227687316202	3.833104172875516e-47	AP001029.2
ZNF197-AS1	-1.469621332135305	3.883686113187177e-47	ZNF197-AS1
AL121933.2	1.976106051482207	4.0067230989310775e-47	AL121933.2
GJA1	1.752952357935473	4.3645307438203087e-47	GJA1
SPATA18	1.667268831166545	4.76305025805964e-47	SPATA18
HHLA2	3.111867315641148	4.852852783734982e-47	HHLA2
CKM	-2.8921984033501253	4.944687535792678e-47	CKM
TRGC2	2.3724832061914563	5.162352216648414e-47	TRGC2
C16orf74	3.1242666639839274	5.191802619910491e-47	C16orf74
FLI1	1.2032111036162074	5.392590907008248e-47	FLI1
DLK2	2.2791016878442774	5.829272562904249e-47	DLK2
OLFM3	-5.440321367421585	5.880186229025304e-47	OLFM3
NCCRP1	-2.9475323403383795	5.909972254612161e-47	NCCRP1
DLX2	3.1556058449708924	6.052058323891051e-47	DLX2
TOX2	1.71420322203424	6.26832592439413e-47	TOX2
APEH	-1.2351162396253863	6.457277266162595e-47	APEH
RASSF10	-3.118301842944452	6.499282770775262e-47	RASSF10
SIRPG-AS1	4.971208901255607	6.771431834334092e-47	SIRPG-AS1
AC092295.2	-1.0487188602014044	6.824225569193618e-47	AC092295.2
MYO5C	-1.2894512630249562	7.1206975629246655e-47	MYO5C
XAF1	2.0078699388153294	7.336578185856672e-47	XAF1
KCNQ1	-1.84546732445435	7.427560659942093e-47	KCNQ1
ANLN	2.3142483626233723	7.522957570410982e-47	ANLN
FANCG	1.896459269757404	7.535849887182419e-47	FANCG
PBK	2.0984059094600016	8.195219583273463e-47	PBK
SLC2A3	2.0229030280548552	8.195379706514815e-47	SLC2A3
VSIG8	-3.6704650651715167	8.290428740833675e-47	VSIG8
RPL7P50	3.300231299800453	8.537377938720941e-47	RPL7P50
ANO1	1.8055427278701952	8.742142939364945e-47	ANO1
CTNNAL1	-1.416172702090006	8.765886908927913e-47	CTNNAL1
AC027288.3	-2.841560688037789	9.188475097151003e-47	AC027288.3
ITK	2.092184638087893	9.19244802350564e-47	ITK
ZDHHC2	-1.8292127381110797	9.343109579247255e-47	ZDHHC2
ACKR2	-2.2535171317608835	9.45168990500161e-47	ACKR2
EXOSC5	1.3176125559627552	9.85960990821572e-47	EXOSC5
CTDSPL	-1.213281183947997	1.0070517862239867e-46	CTDSPL
LINC02084	2.469492669535776	1.0336649950252422e-46	LINC02084
RELB	1.1145174975678531	1.0743360914463295e-46	RELB
GPR182	-2.448472244424869	1.129911334866677e-46	GPR182
AC087762.1	-2.902140643285568	1.1645588547951743e-46	AC087762.1
AC073257.1	2.3051776308206016	1.2490907239362526e-46	AC073257.1
MIR1270	3.3634525151209207	1.2847247722900588e-46	MIR1270
TSHR	2.404013768647397	1.2977946335998438e-46	TSHR
PDGFD	1.8291902657384032	1.3193306006519432e-46	PDGFD
PAEP	7.38090025493342	1.3458566843250103e-46	PAEP
CNNM2	-1.0617965449978235	1.3538111988192774e-46	CNNM2
GNAI1	-1.2123738327731546	1.3589504214933302e-46	GNAI1
SLC9A9	1.8092545265765283	1.3903413441231295e-46	SLC9A9
LINC01857	3.0771730580438743	1.4156194444679738e-46	LINC01857
NDUFV2	2.1723519991395617	1.5099137279855486e-46	NDUFV2
AC008453.2	2.772549911790857	1.5272570109242552e-46	AC008453.2
ARL4D	-2.698171521209974	1.6265189930847103e-46	ARL4D
SLC5A11	-3.0917244216100475	1.663732799565789e-46	SLC5A11
NR1I3	-2.3988359637504666	1.6754367885457951e-46	NR1I3
BCAR3	-1.01248251373066	1.7289646545885398e-46	BCAR3
TNFSF8	1.82215973922381	1.7358629784171971e-46	TNFSF8
SAMHD1	1.419964637312895	1.766937753316733e-46	SAMHD1
LINC02642	2.86528567349859	1.805976290381453e-46	LINC02642
CHKB	2.7331813540529803	1.9020490430319845e-46	CHKB
SKA1	2.1369288633074177	1.9466260811112238e-46	SKA1
AP001122.1	2.694894957950452	2.043475587816012e-46	AP001122.1
APOBR	1.6941196131212315	2.052653587417064e-46	APOBR
SPC25	1.8427580070699967	2.1717089113170263e-46	SPC25
PEG13	2.905963503341109	2.257163067471127e-46	PEG13
ZNF831	2.246399172355622	2.2915666605444468e-46	ZNF831
NCAPG	2.036477055030613	2.36816200085396e-46	NCAPG
POU2F2	1.9618534450839549	2.3939812983069127e-46	POU2F2
DOCK10	1.3994786837252222	2.4341974751373836e-46	DOCK10
AFAP1-AS1	3.779145678870343	2.555504595000699e-46	AFAP1-AS1
IL10RB	1.222988837318847	2.6057802007099446e-46	IL10RB
AC093915.1	3.624275414582841	2.6122468082555877e-46	AC093915.1
ACOT12	-4.288715155213356	2.6143002729201482e-46	ACOT12
GGT6	-4.769347846226263	2.6656217944742608e-46	GGT6
PRELID3A	1.6244424978172176	2.7088212717299952e-46	PRELID3A
LINC01819	-3.2529959913166904	2.891700841085949e-46	LINC01819
MNDA	1.7752146394279171	3.175707896358455e-46	MNDA
RIT1	1.0870703271787596	3.2379385122418967e-46	RIT1
AC027702.1	1.6138339037196077	3.277795183492589e-46	AC027702.1
AC004554.1	-1.5724686518671318	3.4031856410740243e-46	AC004554.1
PIF1	2.2747279343984284	3.428738961257577e-46	PIF1
CFLAR-AS1	2.339719320591823	3.4420740969469823e-46	CFLAR-AS1
SLC9A3	-3.2333824992718525	3.485501401612389e-46	SLC9A3
ICAM3	1.8823910317240256	3.608462211695184e-46	ICAM3
HP	5.704578004581796	3.6843614832328384e-46	HP
PRRG1	-1.2836591177484826	3.986744154489724e-46	PRRG1
AC016957.2	1.6794882300041492	3.9940477200240805e-46	AC016957.2
LNCAROD	3.071674202795287	4.1622001063797295e-46	LNCAROD
CERS3-AS1	2.956790213918568	4.231861422801193e-46	CERS3-AS1
CACNA2D4	2.0813437876021488	4.2589415166223184e-46	CACNA2D4
AC130371.2	-2.523081328704443	4.3510685935340084e-46	AC130371.2
AL607028.1	-2.2107983663683552	4.734476464607312e-46	AL607028.1
GPR174	2.511429740361722	4.7845688368685596e-46	GPR174
INF2	1.3093081717050976	4.7980329505190734e-46	INF2
APOB	4.184580969043209	4.880582685029787e-46	APOB
TFAP2E-AS1	1.9552234906699624	4.8895989604845074e-46	TFAP2E-AS1
AL713899.1	4.314496568571248	5.105663180597852e-46	AL713899.1
HSPB7	-3.323048079221913	5.5372836267341446e-46	HSPB7
LMNTD2	2.144522959711691	5.790157455877595e-46	LMNTD2
AL023653.1	2.6317470021986176	5.870194135341274e-46	AL023653.1
TCIM	-2.1771253990791206	5.971439759306421e-46	TCIM
REEP4	1.1484053180898242	5.98486448356905e-46	REEP4
FANCI	1.1962113822449398	6.309562699783255e-46	FANCI
LINC01146	2.551734707040749	6.465059292413708e-46	LINC01146
TUBB8P7	-3.301430236810094	6.633388350057178e-46	TUBB8P7
SEC61G	1.1194008191785856	6.675110667444952e-46	SEC61G
TMEM179	3.9594617613671352	7.150008545140566e-46	TMEM179
TNK2-AS1	2.372567954686601	7.337275607968907e-46	TNK2-AS1
LURAP1	-1.8200791241111969	7.355412686232396e-46	LURAP1
ST20	2.1767086214412346	7.455634641870868e-46	ST20
AC011337.1	2.414486411225395	7.790669934285094e-46	AC011337.1
ACAN	2.602625414724962	7.825324394600281e-46	ACAN
AC144831.1	-2.496184738175188	7.896316865192138e-46	AC144831.1
AC021078.1	1.6892115506123973	7.926795991568284e-46	AC021078.1
ASAP1	1.0438255219497004	7.940251985672375e-46	ASAP1
SUCLA2	-1.0366823248856694	7.950033522220651e-46	SUCLA2
AC006369.1	2.4715213435645995	8.207586995443209e-46	AC006369.1
AC069281.2	2.714063509032015	8.834809721455904e-46	AC069281.2
BPI	-2.7830794092857785	9.014955791549434e-46	BPI
AC010883.2	3.224591594176352	9.088915184668045e-46	AC010883.2
IRF9	2.2182450281785067	9.210098826636053e-46	IRF9
AL805961.1	5.242178471877227	9.663852764041156e-46	AL805961.1
MSC-AS1	1.675662178335911	1.0701827066548451e-45	MSC-AS1
GUCY1B1	1.1842435515004222	1.1236100263663108e-45	GUCY1B1
MAP3K12	1.3407973602244714	1.1284515839877808e-45	MAP3K12
SFXN5	-1.259240023633676	1.1319824817163206e-45	SFXN5
AC009242.1	3.200656624966657	1.1832747252987196e-45	AC009242.1
OVCH2	-4.386365629993974	1.1993253079479173e-45	OVCH2
GPM6B	-2.1216165431597163	1.3236435502353502e-45	GPM6B
SLFNL1	2.203339085924369	1.3242466593633857e-45	SLFNL1
NPIPP1	2.0276004663802167	1.3406454343860015e-45	NPIPP1
AC007326.3	5.627411055331314	1.445471674294996e-45	AC007326.3
GALM	-1.191532944367372	1.4903391838577982e-45	GALM
RAB33A	2.147271754001894	1.5047319838970432e-45	RAB33A
LY6H	3.5026151422594944	1.60656126013555e-45	LY6H
OTOF	2.5927711219655256	1.6278649627650942e-45	OTOF
HNRNPA1P21	2.6392311032211184	1.742460574560543e-45	HNRNPA1P21
TRAV19	3.092005542006091	1.742460574560543e-45	TRAV19
SLC17A2	3.284333806618913	1.742460574560543e-45	SLC17A2
HDAC10	2.215740033676918	1.742460574560543e-45	HDAC10
CCL20	3.631140811457694	1.7660636831361768e-45	CCL20
NPIPB3	2.1842601605092606	1.906078599218111e-45	NPIPB3
NTNG1	-4.501996651826034	1.9955962315521422e-45	NTNG1
AL031595.3	2.686734432790299	2.0171201567932945e-45	AL031595.3
GMDS	-1.000898371294776	2.0450279616144548e-45	GMDS
MTMR11	1.5897827684812302	2.1788213156820002e-45	MTMR11
WASF3	-1.5122241311044748	2.2084828256732208e-45	WASF3
LINC02336	-4.605523097760108	2.216105080495023e-45	LINC02336
FANCA	1.6365624841980675	2.253170538926346e-45	FANCA
MSH4	2.858641704798889	2.2913042049229724e-45	MSH4
AC024022.1	-4.441405953073555	2.291854613670186e-45	AC024022.1
AIDAP2	2.2624932613578927	2.354313336334787e-45	AIDAP2
MIR924HG	2.4582654172164338	2.398691582162851e-45	MIR924HG
TMEM255B	1.5236655883591452	2.4261292679209038e-45	TMEM255B
PLAU	-2.109948851182527	2.5199972318408137e-45	PLAU
DHRS9	2.401027045743089	2.5533692807305452e-45	DHRS9
AC090616.6	1.8743789125097383	2.6460777618141192e-45	AC090616.6
DLGAP3	-1.596690378926086	2.652727426000892e-45	DLGAP3
MCCC1	-1.1337302186840308	2.7112837134928678e-45	MCCC1
ABCD3	-1.010620577281235	2.9303692448402465e-45	ABCD3
PLXNA3	1.3459011176745697	3.0015464631767475e-45	PLXNA3
CD14	1.7509327148063965	3.1427063929498004e-45	CD14
MDS2	2.294622356193513	3.230108585806529e-45	MDS2
NDST3	-3.0702602513440707	3.2631218486277186e-45	NDST3
NOP16	1.1585110486064678	3.806019119910428e-45	NOP16
AC108704.1	2.1758982792225314	3.868432090004646e-45	AC108704.1
AC107057.1	-6.567657671916336	3.9502514242132376e-45	AC107057.1
AL035604.1	-4.505087575688567	3.960664343893726e-45	AL035604.1
MMP14	1.4543046494067302	4.225033381121226e-45	MMP14
WLS	-1.4905880736052193	4.2962528889311835e-45	WLS
LOXL3	1.444076109689858	4.360128686833371e-45	LOXL3
LINC02802	2.927887421411741	4.41682643225893e-45	LINC02802
DDX41	1.0424315694800328	4.4672056358888054e-45	DDX41
HMGN5	-1.099411569172703	4.89617120892651e-45	HMGN5
DPY19L2P1	3.639331105348081	4.9717586733952954e-45	DPY19L2P1
MANCR	3.614601940951708	5.16466563527704e-45	MANCR
HOXB9	-3.2968645902799514	5.2506505859413025e-45	HOXB9
CATSPER1	2.004453530624661	5.454168261250374e-45	CATSPER1
PPM1F	1.0435278953300842	5.5062853363844416e-45	PPM1F
NR3C2	-2.0339915401362743	5.595223933203486e-45	NR3C2
TLR2	1.5815584443204491	5.633967629118012e-45	TLR2
TTK	1.8297747957327604	5.714338287616418e-45	TTK
PALM	-1.6069535004377402	5.752533448598553e-45	PALM
FSCN1	1.558226400398543	5.973036571428699e-45	FSCN1
POLE2	1.3372958305501137	6.465967856142137e-45	POLE2
AC022432.1	4.056528780304436	6.492164756048696e-45	AC022432.1
AC011411.1	2.982164432091142	6.61208185042141e-45	AC011411.1
JPH4	-1.6289063408870723	6.642345858066918e-45	JPH4
CLEC1B	2.847167472904111	7.180338204929397e-45	CLEC1B
AC026356.2	2.0111135132082376	7.612667820248596e-45	AC026356.2
AC012613.2	4.6680695413971245	7.635939767122234e-45	AC012613.2
VAV3	-1.4026487824588494	7.81643536182258e-45	VAV3
AL731567.1	2.998102968969681	7.885854388384762e-45	AL731567.1
AC008875.2	1.895132393768885	8.371038707601948e-45	AC008875.2
TENT5B	-2.569216058599842	8.456791063303891e-45	TENT5B
LINC00707	2.7952676110012664	8.593756615973427e-45	LINC00707
KRT81	3.340768001168629	8.675240835861533e-45	KRT81
CD48	1.9079561823776128	1.0197828313421629e-44	CD48
TBX3	-1.840185078309972	1.0952492808135706e-44	TBX3
COL4A2	1.5189165816712182	1.1204276552601604e-44	COL4A2
AC092535.5	2.8610355857375924	1.1547313076805076e-44	AC092535.5
FCRL3	2.8686093424008328	1.163522333181414e-44	FCRL3
POLG2	1.2118159534062587	1.2392543459571558e-44	POLG2
SLC6A17	-2.7677702908540347	1.3428277734521298e-44	SLC6A17
SLC34A3	-3.4228539653506704	1.3800961652933604e-44	SLC34A3
ARID5A	1.4054780744998168	1.4817510014960722e-44	ARID5A
PPEF1	2.5249857895625776	1.4911019761796506e-44	PPEF1
OSMR	1.5069846137943383	1.516266408230516e-44	OSMR
AC132872.3	2.4506679389945423	1.53979737917963e-44	AC132872.3
LIPH	-3.604769605988753	1.5811785060453841e-44	LIPH
JAML	1.66795455679809	1.5875795418447438e-44	JAML
AC010359.2	-1.4472868646353725	1.5880268876039998e-44	AC010359.2
PDCD6	1.756285975671141	1.588423443470953e-44	PDCD6
ADAM8	2.1448629921196103	1.677451587138427e-44	ADAM8
AC116366.1	1.9642432849171456	1.6811234963113777e-44	AC116366.1
SHC1	1.0262474027432482	1.6879772569958825e-44	SHC1
GNG7	-1.406194232409005	1.8951308269432665e-44	GNG7
CCDC141	2.088145815158905	1.9297382556371111e-44	CCDC141
AC007996.1	-1.6965579618504567	1.9399766066835725e-44	AC007996.1
ACOT11	-1.961845050849793	1.9409203808930882e-44	ACOT11
AL355377.4	2.3809522882633147	2.0527965844233465e-44	AL355377.4
LY6G5B	2.3335711854025605	2.063427503782455e-44	LY6G5B
AC011498.7	1.984121392654808	2.143912332376593e-44	AC011498.7
MAL2	-2.7339194558334623	2.1617500238152361e-44	MAL2
RFX2	1.507060193982097	2.161942517489512e-44	RFX2
NPHS2	-7.094010531956037	2.1704641189380412e-44	NPHS2
AC093849.1	3.9236117110814113	2.1934862441991905e-44	AC093849.1
LINC02432	-2.8333233876849016	2.1943883158729838e-44	LINC02432
NLRP1	1.511713045147963	2.33499390654976e-44	NLRP1
RRM2	2.112687144031475	2.36643839929542e-44	RRM2
ATP6V1H	-1.1744060770467617	2.476400443869492e-44	ATP6V1H
GAPT	2.071654451852648	2.534304594072765e-44	GAPT
CHL1	-3.3330066069125706	2.537064144526459e-44	CHL1
GRAP2	1.679938020568112	2.664442942611816e-44	GRAP2
SEMA6B	1.6257762330785874	2.6662771929725023e-44	SEMA6B
HOXD13	3.193457976532424	2.726534229235938e-44	HOXD13
PTCSC1	3.378727112528553	2.756234856444612e-44	PTCSC1
SNHG20	1.216629120749113	2.8671263012071854e-44	SNHG20
LY9	2.1008215970170823	2.9033798975878605e-44	LY9
MSH5	2.181042767106561	2.942634444046692e-44	MSH5
THRB	-1.9110555551111668	2.967642834466353e-44	THRB
AF111167.2	-1.500594519071193	3.22447142009e-44	AF111167.2
AC018695.6	4.248192704471752	3.5090986853115056e-44	AC018695.6
CSRNP3	-1.618990475640181	3.710278009642191e-44	CSRNP3
PHLDA3	1.6545452960872915	3.8320635962666513e-44	PHLDA3
TMEM92-AS1	3.666749143238261	3.978817371070269e-44	TMEM92-AS1
NPY5R	-2.434392204395357	4.2097468436673705e-44	NPY5R
AC096733.2	-1.500884155478928	4.562439611972599e-44	AC096733.2
MPPED2	-2.478699801543004	4.681341934140309e-44	MPPED2
NELL1	-5.791338898686681	5.094005935756739e-44	NELL1
LINC02541	2.990701527974409	5.550672957738708e-44	LINC02541
PLEKHO2	1.0442843969850335	5.600614007096019e-44	PLEKHO2
ABCD1	1.0375069543144215	5.738749893333405e-44	ABCD1
LNCSRLR	2.3649444099632486	5.986571705228047e-44	LNCSRLR
LINC01934	2.7162396795263626	6.36382811849047e-44	LINC01934
AC016397.2	2.258268834019732	6.395126553217177e-44	AC016397.2
NCK1-DT	1.0201837067481676	6.544977674492177e-44	NCK1-DT
AL353807.5	2.206822032012492	6.662113606650444e-44	AL353807.5
AP000696.2	-3.780324961096394	7.002233916487755e-44	AP000696.2
ADAMTS2	1.909658483847665	7.071627505885015e-44	ADAMTS2
LCAT	1.8180875829003185	7.157982336009678e-44	LCAT
TIMP1	2.074633409179249	7.345276969366846e-44	TIMP1
AC068338.2	-1.0524447491219442	7.417839528272367e-44	AC068338.2
DOCK6	1.195776317154589	7.546819236252068e-44	DOCK6
TLCD3B	3.6520535487619528	7.939933235598272e-44	TLCD3B
TMEM86A	-1.4306855106025225	8.151852255578949e-44	TMEM86A
PKD1L1	1.8465613686290536	8.166775237303707e-44	PKD1L1
AC091185.1	2.236824918579205	8.407919898070831e-44	AC091185.1
PPARA	-1.0744062888134926	8.849048935675344e-44	PPARA
TRPC2	3.88911416353256	9.159332493719151e-44	TRPC2
THOC6	1.116560189462815	9.416257854989035e-44	THOC6
XRCC3	1.5153995756095444	9.930201803569117e-44	XRCC3
SULT2B1	-3.289448684309665	1.0189712542206136e-43	SULT2B1
LINC02703	4.07498315659163	1.0308847051474414e-43	LINC02703
ABHD11-AS1	2.4869365981539047	1.0521522843169761e-43	ABHD11-AS1
SCNN1D	2.3970834143165485	1.0888160659752531e-43	SCNN1D
RALGPS1	-1.933659144622908	1.095481542939067e-43	RALGPS1
AC112220.2	-1.1460651341229264	1.1025217078463822e-43	AC112220.2
YES1P1	2.977851407114355	1.1129342378980769e-43	YES1P1
AC027097.2	1.1059908003738916	1.1378891628636998e-43	AC027097.2
LINC02615	1.9781850011481144	1.1483745367993977e-43	LINC02615
MFAP3L	-1.697483029489428	1.1536282944901516e-43	MFAP3L
M1AP	-1.7510588196777264	1.1707396045647809e-43	M1AP
HLA-V	2.26783174096888	1.217115085899634e-43	HLA-V
CCDC102B	1.4748434139992106	1.324695420876169e-43	CCDC102B
AP1M2	-2.4778329638182552	1.333257917615789e-43	AP1M2
SCN7A	-4.039712922891837	1.338320023871934e-43	SCN7A
RCSD1	1.2027427603861571	1.4583902871566651e-43	RCSD1
AC092667.1	2.6555699059232976	1.5522307081245137e-43	AC092667.1
KIF18BP1	-4.803208783922574	1.5798343182242793e-43	KIF18BP1
AL117334.1	-1.7581722844490433	1.5989538429013134e-43	AL117334.1
SCAND2P	1.4432998449659862	1.6544613034022517e-43	SCAND2P
AUXG01000058.1	-2.700378105938013	1.6879194945311441e-43	AUXG01000058.1
AC000067.1	3.2910034833454533	1.6940173926456922e-43	AC000067.1
AC090337.1	3.619782608072573	1.7099475176830082e-43	AC090337.1
AC239859.5	3.590029302234228	1.7319537991595152e-43	AC239859.5
GBP1	1.8107700482659856	1.772256574690132e-43	GBP1
GOLGA8A	2.8585900273744413	1.7745184117300742e-43	GOLGA8A
ALOX12	1.288813829474887	1.808474911842172e-43	ALOX12
AC020917.4	2.0717195582068317	1.815852751450827e-43	AC020917.4
SMTNL1	2.8977555671723154	1.8763166014803028e-43	SMTNL1
KLK7	-5.80240542130683	1.899346026442192e-43	KLK7
C15orf54	2.7903269616592192	1.9294174493728675e-43	C15orf54
THBS3	1.4221310409313122	1.9768970775553842e-43	THBS3
AC012615.6	2.107989491323311	1.9770168833485213e-43	AC012615.6
LINC02099	4.153868307480722	2.010971276913102e-43	LINC02099
EPB41L4A-AS1	1.4241451447607083	2.114831741250197e-43	EPB41L4A-AS1
WDR90	1.360085533766955	2.2974539234285847e-43	WDR90
METTL26	1.5856624888697997	2.358022557105676e-43	METTL26
MFNG	1.2032186704630323	2.3837526848805146e-43	MFNG
PRR16	1.7567787406631343	2.464500240495776e-43	PRR16
TRGV7	1.9366104004041889	2.5127260876688423e-43	TRGV7
DLX4	2.6769990244598034	2.690071056364091e-43	DLX4
C22orf34	1.7286347137704896	2.7554737032464233e-43	C22orf34
HMGCR	-1.0341020139254198	2.7625622624752e-43	HMGCR
AC119424.1	-2.9611226087204554	2.7741903442152645e-43	AC119424.1
SMIM38	-2.8753989901222927	2.7820363535293757e-43	SMIM38
PLA2G5	2.816651037043211	2.865404402084212e-43	PLA2G5
AC090001.1	-2.5198739428396277	2.9209849290013823e-43	AC090001.1
AC132812.1	1.8889297551200237	2.980597815824946e-43	AC132812.1
KCNJ2	1.8536820084696657	3.0008624314848813e-43	KCNJ2
AC108463.2	2.0697774796157304	3.0008624314848813e-43	AC108463.2
RGCC	1.589100504967852	3.103114398822626e-43	RGCC
HOXB5	-1.9279409687777067	3.103114398822626e-43	HOXB5
LILRA1	1.5185843955427154	3.2568057255948056e-43	LILRA1
SCPEP1	-1.189095010255942	3.379182607572872e-43	SCPEP1
DIAPH2	1.1133147265733856	3.705412285864754e-43	DIAPH2
AGBL3	1.5261945443266705	3.772758450231282e-43	AGBL3
MAGEE2	-2.7366975395568467	3.783756715633542e-43	MAGEE2
AC111000.5	2.6423994153553205	3.787858722316565e-43	AC111000.5
PPP1R3B	1.326927558450164	3.88665059993422e-43	PPP1R3B
COL27A1	1.7555812439268574	3.913646846696703e-43	COL27A1
CD36	2.1692746951930477	3.930425299093698e-43	CD36
EN1	3.6293380013899625	3.944095131195964e-43	EN1
ANKRD18DP	4.192183470090467	4.1200101109598e-43	ANKRD18DP
AC245884.8	2.528313997016552	4.347143846511701e-43	AC245884.8
ZNF83	1.47712431751013	4.3561031426255685e-43	ZNF83
HPX	2.428372772565504	4.366312487238062e-43	HPX
P2RX3	2.897212490618855	4.639802516814314e-43	P2RX3
AC064836.3	2.521163302520144	4.7772458453553296e-43	AC064836.3
SLC6A4	-2.1792229749226624	4.8341596993432055e-43	SLC6A4
MALL	2.0643266884321805	4.926649038478806e-43	MALL
STARD4-AS1	1.8194260383414875	4.940541241112072e-43	STARD4-AS1
TACSTD2	-3.5310389877587136	5.0486502940833815e-43	TACSTD2
AC004263.2	2.1720927133714385	5.3928860380697995e-43	AC004263.2
CHEK2	1.2336652771338834	5.4934956934799896e-43	CHEK2
CLDN11	-2.472455263153307	5.675138302330684e-43	CLDN11
ADCY7	1.8992965907383463	5.852089524391778e-43	ADCY7
VENTX	1.9167239117330173	5.8551221016277056e-43	VENTX
RS1	-3.637887591706485	5.915041832194136e-43	RS1
C16orf54	1.7728132859757797	6.168878523348868e-43	C16orf54
RAB24	1.385826248074825	6.329485445885752e-43	RAB24
TMIGD2	2.194434449201254	6.342937644755835e-43	TMIGD2
GTSE1-DT	-1.4702923759679891	6.5591306114240835e-43	GTSE1-DT
TMSB15B-AS1	2.043288248749118	6.5995297694487755e-43	TMSB15B-AS1
AC007278.1	3.0362956609418994	6.803665068286982e-43	AC007278.1
ADAM11	2.0944859648241563	6.837041624541612e-43	ADAM11
AC008957.3	3.2847119368989874	6.97091461445645e-43	AC008957.3
MEF2C	1.291908589420775	7.120255822832949e-43	MEF2C
ATP2A1	2.360592188158736	7.138843532180466e-43	ATP2A1
AC002091.1	1.7774444231075597	7.299542188319061e-43	AC002091.1
RPS6KA6	-2.996277710482268	7.327485043842588e-43	RPS6KA6
LINC01758	-3.617470223944375	7.331666488721059e-43	LINC01758
AP000894.4	-1.6766177053201814	7.472442407130395e-43	AP000894.4
CYP2D8P	2.778339802265558	7.809072318561398e-43	CYP2D8P
KRT36	3.72108317504789	7.864841326288443e-43	KRT36
ADORA2BP1	-3.167652148686748	7.915754741730086e-43	ADORA2BP1
FAM169A	-3.187418800880177	8.137001815564249e-43	FAM169A
LTBR	1.0202041058164977	8.200448365961149e-43	LTBR
HM13-IT1	2.228375935745048	8.488929841466693e-43	HM13-IT1
CTSH	-1.2531877890964809	8.488929841466693e-43	CTSH
ERBB4	-3.949980066493975	8.558133829704086e-43	ERBB4
AC021683.5	2.4577163927416272	8.689700896626948e-43	AC021683.5
OR52K3P	2.6907748243516543	8.925982776501642e-43	OR52K3P
DUXAP9	2.700442352406543	8.977133469109655e-43	DUXAP9
CALML3	-5.553666866330217	1.0008747060486272e-42	CALML3
BX255923.1	-3.2465814855737096	1.0046460966182105e-42	BX255923.1
AC083967.1	4.915850007199007	1.0168909001837168e-42	AC083967.1
NRARP	1.670014439488816	1.0678428374611349e-42	NRARP
OTOGL	-2.479364927585395	1.1011813067730756e-42	OTOGL
CTBP1-AS	1.956792687025824	1.1335413387945206e-42	CTBP1-AS
CLEC12B	3.5792421410550523	1.1809947493138373e-42	CLEC12B
RALYL	-5.727584230841521	1.185624189304507e-42	RALYL
AC007993.1	-3.925273939453864	1.2008449055160342e-42	AC007993.1
ADAL	-1.0042582950081436	1.2230995382362309e-42	ADAL
RNASE2	2.4350847993966367	1.2606170544808745e-42	RNASE2
CFAP20DC	1.6369807628249418	1.2747622050989945e-42	CFAP20DC
JAKMIP1	3.884806753981612	1.313334520658432e-42	JAKMIP1
SH3BGR	-1.9372529999267047	1.3883906531460117e-42	SH3BGR
IFITM4P	2.681218320867243	1.4022790953642469e-42	IFITM4P
TMEM72-AS1	-1.6764925992643225	1.4206897482863047e-42	TMEM72-AS1
MEIOC	-1.617180564292527	1.4843439226756892e-42	MEIOC
PAM16	1.5175254958950273	1.514778289178763e-42	PAM16
AL450322.2	4.012876017360192	1.5309613275767404e-42	AL450322.2
AC008735.2	2.393601502014995	1.534764580343193e-42	AC008735.2
CENATAC	1.747783391127922	1.5356311048845518e-42	CENATAC
AC009093.1	2.579586992662755	1.6229867885324242e-42	AC009093.1
AL162727.1	-2.082293322917064	1.6326307784132954e-42	AL162727.1
CDKN3	1.895842632549682	1.6340526012995457e-42	CDKN3
DMAC2L	-1.0162840529226922	1.6358253622500152e-42	DMAC2L
IPO5P1	-1.09602828741339	1.6635136851903273e-42	IPO5P1
AP000769.1	1.695402661713264	1.6937420677872462e-42	AP000769.1
ALOX5	2.083694816633916	1.7070299794507996e-42	ALOX5
MMUT	-1.090448174090459	1.7210481788015972e-42	MMUT
LINC01285	2.020876052961452	1.7461133679476826e-42	LINC01285
C20orf202	1.3978697145764665	1.8145041686157148e-42	C20orf202
ESRP2	-1.5536571698553208	1.8187853793285545e-42	ESRP2
LRRC36	1.8198169053863773	1.8194087754625888e-42	LRRC36
NINL	-1.227486529963556	1.9150045386897054e-42	NINL
SLITRK5	3.404722651382777	1.944630031331867e-42	SLITRK5
L2HGDH	-1.4400288002184871	1.9468724969781105e-42	L2HGDH
DDX47	1.8634576269918213	1.9516344032228785e-42	DDX47
RUNX1	1.76981829052251	1.9655502071828733e-42	RUNX1
AL513327.1	1.954005733904231	1.9757920199672786e-42	AL513327.1
C1QL1	3.699869242386933	2.2170027662419892e-42	C1QL1
DHRS4-AS1	-1.073267875353081	2.2204547734041288e-42	DHRS4-AS1
H2BC15	1.258518538670181	2.229685267469272e-42	H2BC15
LRRC37A6P	-2.1243506008756063	2.2417801373976904e-42	LRRC37A6P
AL139246.2	3.0211455265945486	2.3017893518694924e-42	AL139246.2
RTEL1	1.6649175326432395	2.3261215267157415e-42	RTEL1
KAZN	-1.119356089958509	2.377698120390319e-42	KAZN
SYNE2	-1.1968642432867609	2.380150006558772e-42	SYNE2
RASL10A	2.043431116403785	2.3979081520570705e-42	RASL10A
TBC1D24	-1.321554360755333	2.5048461089584638e-42	TBC1D24
KLHL2P1	1.8750791237431377	2.5327817693968307e-42	KLHL2P1
TTC36	-2.4900150177218325	2.5844940533099494e-42	TTC36
TPRG1	2.1966376941818693	2.696550100875131e-42	TPRG1
BICDL1	-2.0193201871979105	2.7560501803845176e-42	BICDL1
AL450311.1	3.631471637688151	2.8020297086967377e-42	AL450311.1
AL031123.2	-1.896737819830528	2.8271865580387722e-42	AL031123.2
LINC00607	2.2547431906065407	2.8440035428500374e-42	LINC00607
AC104794.5	-2.183914017338948	2.8612543906824626e-42	AC104794.5
SEPTIN5	3.268771822978936	3.02016380391264e-42	SEPTIN5
HEATR9	3.550613154451903	3.0408643640846933e-42	HEATR9
PRKCQ-AS1	-1.6407699513626717	3.1082182179354115e-42	PRKCQ-AS1
PRKCQ	-1.695024713998744	3.2013882580209716e-42	PRKCQ
NUDT1	1.2490333423216546	3.2386598907604496e-42	NUDT1
RUFY1-AS1	2.233844712163581	3.346783704083054e-42	RUFY1-AS1
LAMA4-AS1	2.3331178377474813	3.404179833759186e-42	LAMA4-AS1
TRBV7-9	2.8715117637501453	3.5502131665213944e-42	TRBV7-9
GJA3	-3.0206590240165765	3.609309663795376e-42	GJA3
CYP4F2	-4.917944424808229	3.6243852218077584e-42	CYP4F2
ANKRD34B	-3.964938099578869	3.723642716763941e-42	ANKRD34B
RASGRP3	1.0370939112301836	3.895704740602313e-42	RASGRP3
AL133320.2	-3.83689367280971	3.946997973085811e-42	AL133320.2
TNFAIP3	1.2777232119174955	4.0478147060954015e-42	TNFAIP3
CERNA2	3.327916447804206	4.064462984191126e-42	CERNA2
FABP6-AS1	4.921718600099696	4.156167690373392e-42	FABP6-AS1
AC025171.2	1.4625119598435958	4.198028599076052e-42	AC025171.2
PTPRC	1.815509536568348	4.2467352091530626e-42	PTPRC
AL132780.1	-1.5484701645411088	4.4121839085166016e-42	AL132780.1
DUSP10	1.384049204810456	4.469578354890256e-42	DUSP10
COL1A1	2.8271223860714634	4.6450992852843647e-42	COL1A1
NPNT	-2.033345122235982	4.8897527942036547e-42	NPNT
VWCE	2.764938988732465	5.1118813280249577e-42	VWCE
HTATIP2	1.2041654412691538	5.147049452852145e-42	HTATIP2
CLMN	-1.3909491080307768	5.2609543856392715e-42	CLMN
Z94721.3	2.451651385934405	5.671641964828209e-42	Z94721.3
AC009090.4	2.5860637927469106	5.6813081084540854e-42	AC009090.4
MARCKS	1.0940331805763963	5.745911995699e-42	MARCKS
COL8A1	1.9729910941589632	5.785422595471243e-42	COL8A1
CNIH2	1.961432386280628	5.808016476330308e-42	CNIH2
VWA7	-1.5939853981394116	5.850565310404469e-42	VWA7
EPO	4.926987796350429	5.853772303027229e-42	EPO
AC114316.1	2.960990213740654	6.013058198421237e-42	AC114316.1
GMPR	-2.3024202186933898	6.239878101873033e-42	GMPR
CTSZ	1.2702881267754684	6.301317113956091e-42	CTSZ
SLC47A1P2	2.64976820161342	6.386063093838322e-42	SLC47A1P2
ADGRE2	1.815330196840776	6.418310793091044e-42	ADGRE2
TSPYL5	-1.623642511972486	6.581052690104415e-42	TSPYL5
ADAMTS20	5.447251462198245	6.99536997990952e-42	ADAMTS20
TRAT1	2.3449549048765075	7.227448227401742e-42	TRAT1
SUCLG2-AS1	-1.6017827926074486	7.429434608228625e-42	SUCLG2-AS1
AC016405.3	2.5638581483039995	7.610930145053327e-42	AC016405.3
LINC01747	2.214639968457211	7.865656793195143e-42	LINC01747
AP001207.3	-4.946730754390837	7.973594752744352e-42	AP001207.3
TRBV6-5	3.007048829362602	7.973594752744352e-42	TRBV6-5
TAS2R5	1.9248358983935436	8.165729731153207e-42	TAS2R5
VWA2	-2.7064397981498285	8.434284216519548e-42	VWA2
STARD9	1.503211365294237	8.438289596387112e-42	STARD9
CLVS2	4.069024613034827	8.470268901123609e-42	CLVS2
AC090510.2	2.364816910700408	8.827405257527949e-42	AC090510.2
ADAMTS7P1	2.812790033348966	9.068885486519144e-42	ADAMTS7P1
AC104472.4	-1.4613401531276398	9.130072764429479e-42	AC104472.4
MLIP	2.19153293805951	9.489546163001172e-42	MLIP
APOBEC3D	1.5989767073574557	9.624579754748122e-42	APOBEC3D
ORAI3	1.420079130126647	9.975193756457376e-42	ORAI3
GATM	-2.1932945475404213	1.0184888651630952e-41	GATM
LINC00271	-1.4386542867522567	1.0245216833670404e-41	LINC00271
TRAF3IP3	1.820971525417601	1.0329866619892601e-41	TRAF3IP3
HLA-P	3.46075319754775	1.0470519186893126e-41	HLA-P
AL445222.1	1.7946907086860968	1.0929256166556159e-41	AL445222.1
CNTNAP1	1.6016440738523174	1.0983141922631855e-41	CNTNAP1
AL132657.1	1.7308488443220955	1.1258941970070011e-41	AL132657.1
MECOM-AS1	-2.889526497269933	1.1317291751049375e-41	MECOM-AS1
FADS3	1.3312983671702243	1.1702579737911084e-41	FADS3
FOLH1B	-3.094155208023994	1.1944902075482483e-41	FOLH1B
NFKB2	1.217862518031115	1.2184540732802796e-41	NFKB2
LINC01355	2.120164613996875	1.243419333429784e-41	LINC01355
AF129075.3	2.0378883461048254	1.2652818722471646e-41	AF129075.3
RGS6	-2.3089007935142734	1.3035234047302002e-41	RGS6
SAPCD1	3.110925658952385	1.352515184400117e-41	SAPCD1
AC005332.5	1.2041532854847738	1.3542687329168018e-41	AC005332.5
AC116914.2	2.507495702601704	1.3733293380181883e-41	AC116914.2
ARAP1-AS2	2.827798899539209	1.4140744791342291e-41	ARAP1-AS2
TRBV9	3.005399808355418	1.440373390675554e-41	TRBV9
AL590787.1	-1.5574441973701376	1.4484674948307944e-41	AL590787.1
TRBV4-2	3.580843505466273	1.4484674948307944e-41	TRBV4-2
AC004253.1	2.4387788935328483	1.4826113884098771e-41	AC004253.1
ZNF337	1.429505363204277	1.5333752488275557e-41	ZNF337
ADAMTS16	-2.6789927234279185	1.5741831095223056e-41	ADAMTS16
XCL1	2.37910483781984	1.5956246165238198e-41	XCL1
AC007114.1	-1.2287753225429223	1.600436634170168e-41	AC007114.1
NUF2	1.9780593098125847	1.6655015461811078e-41	NUF2
FREM1	-3.365234535284029	1.7462701198941947e-41	FREM1
HIBCH	-1.2761553250106823	1.7535131131788786e-41	HIBCH
GAPLINC	2.166294567507185	1.8109362707556663e-41	GAPLINC
NDRG1	1.3357023632726412	1.8342277734383157e-41	NDRG1
IL10RB-DT	1.1932518585013954	1.8343126546164296e-41	IL10RB-DT
AL096706.1	2.5369355282148662	1.8477755238568496e-41	AL096706.1
PLCG1-AS1	1.8276254294220835	1.85754534149196e-41	PLCG1-AS1
AC131025.3	2.4796088694578238	1.9367355386754354e-41	AC131025.3
SYT7	-3.328290846159788	2.0263223353381377e-41	SYT7
AC060834.1	-4.691854286230723	2.17525961002176e-41	AC060834.1
FRK	-1.300923751363316	2.215351367449734e-41	FRK
SATL1	-2.2276577564592053	2.2156874037092184e-41	SATL1
KCNT1	2.498621813679313	2.235142943184609e-41	KCNT1
TLR7	2.067309656984772	2.2733855929494158e-41	TLR7
AP5M1	-1.078012208239089	2.393120826755014e-41	AP5M1
TAZ	1.1401064301673118	2.435128131419573e-41	TAZ
DCLK1	2.14329642918643	2.5946813137711005e-41	DCLK1
TWSG1	-1.1766485782234652	2.5967454921606467e-41	TWSG1
AC104316.2	5.004350506996426	2.603200995617763e-41	AC104316.2
FBXO39	2.3140916371135454	2.6208482303263776e-41	FBXO39
LINC02341	4.101468280876988	2.640534886955166e-41	LINC02341
ANKHD1	1.6300634438015107	2.64981078297537e-41	ANKHD1
LYZ	2.384241909789555	2.656614229985769e-41	LYZ
BTNL9	2.1602359230330936	2.721647509419337e-41	BTNL9
ITIH1	4.668190472666549	2.747997121022525e-41	ITIH1
AC107021.1	2.37260844634405	2.7646558028220487e-41	AC107021.1
NCR3	1.8520631346007737	2.7792706132967275e-41	NCR3
SLFNL1-AS1	2.149979063117263	2.8003663341082557e-41	SLFNL1-AS1
SUGCT-AS1	3.6389417815151086	2.948035904719957e-41	SUGCT-AS1
BHLHA15	2.4170599878219425	2.9654126428330275e-41	BHLHA15
AC022509.3	1.594165187041	2.9814648883070286e-41	AC022509.3
AP000525.1	3.4428462476300905	2.986246178458958e-41	AP000525.1
ILDR1	-2.0260338048367275	3.0673591146794076e-41	ILDR1
PM20D1	-2.875249402610903	3.143953044434332e-41	PM20D1
AC073636.1	2.2128921764056453	3.4304081077136886e-41	AC073636.1
TLR3	1.4964746415871686	3.595097872236506e-41	TLR3
INHBE	3.843861309664728	3.636424395744416e-41	INHBE
ANKK1	2.209356629820854	3.669142251357549e-41	ANKK1
HLA-DPB2	2.669965202055	3.6730044364259295e-41	HLA-DPB2
GDPD5	1.39521871079494	3.7793481983489236e-41	GDPD5
TEN1-CDK3	2.4651681049525918	4.1224964055312365e-41	TEN1-CDK3
CHRNA6	2.9630997424804537	4.1233493301806966e-41	CHRNA6
AQP9	3.4020324676199194	4.2962567184255586e-41	AQP9
AP005900.1	3.2663862932346777	4.30948451247902e-41	AP005900.1
ASNS	1.8979526714750856	4.455048859055506e-41	ASNS
CHST15	1.667667892229752	4.521654839090545e-41	CHST15
NPIPA1	1.9462535882107472	4.673699007335347e-41	NPIPA1
PARP6	1.0093927854483713	4.731494887644302e-41	PARP6
F2RL3	2.340866944176961	5.030990103649534e-41	F2RL3
C7	-3.3287682292436545	5.285213800628905e-41	C7
DOCK8	1.1807968424235549	5.47634993078236e-41	DOCK8
AC136475.10	2.225489141329427	5.54765943634816e-41	AC136475.10
CSPG4P13	2.5118738939726577	5.608668812975324e-41	CSPG4P13
MAP3K14	1.3378450018087358	5.726124442219582e-41	MAP3K14
KIR2DL3	2.5615863481060623	6.027653756968143e-41	KIR2DL3
AC073611.1	2.2267622866810326	6.030181010117714e-41	AC073611.1
RRS1-AS1	-2.7599197502019277	6.100304451778802e-41	RRS1-AS1
TSPAN8	-3.9110739449699934	6.194289009396698e-41	TSPAN8
AL592295.1	1.7302322906605652	6.295962484413998e-41	AL592295.1
HAUS7	2.3307977816649115	6.448394691573753e-41	HAUS7
PLA2G4D	4.474683250260616	6.649101657176334e-41	PLA2G4D
OR52N4	2.575813776235744	6.75087783213689e-41	OR52N4
CYS1	-2.1026284556236368	7.207365719066375e-41	CYS1
LINC02310	4.7365404960526	7.316688144016071e-41	LINC02310
LENG8-AS1	1.6897646613233348	7.445011640646876e-41	LENG8-AS1
CCL4L2	2.5548501149713663	7.59439846378329e-41	CCL4L2
PP7080	2.9219067772538736	7.980567207617785e-41	PP7080
DACH2	-3.193304259770797	8.04295726313301e-41	DACH2
OLFM4	-4.88668106505364	8.181708312099271e-41	OLFM4
KLRA1P	1.8113732571270549	8.252397208596896e-41	KLRA1P
TUBB2B	-2.6279857638608317	8.348312074362558e-41	TUBB2B
SYP	-1.5407918952647486	8.377248977471065e-41	SYP
AC105105.3	3.4939392963907365	8.48975227784796e-41	AC105105.3
CCNB2	1.748386445340125	9.273389676360816e-41	CCNB2
RN7SL541P	3.706269255437991	9.467770468055051e-41	RN7SL541P
DEGS1	1.2637160822455091	1.0091697705615732e-40	DEGS1
TINCR	-2.2674193699759786	1.01934595014749e-40	TINCR
LINC00632	2.823694688249574	1.0309892323115246e-40	LINC00632
Z97192.3	3.1197592995797114	1.0512786587423403e-40	Z97192.3
CDH23	2.371314394241909	1.0512786587423403e-40	CDH23
AC040162.3	2.5407688690175942	1.0885574584333135e-40	AC040162.3
ADCY6-DT	-2.100770748560939	1.0968793541645046e-40	ADCY6-DT
Z83745.1	2.0461379893947806	1.1059705215546076e-40	Z83745.1
AC008870.2	2.078056945526245	1.1321217311606483e-40	AC008870.2
GSG1L2	8.367714126845211	1.1355507875027795e-40	GSG1L2
CD200R1	2.232545436074826	1.1526057121800027e-40	CD200R1
TRBJ1-6	3.5337086482122166	1.1573213629929994e-40	TRBJ1-6
HLA-DOB	2.390261129672969	1.1772061046738204e-40	HLA-DOB
EVPL	-1.551247053329487	1.2050520003971387e-40	EVPL
AL138724.1	1.5931281019704595	1.2810217593522946e-40	AL138724.1
GARS1-DT	1.6306438366582343	1.305756352405166e-40	GARS1-DT
AK7	-1.5316774634665806	1.3177611002227886e-40	AK7
TSPYL1	-1.002163913483992	1.3209984787202639e-40	TSPYL1
AL157373.2	-2.1728256374884825	1.324104607719899e-40	AL157373.2
RPL10	1.0551225305834988	1.451848766433111e-40	RPL10
SH2B2	1.299429660316864	1.4964330626038351e-40	SH2B2
AC008875.1	2.7490748338216604	1.5381397520542899e-40	AC008875.1
CSF1R	1.6002470205507044	1.542046339258803e-40	CSF1R
ATP5F1A	-1.2453520739239747	1.5593139062737172e-40	ATP5F1A
CEP43	1.430784581861245	1.6083115441568855e-40	CEP43
ABLIM1	-1.0150775436926025	1.6090603953757922e-40	ABLIM1
SCN4B	1.9503347722233249	1.613078471489936e-40	SCN4B
AC005387.2	2.651133159385851	1.61667015200311e-40	AC005387.2
GIMAP2	1.2615760615233584	1.6321522984756896e-40	GIMAP2
AC019257.1	2.379515028098276	1.7423539165079926e-40	AC019257.1
TRAC	2.1053849055092724	1.775444786381925e-40	TRAC
NR1H3	1.0271179590384902	1.871701316331216e-40	NR1H3
PSMA2	2.109375586572165	1.996712741320693e-40	PSMA2
AC137932.3	2.112535009907154	2.112520935808465e-40	AC137932.3
NOTCH4	1.5520509416544428	2.1310782985362317e-40	NOTCH4
SLC34A1	-4.437692822778308	2.180032297643464e-40	SLC34A1
AC108477.1	-1.92021357534632	2.205467145519726e-40	AC108477.1
CCNL2	1.802265794828455	2.2357245532836688e-40	CCNL2
TMEM245	-1.0971278362764612	2.2762241531135502e-40	TMEM245
PXDN	1.6740333428399492	2.2803271683686043e-40	PXDN
Z99572.1	-2.0262619061577727	2.3942276571916304e-40	Z99572.1
AC093512.2	1.0800166519820285	2.405239176786638e-40	AC093512.2
NTN4	-1.663148465866557	2.4131004124824224e-40	NTN4
AC005840.2	2.0230095193851354	2.4891136510904726e-40	AC005840.2
CACNG8	2.2251191105886035	2.5472005299508987e-40	CACNG8
ZNF503-AS2	-1.638212334925539	2.5591909894280333e-40	ZNF503-AS2
SMG1P7	1.9836358241320524	2.571825065247272e-40	SMG1P7
CREB5	1.4797575995140566	2.585869469024708e-40	CREB5
ZNF276	1.310425997102694	2.586512198722262e-40	ZNF276
AP006623.1	2.1787973323372745	2.633292360400469e-40	AP006623.1
AC138356.2	-1.2838167517201855	2.6346365589991477e-40	AC138356.2
AC100854.1	1.6056729652196569	2.662170091290061e-40	AC100854.1
MAN1A1	-1.4108768159957363	2.736512977689675e-40	MAN1A1
AC074286.1	2.017865756098172	2.7578253960114757e-40	AC074286.1
CCDC88A	1.0185900353663322	3.085662202975004e-40	CCDC88A
SOX30	-1.9930710290557516	3.0868731438011243e-40	SOX30
AC004832.6	3.3005267502283973	3.102346423685207e-40	AC004832.6
INSR	1.251393478712555	3.137575393214461e-40	INSR
KIR3DL2	2.2928499452133804	3.151498079034109e-40	KIR3DL2
AC011383.1	3.3817371415349786	3.157127935694817e-40	AC011383.1
PTGR1	-1.3204716011578228	3.205211066347249e-40	PTGR1
AL353596.1	-1.7421112888439338	3.242665072668477e-40	AL353596.1
PSMB10	1.2757623301880756	3.257268635287407e-40	PSMB10
OGFOD2	1.6091330896122549	3.262319756248072e-40	OGFOD2
CNGA1	-2.5045868010036707	3.289411911720409e-40	CNGA1
AP000697.1	-5.00214850255233	3.496057995216282e-40	AP000697.1
ANXA1	1.318051807025777	3.521310654922557e-40	ANXA1
GLRX5	-1.0992675495470865	3.525009741114086e-40	GLRX5
STAG3L5P	2.271539214601552	3.8320163171888936e-40	STAG3L5P
PLOD2	1.776080078695892	4.001552953606432e-40	PLOD2
NINJ2	1.7467844817562996	4.114504455570468e-40	NINJ2
CHGB	-3.6582497664338174	4.12201689666073e-40	CHGB
AC018638.5	1.678235374172417	4.226346622102605e-40	AC018638.5
AC116407.4	1.97566075564176	4.395621314482727e-40	AC116407.4
MAN1C1	-2.2019552948139745	4.6255433484847906e-40	MAN1C1
FILIP1	1.614915295709633	4.6680540642159375e-40	FILIP1
WDR97	2.458265972796818	4.740828294010668e-40	WDR97
AF241728.1	-1.9893632468959528	4.870571516751299e-40	AF241728.1
GSAP	1.1726592274776846	4.987880598787853e-40	GSAP
AC008013.1	3.3805122513018646	5.118522492886629e-40	AC008013.1
FMN2	-3.793854661404436	5.423267828242775e-40	FMN2
AC005034.4	-1.726574409839898	5.444072579326017e-40	AC005034.4
AL512770.1	2.081034262087178	5.604201088867283e-40	AL512770.1
AL355499.1	-2.7541463268388138	5.7455946749943395e-40	AL355499.1
DDX39A	1.0212427655300702	5.888196579075445e-40	DDX39A
SYNM	1.1134265644501995	5.976830552930898e-40	SYNM
AP003071.5	-2.32937548185506	6.036606421513781e-40	AP003071.5
CDKL2	-1.450702977312742	6.1583980167906316e-40	CDKL2
ZNRF3	-1.1593681894859458	6.499927783807079e-40	ZNRF3
SNAI3	1.3050502583126138	6.52732667224067e-40	SNAI3
EGLN2	1.660494005462965	6.621853841440297e-40	EGLN2
AC069185.1	-1.4921284850515013	7.085098242227727e-40	AC069185.1
AC012593.1	3.3007400517544445	7.219493873713057e-40	AC012593.1
AC008163.1	3.536276152113292	7.338735240964506e-40	AC008163.1
GOT2	-1.0747847418515466	7.527568755839849e-40	GOT2
AL024508.1	-1.8164043718941831	7.997494551023498e-40	AL024508.1
AL162724.1	4.030359764451504	8.12192109114559e-40	AL162724.1
AC244636.3	-1.6536214968946772	8.318488731148719e-40	AC244636.3
GRM1	-3.419608526600576	8.370119101702116e-40	GRM1
BVES-AS1	-2.045011846378197	8.881638190049513e-40	BVES-AS1
AC008115.3	1.7599883935992051	9.156145207471082e-40	AC008115.3
FBLN7	2.1903708483914195	9.245766375503144e-40	FBLN7
AL353719.1	-1.7964859941547997	9.532281119836364e-40	AL353719.1
NEK2	2.059996777557195	9.928341540750668e-40	NEK2
AL353152.1	-4.112132442130836	1.0103859321027411e-39	AL353152.1
LINC00926	2.0820372653186223	1.034877713192631e-39	LINC00926
ABI3	1.076872050297239	1.0409229581446909e-39	ABI3
LLGL2	-1.2562015180163453	1.059460241352684e-39	LLGL2
SRD5A3-AS1	1.2436318936240542	1.0951908561805936e-39	SRD5A3-AS1
AC092636.1	2.737222328723819	1.1162039943302182e-39	AC092636.1
XRCC2	1.6003391732201515	1.1400304857592172e-39	XRCC2
USP30-AS1	2.333663723146812	1.1527840441903476e-39	USP30-AS1
SERPINB9P1	2.1802042564319875	1.1753153614829068e-39	SERPINB9P1
GPR18	2.171771619440688	1.2163567581624905e-39	GPR18
LINC01529	3.0159794644296065	1.2696087886616e-39	LINC01529
AC022400.7	1.87088958611962	1.2905240391726784e-39	AC022400.7
FBXO21	-1.0710221392560393	1.2990417400802352e-39	FBXO21
AGMAT	-2.437419682980099	1.3255986794740971e-39	AGMAT
ARHGAP11A	1.4283713539181109	1.3775397298560387e-39	ARHGAP11A
CTSL3P	2.878452851660222	1.4189835385785455e-39	CTSL3P
FTLP15	4.090222974366768	1.4247587692051867e-39	FTLP15
AL139280.3	-4.1530655178591696	1.4299377485884866e-39	AL139280.3
GLDC	-2.3373292091258	1.4646536727113471e-39	GLDC
DDX39B	1.6511371436035032	1.6045393521145495e-39	DDX39B
NFKBIE	1.2154095017263913	1.609480042218631e-39	NFKBIE
FOXJ3	1.6284991337799637	1.6426147526815655e-39	FOXJ3
OR51E2	2.21485262855544	1.6923596867859084e-39	OR51E2
LINC02100	3.7199953413917672	1.796597568875245e-39	LINC02100
CDCA3	1.877666080322556	1.801329735077604e-39	CDCA3
HACD3	-1.3941689278612597	1.8384205843590077e-39	HACD3
BCL7A	-1.0341813836188831	1.9351371315824947e-39	BCL7A
CPNE5	1.7947970886533795	1.9379537125107868e-39	CPNE5
CD248	1.789985482611091	1.9701656314451715e-39	CD248
SHISAL2A	1.8199507059925295	2.0740665088043952e-39	SHISAL2A
TAS2R20	1.9962975410323711	2.088298651665309e-39	TAS2R20
PMFBP1	2.0956507019703583	2.1051461827631948e-39	PMFBP1
PLOD1	1.3298884503879278	2.1230109560231007e-39	PLOD1
PELI2	-1.2535913275118462	2.1792847788159348e-39	PELI2
ASAP1-IT2	2.9582676114986337	2.203731253244896e-39	ASAP1-IT2
GLDCP1	-2.565423816033764	2.354860801449705e-39	GLDCP1
EPHA1	-1.5837126704328912	2.3933923643144878e-39	EPHA1
P2RX2	-3.549039539849097	2.554816328257384e-39	P2RX2
DNAJC28	-1.168132197830924	2.600745621707101e-39	DNAJC28
SIPA1L2	1.1395748766499074	2.6912043508550427e-39	SIPA1L2
LINC02360	-3.349769131219559	2.8270052206271766e-39	LINC02360
AL390760.1	-2.716822843705238	2.857462037512673e-39	AL390760.1
NIPA2P1	5.670600802001713	2.863704830996865e-39	NIPA2P1
NHLH1	2.078813050419672	2.949355530952888e-39	NHLH1
AC116407.2	1.8985921130744212	2.999171108974116e-39	AC116407.2
ZPLD2P	-2.111419032459477	3.052059869495968e-39	ZPLD2P
AC008556.1	-1.5751006381925132	3.052059869495968e-39	AC008556.1
ARHGEF10	1.894226236857196	3.080603286873304e-39	ARHGEF10
MRPL38	1.8319939917374224	3.108576071074532e-39	MRPL38
AC241644.2	-3.444801784680606	3.1134215654167744e-39	AC241644.2
BCAN	1.7916692438729922	3.3649611249570284e-39	BCAN
CFP	1.6594172997424634	3.3739769724242845e-39	CFP
ARL4A	1.120028901139252	3.3859541528665943e-39	ARL4A
WBP1LP2	1.2080632936278692	3.3859541528665943e-39	WBP1LP2
AC135893.1	2.7350994983683115	3.4197693453420933e-39	AC135893.1
CLSTN2	-2.709826571660315	3.4582534026288507e-39	CLSTN2
AC010463.2	3.547958654029627	3.4814478326065e-39	AC010463.2
DRD4	1.988736450366157	3.5123920759328264e-39	DRD4
MYL4	1.6104837228541948	3.5977858638342604e-39	MYL4
PLAAT3	1.0516911444422954	3.657556285197871e-39	PLAAT3
KCTD19	2.450115519209141	3.733391470096492e-39	KCTD19
AC254629.1	4.66687695776867	3.792450994331935e-39	AC254629.1
TRGV2	2.747441069417836	3.9382522958311984e-39	TRGV2
AC087222.1	2.6058526137670945	3.970920244803487e-39	AC087222.1
PPM1K-DT	-2.407581630170653	4.062227853502306e-39	PPM1K-DT
AP007216.2	3.498178810284425	4.214533210396586e-39	AP007216.2
AP003071.4	-2.7278828048755828	4.2262572299888735e-39	AP003071.4
RIOX2	-1.2824960868699382	4.25858252874405e-39	RIOX2
LINC02328	1.7378316499142643	4.3064360809848517e-39	LINC02328
AL357075.2	2.2159197593887	4.327427619178805e-39	AL357075.2
FXYD4	-6.2359353101769175	4.334352740747465e-39	FXYD4
DNASE1L3	-2.1807034400327483	4.36735529945646e-39	DNASE1L3
AC132872.4	2.2782318190637416	4.497054348789247e-39	AC132872.4
TUBB6	1.1970431458145625	4.502730768852533e-39	TUBB6
HLA-L	1.55382233833127	4.6449919250841117e-39	HLA-L
IL2RG	2.0971048610699032	4.8395595513882776e-39	IL2RG
CAT	-1.2809350164735138	4.9127380497074144e-39	CAT
H3C10	2.572909790132372	4.9476226761045775e-39	H3C10
RNASE6	1.5214452625793529	5.023738917402045e-39	RNASE6
AC011498.6	2.2849216948139746	5.0528025807905976e-39	AC011498.6
TLR8	2.103424249520053	5.2649800719713236e-39	TLR8
TDRD6	1.8352960461815848	5.305133729541947e-39	TDRD6
AC034238.1	3.771493241669622	5.5579646596881857e-39	AC034238.1
ABCA13	-3.5240213192669283	5.939595091075823e-39	ABCA13
PSD2	2.425520930119776	6.008721174766603e-39	PSD2
PCDHGC5	2.1909630384650143	6.299247507405389e-39	PCDHGC5
AC015849.5	2.385419818755694	6.446991295761854e-39	AC015849.5
VPS13D	-1.0330299248757944	6.718878133157805e-39	VPS13D
SLC16A8	2.068057890027978	6.762884462164203e-39	SLC16A8
OAS2	1.3163594000951606	6.914524469774238e-39	OAS2
AL161668.4	-3.7602387529029633	7.049141994524355e-39	AL161668.4
KNTC1	1.1816000746621322	7.049141994524355e-39	KNTC1
LINC01176	1.864339137722693	7.07020925657414e-39	LINC01176
ADGRE5	1.118142831062232	7.372893046888348e-39	ADGRE5
AC008033.3	2.7794709796441444	7.460563008636153e-39	AC008033.3
IRF1-AS1	1.3684744995975613	7.4712778387667e-39	IRF1-AS1
KIR2DL1	2.431782781772921	7.6636761172819e-39	KIR2DL1
MOGAT2	-4.25392477122432	7.743810762297142e-39	MOGAT2
RBM47	-1.0970790836901771	8.00662082166395e-39	RBM47
TRBV28	3.103456925372132	8.067180072693041e-39	TRBV28
OIP5	1.4548424051464373	8.08229657471335e-39	OIP5
TERT	5.828646035696043	8.207409395295545e-39	TERT
IGFL2	4.307643927650503	8.212011416345762e-39	IGFL2
AC083837.1	1.473017615472754	8.47282549686317e-39	AC083837.1
TRBV20-1	2.445695027554404	8.86307054300944e-39	TRBV20-1
MIR4280HG	4.015451200536621	9.016383296883725e-39	MIR4280HG
CRYZL2P-SEC16B	2.192079701260375	9.064074935327571e-39	CRYZL2P-SEC16B
AGFG2	-1.1726387603988724	9.320924245750532e-39	AGFG2
THEMIS	2.1999469058854824	9.320924245750532e-39	THEMIS
AL683842.1	3.184299769810931	9.42370343984291e-39	AL683842.1
BCKDHB	-1.2936452825332263	9.833179657929131e-39	BCKDHB
TMEM75	4.1034936101025	1.0266908293713975e-38	TMEM75
FABP1	-4.406731886461441	1.0759353212813663e-38	FABP1
SACS	1.2799702473460577	1.1191881261512155e-38	SACS
MYL5	1.2488239778427528	1.1333149243653503e-38	MYL5
ALDH4A1	-2.143212377706152	1.1740017119540668e-38	ALDH4A1
RPL34-DT	-1.3865510611408756	1.1986683694900374e-38	RPL34-DT
AC016355.1	-1.1636064485260058	1.21132029771282e-38	AC016355.1
PLEKHB1	-2.320844080970616	1.2261693169348562e-38	PLEKHB1
ANKLE1	2.111522662183755	1.2401593561070938e-38	ANKLE1
CEP250-AS1	2.5571734555614216	1.2690178035930326e-38	CEP250-AS1
CARD11	2.162885992472413	1.295898731573444e-38	CARD11
CLEC5A	2.0528297182733835	1.3231044903800815e-38	CLEC5A
AL122125.1	2.8691129551820738	1.35276408750616e-38	AL122125.1
PIK3CG	1.392649237123804	1.3806249918497095e-38	PIK3CG
CYP2D7	2.4569592662169057	1.3822687059107683e-38	CYP2D7
APBB3	1.4209663080824368	1.3864626716994467e-38	APBB3
TBX5	6.144758371453718	1.4576847131234707e-38	TBX5
AC021146.1	3.8627535607038217	1.4587852189627432e-38	AC021146.1
H2BC20P	1.5514528185006782	1.4996826126558755e-38	H2BC20P
AL365475.1	2.9674868023583083	1.5248691592296236e-38	AL365475.1
EGFR	1.4623728761986212	1.526658358350308e-38	EGFR
AC023825.2	3.9648482798057993	1.5818211068125911e-38	AC023825.2
TRBV27	3.002638003441059	1.607780500168038e-38	TRBV27
DPY19L2P2	1.6868873187662827	1.8306754245025526e-38	DPY19L2P2
LNX1	-1.5636189734563986	1.893097712798711e-38	LNX1
RN7SL834P	2.313406546200498	2.0629733287336766e-38	RN7SL834P
LMNB1	1.3420946920931116	2.0704157705885487e-38	LMNB1
ASMTL-AS1	2.6981872248279704	2.1123805598133126e-38	ASMTL-AS1
HMGN2P47	3.5971925498768496	2.2054486475681446e-38	HMGN2P47
LRRC66	1.948646520262723	2.2839844827833838e-38	LRRC66
AC080112.3	2.0900723095590696	2.362544860926971e-38	AC080112.3
JMY	-1.2071173512025932	2.4363157919669183e-38	JMY
TRGV9	1.9477113452720636	2.531052041017883e-38	TRGV9
LINC01614	2.7853245026508207	2.728113827780728e-38	LINC01614
SCART1	2.2361690995002004	2.820398722751495e-38	SCART1
EIF4EBP3	1.393343941469613	2.839548347269776e-38	EIF4EBP3
GPR82	2.0214481211948105	2.8437231185076795e-38	GPR82
AL031073.2	-4.072676695546114	2.8459588374684063e-38	AL031073.2
AC016773.1	2.7179335606223853	2.8662147286678275e-38	AC016773.1
PMEPA1	1.59670194510853	2.93730797917209e-38	PMEPA1
AL390755.3	2.2454471501765627	2.9619923893783363e-38	AL390755.3
C9orf135	-3.4979890504041475	3.0535348136396486e-38	C9orf135
AF064858.1	2.963520322282523	3.088766531072389e-38	AF064858.1
AC100803.4	3.0005275482119	3.17282688649615e-38	AC100803.4
AC040970.1	1.1195207174039934	3.285180323994579e-38	AC040970.1
CCR6	2.763591740746756	3.30798147682006e-38	CCR6
ZGRF1	1.242526423733576	3.325150001498614e-38	ZGRF1
AC022167.2	1.285937978275952	3.3253433196332554e-38	AC022167.2
ATAD5	1.2640379724706168	3.425284343671101e-38	ATAD5
LINC02362	2.9708903069029686	3.534585301591066e-38	LINC02362
EIF5AP3	3.5969232010477907	3.776659849178518e-38	EIF5AP3
AP003774.2	2.613666180934413	3.8384885190296285e-38	AP003774.2
SNORD104	2.566920859957364	3.9192870808495196e-38	SNORD104
AGAP2-AS1	2.038513196643768	3.952650177816942e-38	AGAP2-AS1
AC009159.1	3.708666072859144	4.377211131373768e-38	AC009159.1
BX322650.1	2.7544442198591126	4.445561443289079e-38	BX322650.1
SLC13A2	-4.713504335029947	4.56439040408021e-38	SLC13A2
ADAM19	1.59462550179419	4.6451739253547727e-38	ADAM19
ALPK2	1.977092916497983	4.725239521962881e-38	ALPK2
AC022431.1	-2.73972926745695	4.755997985229222e-38	AC022431.1
TMED10P2	-2.055859774969668	4.915534661062135e-38	TMED10P2
AC006511.6	2.9241759285733235	4.960363245028894e-38	AC006511.6
MIR3142HG	2.1967938500153323	4.965180909425744e-38	MIR3142HG
ADAMTSL4-AS2	2.559680785877976	5.043401635639801e-38	ADAMTSL4-AS2
EXOC3L4	2.04861959572294	5.357732698423324e-38	EXOC3L4
MYB	2.5303166633187466	5.44474514926892e-38	MYB
SCNN1B	-3.960961220039696	5.467560735212834e-38	SCNN1B
MYH7	-3.089757800930044	5.46780772427324e-38	MYH7
SIRPB3P	4.741426345675007	5.545333300887779e-38	SIRPB3P
AC063960.1	-3.416165665778448	5.54882881182183e-38	AC063960.1
KIR3DX1	2.5802195474079666	5.610549259591467e-38	KIR3DX1
CCNYL2	2.9470012114210484	5.775795961175557e-38	CCNYL2
CAMTA1-DT	-1.6697312346392696	5.834802890087129e-38	CAMTA1-DT
KLHL21	-1.1766878651358073	5.847436740791793e-38	KLHL21
AL135818.1	1.7873348862879797	6.015794879406315e-38	AL135818.1
AC008764.8	1.9158978569883591	6.038442907072605e-38	AC008764.8
AC063919.2	-2.926889922178544	6.039273430039535e-38	AC063919.2
ARHGAP27P1-BPTFP1-KPNA2P3	2.1326637902762844	6.189262694770584e-38	ARHGAP27P1-BPTFP1-KPNA2P3
CHTF18	1.5532775897847426	6.27516561691314e-38	CHTF18
SMIM5	-3.2533970060244517	6.492883138576409e-38	SMIM5
CENPI	1.5954429060996682	6.494131930682362e-38	CENPI
MYO1A	2.7615191417914366	6.836474598019049e-38	MYO1A
C3orf36	2.096953703036619	7.176082228547736e-38	C3orf36
ATP2B1-AS1	-1.1475059837475925	7.257565334332009e-38	ATP2B1-AS1
LINC02036	2.5146244916397897	7.306025904890087e-38	LINC02036
ADD2	2.714943785819471	7.445896598326678e-38	ADD2
AC015660.4	3.202570959048255	7.612479337170406e-38	AC015660.4
ATP11A	1.474668539390127	7.738683756528797e-38	ATP11A
SMPD4BP	1.4595080335286028	7.812184638669877e-38	SMPD4BP
AL360169.3	-3.9049714662887767	8.209431346498607e-38	AL360169.3
RHEX	2.403619817329312	8.413744996272946e-38	RHEX
AP002490.1	2.1277633631240733	8.738069738854309e-38	AP002490.1
AC004870.1	-3.163930415380104	9.952934653333298e-38	AC004870.1
DNASE2B	2.939559856257922	1.0435165728516823e-37	DNASE2B
PTOV1-AS2	2.063500231707672	1.0639442419898346e-37	PTOV1-AS2
FZD1	1.260162785500238	1.090015920283338e-37	FZD1
CASC11	2.477764124723388	1.1330413612016824e-37	CASC11
AC079584.2	3.207116759395908	1.1651444397953646e-37	AC079584.2
AC010973.2	2.5507142917228856	1.190150146048582e-37	AC010973.2
TRBV19	2.679369723930357	1.20616278348345e-37	TRBV19
AC243829.1	3.420578992198469	1.2354049550475723e-37	AC243829.1
NANOS1	-1.612076103812083	1.2448893738315967e-37	NANOS1
HASPIN	1.71408201454881	1.2584730069511003e-37	HASPIN
RPL7AP7	4.746402262578871	1.268042196465038e-37	RPL7AP7
GDF3	-2.1440421087444195	1.2695885677227032e-37	GDF3
SCO2	2.498882742544615	1.2737365748638628e-37	SCO2
KRTAP5-10	2.82724846362165	1.2900243433570631e-37	KRTAP5-10
VWA5A	-1.179330588169024	1.3711258315392658e-37	VWA5A
CDRT15P4	2.9281289354055025	1.4036345304128928e-37	CDRT15P4
IL27	2.4310472223075577	1.4227546632322514e-37	IL27
AC004069.1	1.951834001181379	1.451994389026544e-37	AC004069.1
MPC1	-1.549491451647475	1.4547236303930696e-37	MPC1
AC093388.1	1.3194799180945511	1.5152432065793606e-37	AC093388.1
CSF2RB	1.3409340158605267	1.5759489815001118e-37	CSF2RB
GRIN2D	1.9726224450396856	1.5901482250878365e-37	GRIN2D
HEYL	1.6704065265728998	1.6320287644188206e-37	HEYL
LPIN3	1.5303857307531548	1.6569155037737007e-37	LPIN3
RARA	1.1143181464234877	1.686696431535992e-37	RARA
PRKD1	-1.0737281487506125	1.7070712784903983e-37	PRKD1
AL450384.2	1.96566085964925	1.7206485166148197e-37	AL450384.2
SLC5A3	-1.9267587251633915	1.7384300825619476e-37	SLC5A3
AC008700.1	4.005464766316541	1.7437872226187885e-37	AC008700.1
AGL	-1.0067890157187016	1.7523115080163497e-37	AGL
CDCA7	2.008591075211907	1.762485195208573e-37	CDCA7
ZNF205	1.2288001182856811	1.7779834024424276e-37	ZNF205
AL359715.3	-1.3304155766462158	1.7802775613478938e-37	AL359715.3
AC006449.5	-1.639924395855365	1.7932442632683004e-37	AC006449.5
IL18RAP	1.7680058305142798	1.8689103969668237e-37	IL18RAP
AC005821.1	-2.884290261723406	1.8731102473078545e-37	AC005821.1
THSD4	-1.9518682011641468	1.912704783804112e-37	THSD4
GABARAPL1	-1.539473750417966	2.005166262049628e-37	GABARAPL1
ASPDH	-2.741421871548359	2.021216794967249e-37	ASPDH
LRRC77P	2.5167050044776027	2.0934539615575534e-37	LRRC77P
POGLUT2	1.2180173232276497	2.1178746004620014e-37	POGLUT2
AC016026.2	2.319531369237785	2.151061249776736e-37	AC016026.2
ABCA17P	2.476721287204081	2.190461346495041e-37	ABCA17P
COL9A2	-2.1819462349769494	2.264037699091443e-37	COL9A2
FCGR2B	1.9936038356869248	2.3178423679732724e-37	FCGR2B
EMB	1.5517700074945724	2.325175292336489e-37	EMB
SGCZ	-5.197360810311427	2.408598831370757e-37	SGCZ
AC125603.4	3.8484296999449774	2.5903105865439667e-37	AC125603.4
FAM153A	3.2451624008556514	2.658183902934249e-37	FAM153A
AL645939.5	1.520905490529419	2.6763370709125784e-37	AL645939.5
HMGA2-AS1	-3.289578391180425	2.693953932854132e-37	HMGA2-AS1
AC099066.2	3.398575499457339	2.6957268405401336e-37	AC099066.2
TRBJ1-5	3.6612793414561184	2.7553753384753614e-37	TRBJ1-5
KREMEN2	2.8934403969732303	2.8824639707818668e-37	KREMEN2
Y_RNA	5.618419115366999	2.954312416791892e-37	Y_RNA
AL355334.2	-1.220251335087124	3.0052278900687823e-37	AL355334.2
AD000864.1	2.102665457045215	3.0272683489521438e-37	AD000864.1
PLXNC1	1.4785414456333623	3.0659328104422395e-37	PLXNC1
AL358933.1	-1.6950461769179377	3.066645075846676e-37	AL358933.1
PNPLA1	-2.5448402091367384	3.1181278374988743e-37	PNPLA1
MSH5-SAPCD1	2.6976689022259324	3.12411183782112e-37	MSH5-SAPCD1
AC015819.2	2.336614333107795	3.147804890452906e-37	AC015819.2
PABPC1L	2.2334674485698582	3.1871563274427663e-37	PABPC1L
SEC16B	1.7219373601150365	3.2073991380965288e-37	SEC16B
RNU2-11P	3.087855532762182	3.248405023228759e-37	RNU2-11P
PRC1-AS1	2.150980520954102	3.40592587853408e-37	PRC1-AS1
RPL32P1	2.7417021314395105	3.422858779378869e-37	RPL32P1
ASS1P9	-2.7659330835973788	3.556711239390722e-37	ASS1P9
NPIPB11	2.284965063654879	3.5622298809697e-37	NPIPB11
KIF18A	1.5371828095150997	3.625304078305373e-37	KIF18A
AL159166.1	3.761483670037768	3.6439269543758623e-37	AL159166.1
ARMC4P1	-3.3894122970252467	3.6606394215747934e-37	ARMC4P1
GPAT3	-2.495347833842079	3.6638758793061887e-37	GPAT3
VARS2	2.1101698524482964	3.827421922513964e-37	VARS2
LINC01270	1.6494448340249874	3.891817230161516e-37	LINC01270
AC092683.1	2.7390177751136315	4.033253750588571e-37	AC092683.1
LSMEM1	1.934096279654744	4.170591995319938e-37	LSMEM1
AL132800.1	-1.0686478476502603	4.507917083974231e-37	AL132800.1
AC079331.2	2.7600067279661906	4.581950910208857e-37	AC079331.2
AGRP	-2.126135108123843	4.779651176421705e-37	AGRP
KPNA7	3.384742238670404	4.9313661356684994e-37	KPNA7
RNASEK	1.6836579577623023	4.95808374731865e-37	RNASEK
SNORD89	1.91487110285622	5.079132078759276e-37	SNORD89
MUC16	3.171979775748745	5.1030292668951484e-37	MUC16
DAO	-3.246673331897622	5.148351550840132e-37	DAO
ADAM20P1	2.2147996164064523	5.172726061691532e-37	ADAM20P1
TF	3.974629250526225	5.187987645132791e-37	TF
EME2	1.8983917670053136	5.304232651908036e-37	EME2
AC090907.3	2.5803802221166645	5.310424956105022e-37	AC090907.3
SLC12A3	-4.894642409396637	5.341733923440702e-37	SLC12A3
AC068051.1	2.6430746106741108	5.454703143527427e-37	AC068051.1
HUNK	-1.7381870030898492	5.577829533058113e-37	HUNK
AC005785.1	2.3054208813566923	5.6177024977486575e-37	AC005785.1
VAMP5	1.2129342569040005	5.729891201574349e-37	VAMP5
HIBADH	-1.081740252161265	5.8971922105030456e-37	HIBADH
LINC02015	2.5971175586577813	5.914545017577706e-37	LINC02015
MYC	1.5424885435005935	5.937886319675677e-37	MYC
AC022532.1	2.131948795688309	5.948173580845724e-37	AC022532.1
AC138207.9	1.7435895727640771	6.0110125809774544e-37	AC138207.9
Z97056.1	3.2628093213615394	6.670816345302228e-37	Z97056.1
LINC00380	-3.385268593241697	6.8390399370441964e-37	LINC00380
BTC	-1.8224037099083863	6.868506794030124e-37	BTC
APOLD1	1.9476882712718109	6.889380564552384e-37	APOLD1
ADH6	-2.628326399093301	7.01318856810381e-37	ADH6
SHISA2	-2.69265132497163	7.20366913607405e-37	SHISA2
MFSD6L	-3.452565011242552	7.291160561257981e-37	MFSD6L
TSGA10	-1.0692788013845758	7.304335670793444e-37	TSGA10
SPTA1	2.6700623408095834	7.588220551682053e-37	SPTA1
AC114284.1	1.9347059817057497	7.899735868019438e-37	AC114284.1
COL21A1	2.197665159610393	7.934255521834962e-37	COL21A1
PIWIL4	1.300949139924196	7.936782585406303e-37	PIWIL4
CYP2B6	-4.481487001093089	8.032771466722938e-37	CYP2B6
MISP3	-1.673462162081339	8.059429868277368e-37	MISP3
LINC01678	2.362242135368318	8.212761187376418e-37	LINC01678
LILRA4	2.560774932136769	8.469710656000397e-37	LILRA4
AC138123.1	-1.950018074753049	8.684502046998703e-37	AC138123.1
ANKRD37	1.2333458936055517	9.049270307273217e-37	ANKRD37
CDCA5	1.5915745940550776	9.176173129698316e-37	CDCA5
RXFP4	-2.2919860907212413	9.818909833321063e-37	RXFP4
AL031719.2	1.7661110368300357	9.861226157387785e-37	AL031719.2
ITM2C	-1.4080008380049107	9.92725412214645e-37	ITM2C
DPRXP4	2.14441219541474	9.964831139269192e-37	DPRXP4
MZT2A	1.6134111385103918	1.00527035953156e-36	MZT2A
AL031846.2	1.850301463010809	1.009957346134762e-36	AL031846.2
PCED1A	1.0036527382048692	1.022826824275702e-36	PCED1A
SBNO2	1.004018575943578	1.023040752957332e-36	SBNO2
CXorf21	1.6199904342122249	1.029450738478419e-36	CXorf21
AC005104.1	2.0373402871954958	1.034008694158908e-36	AC005104.1
AC008735.1	2.555156615204959	1.0426703439608505e-36	AC008735.1
MAL	-3.3077170327170133	1.0550117078843234e-36	MAL
RPL7AP64	2.1880945313143987	1.0601706358502696e-36	RPL7AP64
TRIM52	1.138610694826878	1.0787623427792148e-36	TRIM52
AC006128.1	2.223029722958066	1.0960464827572697e-36	AC006128.1
NT5C3AP2	3.456120765793961	1.1654192594546554e-36	NT5C3AP2
CDHR3	1.4277803736343724	1.267717649535557e-36	CDHR3
NID1	1.3601685563271897	1.3281492484135794e-36	NID1
MTFR2	1.4979958512158669	1.3281492484135794e-36	MTFR2
PLEKHG3	-1.038043862358315	1.350832740370059e-36	PLEKHG3
HLA-DQB1-AS1	2.2039560006415724	1.3584707085789356e-36	HLA-DQB1-AS1
AC015522.1	-4.906626997042215	1.374940000435214e-36	AC015522.1
MPP7-DT	-3.767955438921309	1.4051182796468982e-36	MPP7-DT
AC135983.2	1.3690998636640666	1.4193957684542444e-36	AC135983.2
CNTN1	-3.676960090574288	1.4599489643566064e-36	CNTN1
RGS14	1.36286762336285	1.4756470019551e-36	RGS14
INHBA-AS1	2.8918376884615484	1.479915743103395e-36	INHBA-AS1
FLJ40194	2.2558106065844945	1.511399094117043e-36	FLJ40194
ANO7	1.1452252813610715	1.550235549636757e-36	ANO7
LY96	1.7042236416043166	1.574801365499024e-36	LY96
AC073548.1	2.0299897083591096	1.6156858731268106e-36	AC073548.1
ADAMTS15	-1.9424564531170527	1.624866771158297e-36	ADAMTS15
P2RY13	1.6696735542789665	1.6337068684321322e-36	P2RY13
NFE2L3	1.4837154882390384	1.6376513719799423e-36	NFE2L3
AC010273.3	-2.4779428957853704	1.6842146524270767e-36	AC010273.3
CD300LB	1.7184457051864093	1.693560142903318e-36	CD300LB
AC110995.1	1.7445650606914926	1.7315537106419236e-36	AC110995.1
SLC36A2	-4.687623182591129	1.7676701317937974e-36	SLC36A2
TREX2	2.700272986014239	1.7745000607109722e-36	TREX2
AL589743.3	4.0834317049109945	1.8304926277058653e-36	AL589743.3
AC005082.1	-3.016618905939084	1.8735136019776358e-36	AC005082.1
HCST	2.1461799173111	1.9979272868431773e-36	HCST
NRM	1.08848407988201	2.043401414755928e-36	NRM
KLHL31	1.67597122634311	2.0863317791779598e-36	KLHL31
WHAMMP3	1.0539424976591314	2.0888274039159457e-36	WHAMMP3
CARD9	1.5629311157986656	2.114716648186463e-36	CARD9
NRIR	2.238282468614737	2.1227921225293924e-36	NRIR
PLB1	1.324407734360848	2.138071321240361e-36	PLB1
AC100858.2	1.3366431038137612	2.138180379218603e-36	AC100858.2
CENPT	1.2875621962029402	2.2707607729173423e-36	CENPT
TRBV4-1	3.281893654732424	2.412288288116249e-36	TRBV4-1
VDR	-1.738785494031104	2.5787641422911547e-36	VDR
PIDD1	1.3946222414629852	2.588511597079183e-36	PIDD1
BMPR1B-DT	-4.851746532478737	2.636624677054784e-36	BMPR1B-DT
KIR2DS4	2.839613203570204	2.7562608443784226e-36	KIR2DS4
HSD11B2	-2.802710513397209	2.879623627489796e-36	HSD11B2
AC090004.1	2.02974223277686	2.8808976132803443e-36	AC090004.1
CENPF	1.809531498303478	3.005559496080467e-36	CENPF
LRAT	2.266184738744539	3.1142625329708054e-36	LRAT
LINC00298	3.074870398238378	3.30178191795214e-36	LINC00298
SHROOM1	1.1392799350214633	3.3212430889605404e-36	SHROOM1
GPBAR1	-1.6836873855981098	3.466253020034139e-36	GPBAR1
AC004067.1	1.695479662822838	3.4970031162077654e-36	AC004067.1
AC013724.1	3.201118088431527	3.6003676190369266e-36	AC013724.1
CYP21A2	2.5074237023086523	3.7387051074769626e-36	CYP21A2
LBX2-AS1	1.306768428484833	3.820239229359469e-36	LBX2-AS1
AL162725.2	-4.625015449650856	3.943675203957741e-36	AL162725.2
BEST4	2.717492602107193	4.008519987678437e-36	BEST4
LINC00893	2.492469377522989	4.013578868722602e-36	LINC00893
AL031009.1	2.025832541275588	4.159651915363649e-36	AL031009.1
SH3PXD2B	1.537641936306247	4.172484023428911e-36	SH3PXD2B
EXO1	1.6828320827483867	4.235366612519738e-36	EXO1
TRAV21	2.8316143907756226	4.286999912997962e-36	TRAV21
ZNF581	1.073684437678443	4.32197772365569e-36	ZNF581
LINC02384	2.7192788184328847	4.3366193538611895e-36	LINC02384
C3orf70	1.4963752721800687	4.382756229424806e-36	C3orf70
AC025871.3	3.262252496650698	4.731716906472494e-36	AC025871.3
AC108860.2	-4.18194682391022	4.778499191085268e-36	AC108860.2
TBC1D9	-1.167218572315234	4.813494731198515e-36	TBC1D9
LINC01522	3.19155180955266	4.866731931847712e-36	LINC01522
AC096541.1	1.8709285682937795	4.941668656934216e-36	AC096541.1
AP000897.2	2.628785104000664	4.9858289551892455e-36	AP000897.2
FCHSD1	1.274107472511565	5.0113734283168304e-36	FCHSD1
KITLG	-1.6517094230609302	5.049285606380234e-36	KITLG
RPA4	2.8469987538582764	5.075452175101077e-36	RPA4
FAM238A	4.0408458767938615	5.318774425395815e-36	FAM238A
AC097512.1	2.769669397281938	5.370726384575636e-36	AC097512.1
AL021707.6	2.0749877663429275	5.42248075400973e-36	AL021707.6
DIABLO	1.4669956157801722	5.4944622509963767e-36	DIABLO
RBCK1	1.2145436151407172	5.612685475680203e-36	RBCK1
SEMA3F	1.1369514661542452	5.820799186916078e-36	SEMA3F
EPN3	-3.7536954723246914	5.848939633352111e-36	EPN3
ELL2P1	1.582116814523729	5.8559992511763616e-36	ELL2P1
TUBA1B	1.0996178667293692	6.005484226173803e-36	TUBA1B
KCNK17	3.5023664594350428	6.327907027726133e-36	KCNK17
NPDC1	1.4171843418189498	6.418980429690408e-36	NPDC1
MT1H	-4.361856044129339	6.438879763696898e-36	MT1H
ZNF354B	1.1159742618623367	6.508963473504855e-36	ZNF354B
TXLNB	1.8674586028912328	6.52516298552104e-36	TXLNB
Z97192.4	1.7055308646641052	6.540152745496473e-36	Z97192.4
CACNA1F	2.2862140776808646	6.662944655878838e-36	CACNA1F
TMEM121B	1.4740607521994338	6.763662450158497e-36	TMEM121B
AC107918.6	4.622228237361298	6.910882140470401e-36	AC107918.6
HIF1A	-1.1544380260735907	6.910882140470401e-36	HIF1A
FP325317.1	-3.509168479898073	6.953070156378468e-36	FP325317.1
AC112777.1	2.330033649388682	6.99607050185869e-36	AC112777.1
AC245100.4	1.7463717764493956	7.053875683571173e-36	AC245100.4
NLRP12	1.693628268644342	7.260723949337646e-36	NLRP12
LMO7	-1.2227950729948682	7.362284425105432e-36	LMO7
CASC2	-1.121395903423248	7.398739302894219e-36	CASC2
AC005776.2	2.2168234085904963	7.55878148942691e-36	AC005776.2
LINC02641	3.214795800190145	7.889194590565091e-36	LINC02641
AL158817.1	-4.716110576764129	8.012961818592613e-36	AL158817.1
TSPAN33	-1.554197148806863	8.243112355249168e-36	TSPAN33
FYB1	1.682134500847906	8.537151500176632e-36	FYB1
LINC01359	2.275301302827396	8.55350173856636e-36	LINC01359
IGF2BP3	3.724425341512175	8.834046953496474e-36	IGF2BP3
INSRR	-3.59789675749632	8.923122024574879e-36	INSRR
AC095060.1	-3.9969127683959114	9.078951512894786e-36	AC095060.1
AC006160.1	2.067601290886022	9.368851818716904e-36	AC006160.1
ZBTB32	1.8440086048510291	9.740957569147904e-36	ZBTB32
LINC00906	3.555543572734989	9.758892723690082e-36	LINC00906
HYPK	1.994385901817531	9.778980356838636e-36	HYPK
AL392086.3	3.1590823646480843	1.0132444201766082e-35	AL392086.3
LINC00900	1.8939085409978371	1.0545661257996268e-35	LINC00900
UQCRFS1	-1.2368786660488107	1.0950975409012604e-35	UQCRFS1
MUC17	6.446841519125743	1.1275076985092484e-35	MUC17
CARD14	2.6019697676533986	1.1493371872092592e-35	CARD14
MIR223HG	2.002051728239116	1.1614127966705612e-35	MIR223HG
AL121935.1	3.243316631814654	1.1675232487048158e-35	AL121935.1
MEP1A	4.071611997792429	1.1781462933945612e-35	MEP1A
AC099795.1	3.0892132400687555	1.1810812128213045e-35	AC099795.1
AARSD1	2.113748965044715	1.2113446011931906e-35	AARSD1
KLK6	-5.457070336056717	1.217596077714388e-35	KLK6
LINC02280	3.1049492042710662	1.223754537821801e-35	LINC02280
GPR55	1.9096360588917385	1.2489073936590776e-35	GPR55
AP000577.1	2.620199480562404	1.2783492094193166e-35	AP000577.1
LINC02528	4.465029991076777	1.2952559622918388e-35	LINC02528
RN7SL832P	-1.5530248164897436	1.3029755458900257e-35	RN7SL832P
AL096865.1	2.5704737274955147	1.322169448157531e-35	AL096865.1
C1RL-AS1	1.574322005433887	1.3339469314752295e-35	C1RL-AS1
AC107871.1	1.433613366350642	1.3693876634434012e-35	AC107871.1
RGS5-AS1	2.846044577491001	1.402331692355782e-35	RGS5-AS1
LHX8	5.511849827479391	1.4364445235973958e-35	LHX8
EPB41L4B	-3.4214203386158832	1.4610310583914917e-35	EPB41L4B
DMP1	3.5784143133185458	1.4719842712742794e-35	DMP1
AC116036.2	-1.6557167571730322	1.4936304973311898e-35	AC116036.2
PPP1R1B	-3.776502769071099	1.5440588479807872e-35	PPP1R1B
RGS20	2.8663397764651006	1.5629101332905563e-35	RGS20
AC145207.9	2.495307881026859	1.6005811674301406e-35	AC145207.9
DUSP5P2	-3.4651744006779737	1.6123808732110002e-35	DUSP5P2
FAM177B	2.002333238732647	1.6290198356570633e-35	FAM177B
DNM3	-1.2184705246546492	1.631389825836157e-35	DNM3
SEMA6A-AS2	1.6808295820689545	1.7146898213603127e-35	SEMA6A-AS2
SCHLAP1	-3.9439948262667657	1.7584515525771708e-35	SCHLAP1
P2RY10	2.080341770278057	1.7824444415026158e-35	P2RY10
LRIT3	-2.1376230274372983	1.7937186811960391e-35	LRIT3
AC007991.4	5.301921860111579	1.8212250722044367e-35	AC007991.4
CLASRP	1.213907844262003	1.87192929842066e-35	CLASRP
ZDHHC20P1	2.0390457895492	1.889946247331959e-35	ZDHHC20P1
STX1B	1.7249821384778918	1.926069495371987e-35	STX1B
AC018638.2	1.4626210724426798	1.9400347059951653e-35	AC018638.2
PCDHB14	1.4072135884657218	1.9438250623521858e-35	PCDHB14
PPIEL	1.9389116953633003	1.9511906009627196e-35	PPIEL
CCDC78	2.8470411373673348	1.9833555537954283e-35	CCDC78
PRTG	-2.011042142363017	2.010485785437067e-35	PRTG
TOMM20P2	2.1843895491381744	2.0141126212735748e-35	TOMM20P2
MCTP2	1.2950702315684313	2.029152226285119e-35	MCTP2
SLC18A3	7.155900147667799	2.0931981009058297e-35	SLC18A3
LINC01031	-2.2316153987332727	2.1004591726857437e-35	LINC01031
AC005332.1	2.320817244437418	2.113831958364688e-35	AC005332.1
AL133406.2	1.8418568165530165	2.113831958364688e-35	AL133406.2
FAM184A	-1.5513951399902404	2.114584399296672e-35	FAM184A
GIMAP5	1.8144505013054413	2.1440495628159623e-35	GIMAP5
RUSC1-AS1	1.7123548008055007	2.1906345559645185e-35	RUSC1-AS1
CTAGE9	2.434781053498205	2.2237773321503997e-35	CTAGE9
PPM1H	-1.900761517338447	2.2269504734194628e-35	PPM1H
PTCSC3	-3.6222189911837575	2.253302525223533e-35	PTCSC3
AP000757.1	-2.765134205300284	2.306650400664696e-35	AP000757.1
ABCB4	2.090418394656092	2.3856718054983937e-35	ABCB4
MAP3K15	-2.890483940937375	2.4171874792104484e-35	MAP3K15
DCST2	2.0034090378995515	2.4577104074611044e-35	DCST2
KCNK7	1.703340051747659	2.468303955132536e-35	KCNK7
LDHD	-2.2819482800304165	2.5064413901387365e-35	LDHD
AC002059.1	2.547609596030276	2.517940742108498e-35	AC002059.1
AC018521.5	-1.1431739070475988	2.5231647396765866e-35	AC018521.5
VGLL1	-6.226958359889727	2.5737740241354666e-35	VGLL1
AC010519.1	2.961664802740807	2.579859770102253e-35	AC010519.1
AC025271.4	-2.3118684914775134	2.5916498093990486e-35	AC025271.4
SPRY4	1.272713624912665	2.6206445487557386e-35	SPRY4
AL161935.3	2.4608851442756485	2.6226698223395966e-35	AL161935.3
ARHGAP26	1.0302750123513722	2.6307065631736187e-35	ARHGAP26
BGLAP	2.691537100921286	2.669803784634597e-35	BGLAP
AL390728.4	1.3693622915377597	2.67700735822773e-35	AL390728.4
AL355802.1	1.4073225636259326	2.862682162143839e-35	AL355802.1
IL7	1.1225378427571784	2.9489202904696347e-35	IL7
SOWAHA	-3.088731745565217	3.0490209073844377e-35	SOWAHA
AL031733.2	2.767812568909908	3.1032172820887783e-35	AL031733.2
RUNX3-AS1	3.656178783728276	3.1533451727017547e-35	RUNX3-AS1
LINC01843	1.8984610037592355	3.2286421072177714e-35	LINC01843
AC080097.1	-2.406087831343997	3.269248587750159e-35	AC080097.1
AC111170.3	2.613439741497859	3.4903309116089957e-35	AC111170.3
RFTN1	1.0020812177220977	3.5368949133592506e-35	RFTN1
PREX2	2.0526382121717406	3.5718495734576935e-35	PREX2
DNHD1	1.6431652265416363	3.630948452211456e-35	DNHD1
AC106897.1	1.711732716728854	3.78559440164598e-35	AC106897.1
AC093523.1	-2.718360665619581	3.8646468722137313e-35	AC093523.1
AC006272.1	2.8353991309888267	3.967237950838008e-35	AC006272.1
TRDV1	3.1918075319950336	4.025477829787196e-35	TRDV1
AC026412.3	1.6028433424987736	4.0574513130441183e-35	AC026412.3
AL035665.1	3.021181683710485	4.067333633823256e-35	AL035665.1
TIFAB	2.433042133597699	4.153043591397051e-35	TIFAB
AC009506.1	-1.0916198962970745	4.211919881338424e-35	AC009506.1
AC007639.1	2.945265415564208	4.286852194503122e-35	AC007639.1
AC006262.1	3.61615059596378	4.370074840368703e-35	AC006262.1
DAND5	2.7336229842295845	4.3835407741086837e-35	DAND5
MYCN	-1.931241365677237	4.422306672228896e-35	MYCN
FCMR	1.5167169314719158	4.5768938158895454e-35	FCMR
Z98257.1	3.64443146146697	4.6659287997954377e-35	Z98257.1
LINC02664	2.6140799373805543	4.71144201698721e-35	LINC02664
ZNNT1	1.2686422282397207	4.7753731518016705e-35	ZNNT1
AP000821.2	3.058928674296839	4.833234535049094e-35	AP000821.2
GPR84	2.1313113958790626	4.891907197223311e-35	GPR84
AL139383.1	-1.6882385210824566	5.002677276429074e-35	AL139383.1
PRRT3	-1.2626925290959132	5.27537956495205e-35	PRRT3
AC079322.1	1.9954828054757467	5.312344099022473e-35	AC079322.1
GYPC	1.04255038653058	5.383667006056174e-35	GYPC
MRPS6	-1.51609128897664	5.655433569162921e-35	MRPS6
AC068989.1	2.106001139101536	5.738074758974127e-35	AC068989.1
RAD51AP1	1.298273887423342	5.811777259164248e-35	RAD51AP1
LINC00664	2.629970630372959	5.849578877018289e-35	LINC00664
AC012443.2	1.8357131407827465	6.04218626842745e-35	AC012443.2
LINC01786	2.3255584482282603	6.095389487737174e-35	LINC01786
AC009093.2	2.607173705200746	6.143446170645726e-35	AC009093.2
GP6	2.319057580993783	6.186288888092181e-35	GP6
Z99289.2	3.4151069231284032	6.542317596018173e-35	Z99289.2
AC079313.1	2.849283270609268	6.644010715196567e-35	AC079313.1
PITPNM3	-1.540697972490383	6.675556999381333e-35	PITPNM3
AP002448.1	-4.016445919973447	6.829454170326244e-35	AP002448.1
AC004923.4	1.9318421451324652	6.920224058687498e-35	AC004923.4
AC005722.3	-2.326719498802744	6.945485243607255e-35	AC005722.3
AC005594.1	3.352063392421913	7.233649340544878e-35	AC005594.1
TRPM2-AS	2.1809549056065283	7.308502261901037e-35	TRPM2-AS
AC024896.1	1.9023892270646432	7.37686043421101e-35	AC024896.1
GPC2	1.987685507748027	7.487081550151665e-35	GPC2
SEMA4A	-1.5687817730185578	7.613644006130271e-35	SEMA4A
DLX3	-2.232561715979342	7.88115426064468e-35	DLX3
AC104031.1	2.295427035787436	7.882997528044235e-35	AC104031.1
AP002851.1	1.4913454870263272	7.94431792033644e-35	AP002851.1
ERCC6L	1.791510054274659	8.047036026130861e-35	ERCC6L
ITGB6	-2.5834884011567154	8.969830197589932e-35	ITGB6
TJP3	-2.810719542078484	8.982085777587303e-35	TJP3
AL139349.1	2.5032089236911217	9.03855420017042e-35	AL139349.1
GEMIN7	1.3969302648962378	9.560316108644116e-35	GEMIN7
AC132872.5	2.1751849838701607	9.598116001974515e-35	AC132872.5
CIITA	1.450369678520398	9.604808466892144e-35	CIITA
AP001992.1	2.0693199027676608	9.690556865324968e-35	AP001992.1
DAAM2-AS1	2.6764894089445828	9.843443627892215e-35	DAAM2-AS1
RBM38-AS1	1.7759415458584855	9.918443921368318e-35	RBM38-AS1
TMPRSS4	-3.8580364591597314	1.0040763319988331e-34	TMPRSS4
B3GNT10	-1.2666699561924275	1.0086988370917895e-34	B3GNT10
SH3PXD2A-AS1	2.288780781396106	1.010922620845635e-34	SH3PXD2A-AS1
NPHP3	1.2090578066151791	1.0182520149345828e-34	NPHP3
TGFA	1.653962715166951	1.0379488521073335e-34	TGFA
AC000123.2	1.4624554578376514	1.0408846445968376e-34	AC000123.2
PCDHB9	1.5866722744000723	1.0425815305867223e-34	PCDHB9
AL049840.5	1.1097020927531802	1.0711578408409786e-34	AL049840.5
SDC3	1.0683911582436356	1.0919200495288227e-34	SDC3
IDNK	-1.1904159936006573	1.1021554876962623e-34	IDNK
GLIPR1	1.4980092413223152	1.1057935185310891e-34	GLIPR1
CFAP61	-1.7940619553778523	1.127987543744204e-34	CFAP61
AC004148.1	1.8206687362771288	1.1787328237244243e-34	AC004148.1
ICAM1	1.3854861791508783	1.203947867337342e-34	ICAM1
CYP51A1P2	1.8873507498290265	1.2241155014302622e-34	CYP51A1P2
ZNF331	-1.2067754185425397	1.2387836119892042e-34	ZNF331
AL009177.1	-2.267935248017496	1.2484904405155207e-34	AL009177.1
LIN37	1.2517630422719224	1.260078605093738e-34	LIN37
ARID3C	2.9851296828846	1.2758462633780871e-34	ARID3C
ACRBP	1.2636229676045383	1.286233776245409e-34	ACRBP
NFATC2	1.1597641668703609	1.3250431623678672e-34	NFATC2
HOXB8	-2.30454701096098	1.3348889817449582e-34	HOXB8
DCST1	2.6092491144709027	1.359830896600691e-34	DCST1
RFLNB	1.443431572395323	1.4081654434445092e-34	RFLNB
AC092296.2	1.902214253382164	1.4696903698878338e-34	AC092296.2
CORIN	-1.5488698139574448	1.478853282459703e-34	CORIN
AL135999.1	2.324096583169877	1.4805859522531175e-34	AL135999.1
GPR35	2.4651435786515847	1.499473531401282e-34	GPR35
AC012020.1	1.9263042197350368	1.5718444767701096e-34	AC012020.1
AC015722.2	3.743711932844593	1.5853895707501175e-34	AC015722.2
AC009704.2	2.5181667248633057	1.5940908772211264e-34	AC009704.2
FAM167A-AS1	-3.786423120977072	1.6605896453968502e-34	FAM167A-AS1
AC015849.3	1.7961617688574918	1.669008679398573e-34	AC015849.3
AC093677.2	-1.2517596075708215	1.7981300446654752e-34	AC093677.2
AC019117.1	2.748945122708384	1.852768547646579e-34	AC019117.1
AC018816.1	1.65210320590673	1.8600697281106315e-34	AC018816.1
TNFRSF25	1.8271537840252696	1.881730147309467e-34	TNFRSF25
PRND	3.281654167524961	1.8836708969152541e-34	PRND
PSMA6	1.0764888502985266	1.8836708969152541e-34	PSMA6
P4HA2	1.2576715331052122	1.9020752815131526e-34	P4HA2
ARHGAP11B	2.222865800553048	1.9287050305231143e-34	ARHGAP11B
AC018541.1	-3.599009407372011	1.963040923364897e-34	AC018541.1
LINC01702	-2.874541512331592	2.0379848119417603e-34	LINC01702
AL928654.4	1.1137357246334725	2.0454897005929955e-34	AL928654.4
LINC02804	2.0111388759602	2.0454897005929955e-34	LINC02804
KLHDC7B-DT	2.9027351108873143	2.064003360437758e-34	KLHDC7B-DT
TMEM30B	-2.883047692941389	2.064003360437758e-34	TMEM30B
AC026462.3	-2.3909936441135726	2.11042731137506e-34	AC026462.3
ACO1	-1.109006748706855	2.1912118926913993e-34	ACO1
RNASE10	2.3123365206773783	2.1975961423875493e-34	RNASE10
AL139823.1	-4.939265123800787	2.2048788044106184e-34	AL139823.1
CCRL2	1.4083651337646057	2.255751541535281e-34	CCRL2
AC022400.6	1.3312664016292912	2.255925457812446e-34	AC022400.6
LINC00882	-1.5301697087370487	2.2996880028747004e-34	LINC00882
MSX1	1.3687218795266909	2.384928566714262e-34	MSX1
BAG1	-1.2270628901450242	2.423364161852858e-34	BAG1
LINC01033	2.6110070263692955	2.4414717853953513e-34	LINC01033
PER2	1.1377533841337404	2.4622362162811343e-34	PER2
TEPSIN	1.262910506947858	2.5591216032759354e-34	TEPSIN
AL590004.3	2.843642820697849	2.569754600926473e-34	AL590004.3
CCR8	2.7970892493028883	2.629404160234012e-34	CCR8
ATF7-NPFF	2.14503200876942	2.6761368479427153e-34	ATF7-NPFF
ANKRD10-IT1	1.519188466935373	2.6807996129620726e-34	ANKRD10-IT1
AC133644.1	3.0771573946378563	2.682383432537679e-34	AC133644.1
C11orf16	-2.047298679932107	2.683463643941059e-34	C11orf16
KDF1	-2.04713991895823	2.7000625160376404e-34	KDF1
TRAV4	2.66604948175316	2.779825022484532e-34	TRAV4
RPL22L1	1.401501505869344	2.8221906578888766e-34	RPL22L1
FAM181B	-2.2353643497746445	2.829737426292168e-34	FAM181B
LINC01426	2.671174126241511	2.877574017474669e-34	LINC01426
AL158163.1	1.6847523847876134	2.95520095250537e-34	AL158163.1
FGFBP2	1.8687220627657923	2.9651233965057e-34	FGFBP2
KCNJ16	-1.5848909044562098	3.0196849325232876e-34	KCNJ16
RAB4B	1.773064948159314	3.037645069689372e-34	RAB4B
RUBCNL	1.5572521450858132	3.0575709825050573e-34	RUBCNL
AC008751.3	-2.648873032364511	3.069431830806006e-34	AC008751.3
CLDN10-AS1	-2.61334040159739	3.104229005227954e-34	CLDN10-AS1
VWA3B	-2.266789951140514	3.116200065785741e-34	VWA3B
EFNA1	1.2137647440142745	3.127693739477044e-34	EFNA1
KIR3DL1	2.194188392600517	3.1391085731552082e-34	KIR3DL1
JHY	-1.1406351659039595	3.1748025372112843e-34	JHY
JUP	-1.0358563981134885	3.2433933759194678e-34	JUP
AC130469.1	3.2575956429340818	3.2482308412899624e-34	AC130469.1
DLX6-AS1	1.9006182513543468	3.276911291967358e-34	DLX6-AS1
E2F3P1	3.028758328102917	3.3282557817707583e-34	E2F3P1
RCN1	1.2088124259828854	3.337251280982534e-34	RCN1
GLOD5	-2.4202329066144874	3.4150155121441883e-34	GLOD5
AC004938.2	-1.2976592457216014	3.436352279159037e-34	AC004938.2
TRBD1	3.2824363979280027	3.5175245052483533e-34	TRBD1
GAS1	-2.083798806532528	3.534749105992649e-34	GAS1
RPL18	1.1565285438216295	3.551041312829761e-34	RPL18
GK	-1.5264998913503285	3.757299682845237e-34	GK
CCDC194	3.181895503485036	3.7987214337950393e-34	CCDC194
ZFPM2-AS1	2.105483043479873	3.815265955028807e-34	ZFPM2-AS1
GRAMD1C	-1.4334097133119723	3.970230842216269e-34	GRAMD1C
HORMAD1	3.1750067366639643	3.9733127152837645e-34	HORMAD1
TRBV29-1	2.476557106397055	4.062793409854083e-34	TRBV29-1
PDXK	-1.0645171296089329	4.2682871975280775e-34	PDXK
SLC5A4	1.814654042515094	4.2727601545965955e-34	SLC5A4
AC124861.1	-2.9961044790229443	4.315145775570507e-34	AC124861.1
OMG	2.2851900646355667	4.3314409452993165e-34	OMG
B4GALNT2	-3.6134103400426714	4.335187427038957e-34	B4GALNT2
AATK	1.3368789502399805	4.3498858278031295e-34	AATK
SLC25A30	-1.0359184011119893	4.573607179960825e-34	SLC25A30
TOMM40P1	3.1646319090736577	4.584055478056293e-34	TOMM40P1
CDH24	1.1017669548036169	4.632172239609215e-34	CDH24
RPL18A	1.125806099371358	4.658524793725227e-34	RPL18A
RNU2-52P	4.793182668593291	4.663579860100652e-34	RNU2-52P
AC005632.3	1.3481201042825337	4.931151340960521e-34	AC005632.3
SYN2	-2.313154226236164	4.9785073044133015e-34	SYN2
AC027796.4	2.221033610313406	5.043880750509669e-34	AC027796.4
SLC6A8	1.6430798161973346	5.0709580359219075e-34	SLC6A8
MGC27382	-1.741121435346256	5.195551489510719e-34	MGC27382
AL118508.1	-2.317876600289353	5.200188702598321e-34	AL118508.1
PROM2	-3.5345914927947844	5.283477259507506e-34	PROM2
AL096794.1	1.8338287302511496	5.30749454138813e-34	AL096794.1
AC003070.1	2.196479993541061	5.475477826785776e-34	AC003070.1
WNT1	2.320410956441997	5.6627297499683565e-34	WNT1
LPAR6	1.1889620017993197	5.760425106324794e-34	LPAR6
AC137723.1	-2.7688459027819925	5.7723334607161335e-34	AC137723.1
SLC25A47	-2.407138952066554	5.967863664355737e-34	SLC25A47
WDR62	1.519081817564628	5.990147025480867e-34	WDR62
CCER2	2.6514623461911926	6.039528700242439e-34	CCER2
AL603783.1	3.1686672193532037	6.0480177006239086e-34	AL603783.1
RTP5	3.1134093485597205	6.099411208450136e-34	RTP5
AL157394.3	1.486357285048132	6.126622773996305e-34	AL157394.3
AC096642.1	2.032176687142088	6.149330383490764e-34	AC096642.1
TLK2P2	2.414457009284398	6.274596626957085e-34	TLK2P2
AC004967.2	2.000773669899774	6.336783206285485e-34	AC004967.2
AC090589.3	1.6867016154043506	6.361008351824788e-34	AC090589.3
ENTPD3-AS1	-1.1442622227206145	6.368736782773748e-34	ENTPD3-AS1
AP001178.4	2.4795678879574847	6.380425743608206e-34	AP001178.4
SP140	1.807736127769568	6.381037578872769e-34	SP140
MIR140	2.650470338363278	6.549227620626794e-34	MIR140
RPL36A	1.4051883807502576	6.873228016229577e-34	RPL36A
IDUA	1.3035329547347898	6.913748226342336e-34	IDUA
PLA2G2D	3.291579871753371	6.9233962282356345e-34	PLA2G2D
GGT8P	2.419941298969063	6.938353084958438e-34	GGT8P
CYP21A1P	2.3208732904777296	7.018172948390723e-34	CYP21A1P
AC093912.1	-3.568054614807021	7.019780970379427e-34	AC093912.1
TRAV17	2.705379926327224	7.027732135941398e-34	TRAV17
NRBP2	1.4901078995387165	7.113419223356712e-34	NRBP2
MAPK11	1.2071844080366214	7.143060000222834e-34	MAPK11
VMP1	1.2807543606854308	7.6590794673325044e-34	VMP1
DLEU1	1.1111287642610466	7.941280438666469e-34	DLEU1
AC016027.2	3.226279077050115	7.981330028981842e-34	AC016027.2
LINC02332	-2.7626359901622624	8.044530650517687e-34	LINC02332
AC119427.1	-3.1175892126949853	8.159963082327638e-34	AC119427.1
AL645608.7	2.083341014487912	8.160462013601174e-34	AL645608.7
LINC02709	1.7508562128530378	8.198747629120235e-34	LINC02709
AC008467.1	2.029104583967235	8.34650949398844e-34	AC008467.1
CRB2	-2.907243245869046	8.367177960493984e-34	CRB2
RPS8	1.0315301299087427	8.421404153684978e-34	RPS8
PDXDC2P-NPIPB14P	1.9533175272106007	8.75016323455732e-34	PDXDC2P-NPIPB14P
AKAP4	-2.3400306503861183	8.90861615162308e-34	AKAP4
OPRD1	1.782053105257511	9.693763455814089e-34	OPRD1
PCCA-DT	-1.2438331820268975	9.750238937682589e-34	PCCA-DT
LINC01238	2.290552132004867	9.776325036356793e-34	LINC01238
RPL37	1.037862542952567	9.840125641174101e-34	RPL37
MFHAS1	-1.1466674109607602	9.966376832175553e-34	MFHAS1
Z97056.2	2.7953030292734318	9.970380019893113e-34	Z97056.2
AL355538.1	-4.631837970586973	9.981767759582249e-34	AL355538.1
AC135050.7	2.8156389260524306	9.98760998279482e-34	AC135050.7
SUSD1	-1.429228177205221	1.0447553271211079e-33	SUSD1
RPS19P3	1.7193073865461164	1.0648341919013988e-33	RPS19P3
AL450306.1	2.3778465056627	1.0734873173311248e-33	AL450306.1
KIF1C-AS1	2.061712830582153	1.0858186896857013e-33	KIF1C-AS1
AC010655.2	4.804118017190238	1.1031874205614477e-33	AC010655.2
VWFP1	2.6499510140359583	1.1157234967599821e-33	VWFP1
AL354836.1	1.844703432909604	1.1157234967599821e-33	AL354836.1
BAAT	2.8244597241253016	1.1316369158444528e-33	BAAT
CD101	1.4356577939547048	1.1580255553234166e-33	CD101
SUCNR1	-2.162270192352283	1.1915498526814094e-33	SUCNR1
AC008537.4	2.220354595459043	1.1956839493557989e-33	AC008537.4
PKD1P6	1.3877552345257445	1.2542784458865465e-33	PKD1P6
CAMK2A	-2.737836724924307	1.280049358355734e-33	CAMK2A
WDFY4	1.7055788052076286	1.2861046388094829e-33	WDFY4
TMEM273	1.3179326051004914	1.2875826147000028e-33	TMEM273
SCN2A	-2.995377545522451	1.3044713662499968e-33	SCN2A
RSPH9	1.5176363803132924	1.341762186134213e-33	RSPH9
APOL2	1.3743193380729488	1.3462881138011608e-33	APOL2
AC084824.1	1.045566623987952	1.3469255018942989e-33	AC084824.1
ADAM1B	-1.5491149299691378	1.3725042329502338e-33	ADAM1B
FAM230I	-3.1796168445050776	1.4284822653664113e-33	FAM230I
RPLP0	1.053155727809724	1.5325523081010126e-33	RPLP0
AC000123.1	1.2065577875934292	1.5678222608386456e-33	AC000123.1
AL139039.3	-3.083555608395369	1.577302382989897e-33	AL139039.3
EPHA3	1.745151923201766	1.5869085824218603e-33	EPHA3
AC060234.2	2.691211973906145	1.5907934804005264e-33	AC060234.2
SPIC	3.7864833159092246	1.602394691419039e-33	SPIC
AL451007.3	-2.865925871291048	1.6039329093534446e-33	AL451007.3
C10orf82	-2.7389328556722146	1.6124235163400158e-33	C10orf82
COL4A3	-1.8563714351670308	1.650448204515161e-33	COL4A3
DLG1-AS1	-2.2377419928319315	1.6914514448092574e-33	DLG1-AS1
VCAM1	1.7801403895134529	1.712009443479734e-33	VCAM1
CHD3	-1.019254412886102	1.725043868428532e-33	CHD3
WDFY3-AS2	-1.1754910928369406	1.7320653889204032e-33	WDFY3-AS2
ALDH3B2	-3.8648265735645095	1.7465776912284155e-33	ALDH3B2
AC010267.1	5.515210603099751	1.8002632837060884e-33	AC010267.1
STING1	1.0425711111949298	1.826512867364864e-33	STING1
AL360181.2	1.7364841975646577	1.8720438551511497e-33	AL360181.2
AC015660.5	3.9219895192673913	1.9272457673285386e-33	AC015660.5
PLPPR1	-4.201984019983098	2.006926630578531e-33	PLPPR1
IMPG2	-1.3900789905857582	2.0452362655996384e-33	IMPG2
FBXO41	1.9771119918881088	2.0604056985190717e-33	FBXO41
AC022784.5	2.8055791289526164	2.107301888860981e-33	AC022784.5
UBXN11	1.3256887452256914	2.120044081617039e-33	UBXN11
KMT5C	1.2756965287297377	2.123323991264099e-33	KMT5C
ADAMTS4	1.99928077569138	2.1358731666032857e-33	ADAMTS4
KIF19	1.7991912767281804	2.138512572964119e-33	KIF19
RGS18	1.5764908719373698	2.150997661670713e-33	RGS18
AL049634.1	3.1082622551430337	2.1588538553911356e-33	AL049634.1
SLC39A14	1.697283429244871	2.207068284045045e-33	SLC39A14
AL021978.1	2.578868695927316	2.2534760934087282e-33	AL021978.1
ACTG1P17	1.8261105003338156	2.2629587339748843e-33	ACTG1P17
WDR54	1.1541368909364098	2.525685550406217e-33	WDR54
PAQR9-AS1	4.11138683395386	2.596809786202306e-33	PAQR9-AS1
SOD3	-1.53876178841775	2.6249867814709808e-33	SOD3
AFMID	-1.084112956022713	2.638004937271761e-33	AFMID
AL121935.2	2.4253814371167484	2.6891251605085637e-33	AL121935.2
LINC01126	1.8376232739914096	2.692413123555142e-33	LINC01126
ASIC3	2.020060559653273	2.708774996233371e-33	ASIC3
WNT10B	2.6407550892840743	2.727558196549348e-33	WNT10B
KIF13B	-1.4050126895722037	3.0121590983126797e-33	KIF13B
MATN1-AS1	1.4713747627078733	3.0403235950154338e-33	MATN1-AS1
FIRRE	2.617352793420741	3.1303374075491085e-33	FIRRE
VEPH1	-1.4482177950764163	3.200100131347864e-33	VEPH1
ARL6IP4	2.453913251074112	3.222890831268666e-33	ARL6IP4
AC114803.1	5.060296409343463	3.251715581078723e-33	AC114803.1
AL121987.2	1.6943483676246485	3.263590024181133e-33	AL121987.2
GRIA4	3.638363531401964	3.287109219280213e-33	GRIA4
TSPOAP1-AS1	1.4393263465303097	3.4258904868866875e-33	TSPOAP1-AS1
AC025774.1	2.620450364715652	3.4493026439907626e-33	AC025774.1
ZC3H12D	1.5415787412261592	3.5049162218428004e-33	ZC3H12D
AC074132.1	4.8053666739659056	3.5751573145329744e-33	AC074132.1
ANG	1.5052252150213028	3.707206521537908e-33	ANG
RUNX2	1.4593731699436452	3.7446121525862156e-33	RUNX2
FN1	1.809330434732308	3.795988877927916e-33	FN1
MST1L	-2.8254709479727933	3.7965697915476416e-33	MST1L
GRIK5	-3.02988706368762	3.797894759061573e-33	GRIK5
AC010319.3	1.8047214080122072	3.910675554520456e-33	AC010319.3
CRYBB1	1.5797473612158923	3.962356577719084e-33	CRYBB1
AL031714.1	2.0843944880034297	4.0911690630864536e-33	AL031714.1
AC011466.1	1.695037152776692	4.096641086249341e-33	AC011466.1
LAX1	2.032889036658588	4.2676930887594804e-33	LAX1
FAM225A	2.03521629242435	4.26830983869977e-33	FAM225A
AP005717.1	-1.9447766965917217	4.347350653389736e-33	AP005717.1
IQCH	-1.180209996065464	4.3897738808734164e-33	IQCH
AC093690.1	2.048169856185277	4.4403503559008666e-33	AC093690.1
CR2	-3.854013894749967	4.4497116189838304e-33	CR2
ARL10	1.3123002869560914	4.5922528441186365e-33	ARL10
PCDHGC4	1.9121911468681496	4.6597125817193166e-33	PCDHGC4
SNAP25	1.9984780462396945	4.7698127335849184e-33	SNAP25
EPHX2	-1.390916744525773	4.770664828264486e-33	EPHX2
FRY	-1.1869841770955407	4.8194687513701565e-33	FRY
AL359399.1	3.327155679713352	4.832659441556282e-33	AL359399.1
RPL38	1.022401406371585	4.8640220686328906e-33	RPL38
NRP1	1.0715733699246064	4.926764598275265e-33	NRP1
IGSF11	-2.9031817161083504	5.02166461035147e-33	IGSF11
AC110285.6	1.4794114220168684	5.23516906281588e-33	AC110285.6
CAPS	-2.124052947055614	5.418649882372203e-33	CAPS
TTLL3	1.830002928931702	5.502148791315253e-33	TTLL3
ANKRD13B	1.4656216679475236	5.509494417965488e-33	ANKRD13B
LINC02285	1.9780341494377087	5.610618196748874e-33	LINC02285
FGF14-AS2	-1.226828166178006	5.836543729554717e-33	FGF14-AS2
CSAG1	3.568867435866934	6.028035409816634e-33	CSAG1
MRPL20-DT	1.345937951111999	6.307196453474619e-33	MRPL20-DT
AC243732.1	1.934157456103501	6.311117683055009e-33	AC243732.1
CLK2	1.0469114107309818	6.383267831658295e-33	CLK2
AC011462.4	2.083833617163686	6.465337971605768e-33	AC011462.4
AC069234.4	2.0108007068771725	6.516007509417156e-33	AC069234.4
RPL7L1P9	3.368255101620206	6.541679991529343e-33	RPL7L1P9
OCLN	-2.0944390009503797	6.741594984439923e-33	OCLN
LINC00514	2.017122012125916	7.024780353232533e-33	LINC00514
RDM1	2.015702042533284	7.374472635122273e-33	RDM1
SCNN1G	-4.70091764389741	7.375015231038736e-33	SCNN1G
WEE2	-1.7697233113625468	7.375015231038736e-33	WEE2
KIF6	-1.5591725318480254	7.497397743832103e-33	KIF6
CIART	1.3411014977305276	7.557823591318359e-33	CIART
AC019197.1	-2.833175210908223	7.603088532069662e-33	AC019197.1
FAM107A	-1.5355020170789966	7.645374509326332e-33	FAM107A
LINC01736	2.740333919247923	7.768170387863802e-33	LINC01736
ECSCR	1.4618441111034075	7.808637375681833e-33	ECSCR
EHD3	-1.2847835720360512	7.894258422087878e-33	EHD3
QTRT1	1.181485820898632	8.164241364703938e-33	QTRT1
ATP8B1	-1.2083045588143912	8.178476954335766e-33	ATP8B1
ARHGAP42-AS1	1.870810176711668	8.216152198216292e-33	ARHGAP42-AS1
AC084740.1	2.606248650260644	8.271744568486851e-33	AC084740.1
AC005414.1	3.614503659821414	8.357614675897373e-33	AC005414.1
FSTL1	1.3741928748224352	8.4164126532328e-33	FSTL1
AC130888.1	-2.616764213252165	8.604554442768547e-33	AC130888.1
TNKS2-AS1	-1.5372973446974956	8.9818657556973e-33	TNKS2-AS1
C3orf86	-1.7202497680923594	9.240232887166872e-33	C3orf86
CCR10	1.573198225792492	9.240856283011884e-33	CCR10
DDX25	-2.442808917639671	9.328018470364228e-33	DDX25
RPS14	1.0814688446162557	9.357432098289063e-33	RPS14
LENG8	1.5734099161304305	9.528099022105636e-33	LENG8
AC108673.2	1.2267618974754677	9.820258228321059e-33	AC108673.2
SNORD14A	2.178095673649823	9.884303960752488e-33	SNORD14A
OVOL1	-2.2763084112412195	9.942993041512004e-33	OVOL1
GCH1	-1.1344650504656466	1.0515219639815227e-32	GCH1
CASP1P2	3.3158453366118565	1.0526376506255426e-32	CASP1P2
MARCHF1	1.572749066124871	1.053122386395382e-32	MARCHF1
AC017104.1	1.3626214699573451	1.0612953042057112e-32	AC017104.1
SSTR5	-3.765929328610492	1.1004671198711576e-32	SSTR5
PABPN1P1	2.63432360324668	1.1278522428750195e-32	PABPN1P1
PECAM1	1.2229474911134122	1.1309553777028816e-32	PECAM1
AL162586.2	2.383112927480696	1.1451246156426539e-32	AL162586.2
PIK3CD-AS1	2.5991264228892788	1.157221245733563e-32	PIK3CD-AS1
MICB-DT	1.5983045122214803	1.163658046114508e-32	MICB-DT
CYBB	1.7843851240424993	1.2087240986858002e-32	CYBB
PHYHIP	-1.828942239752552	1.2332867695143035e-32	PHYHIP
RPS17	1.4508691541057437	1.2416760654906837e-32	RPS17
AC103858.3	2.181322028566845	1.278582977365852e-32	AC103858.3
LINC02198	-2.0567843675540587	1.3058023573097596e-32	LINC02198
SMC1B	2.275809805609492	1.3197657347923622e-32	SMC1B
TRBV5-1	2.389033806312201	1.3233065937335472e-32	TRBV5-1
LINC02487	1.6944246185777714	1.3293087650724162e-32	LINC02487
CPA1	-2.8964788180559915	1.3471102576349268e-32	CPA1
AC233300.1	2.1752119206000917	1.3892456826999255e-32	AC233300.1
AC006148.2	4.335663127376396	1.3947164105193543e-32	AC006148.2
BMERB1	-1.053200542521892	1.399051239565748e-32	BMERB1
TRGV4	2.233973356396292	1.4521028611400438e-32	TRGV4
LINC00894	2.1178887869688245	1.488338510861125e-32	LINC00894
AC027373.1	2.2439206815829467	1.529384258830549e-32	AC027373.1
DSCC1	1.0024742825901414	1.5329888841614559e-32	DSCC1
AC009902.3	2.0678712000554555	1.600190191238748e-32	AC009902.3
AL031717.1	2.1985195236126347	1.604701607415697e-32	AL031717.1
MAMDC2	-1.9759523502156495	1.678079322383509e-32	MAMDC2
AC084876.1	2.7074323446640496	1.7645355641931915e-32	AC084876.1
MATN1	1.7165511795992991	1.829119014007994e-32	MATN1
ANKAR	1.0223268536321737	1.9560782283836355e-32	ANKAR
FRG2C	-4.0726373441378	1.9581378280152528e-32	FRG2C
PPP1R36	-2.390500437345189	1.965917719527439e-32	PPP1R36
LRRC17	1.6291767376952258	1.9850771341647907e-32	LRRC17
AC010245.2	1.155735300880239	2.0717784016093856e-32	AC010245.2
NPIPB13	2.7508066177068904	2.117354889361449e-32	NPIPB13
MYO15B	1.618508938463797	2.1487220704613968e-32	MYO15B
PPIL6	-1.043604017178585	2.1546464140357183e-32	PPIL6
GLIS1	1.869638548566908	2.1564735901971502e-32	GLIS1
RPL36	1.2627052313222815	2.157704539111388e-32	RPL36
SLC2A1-AS1	1.6059396290056385	2.1640509451416178e-32	SLC2A1-AS1
ETNK2	-1.7586187112507656	2.168705663718459e-32	ETNK2
ACTG1P3	1.5182416366734894	2.2039070916531767e-32	ACTG1P3
NREP	1.0531257816588893	2.2334451086443263e-32	NREP
AC005837.1	-1.339830896724229	2.2776614809968646e-32	AC005837.1
TRBV6-2	2.951349649623378	2.3387753393714323e-32	TRBV6-2
AC011290.2	1.807422300516675	2.3490244905957407e-32	AC011290.2
PRR4	1.8924816640356912	2.3549042709019954e-32	PRR4
RPS10	1.7711774801083628	2.419117808006857e-32	RPS10
RPP21	1.9387093278163368	2.424606075352633e-32	RPP21
AC069234.5	1.4279831196213988	2.4807321231379225e-32	AC069234.5
ETS1	1.1374815548165014	2.499386977065499e-32	ETS1
AL359397.1	-1.750528289020197	2.565249826205345e-32	AL359397.1
ZMYND12	-1.3403754148220397	2.566955773021516e-32	ZMYND12
ARNT2	-1.7691332099409391	2.670988952456205e-32	ARNT2
AC093162.1	1.555378649058278	2.6750767284038077e-32	AC093162.1
AC104237.3	-4.571307789537002	2.7959611081825307e-32	AC104237.3
ACSM3	-1.4426101268351548	2.82463855956314e-32	ACSM3
AC091563.1	-1.1372697217876215	2.8852411369078696e-32	AC091563.1
ANKHD1-EIF4EBP3	1.4293427169980737	2.924576785429456e-32	ANKHD1-EIF4EBP3
ZNF132	-1.012886657781774	2.940291438169907e-32	ZNF132
ZKSCAN2-DT	1.7921449123694833	2.942870389262537e-32	ZKSCAN2-DT
PFKFB1	-1.3577248033461289	2.9694698235707466e-32	PFKFB1
GK4P	-1.7584583332976136	3.0554509687970956e-32	GK4P
MRGPRF	-2.249681153272692	3.0729481571566665e-32	MRGPRF
RAB29	-1.159634817424125	3.112696531530428e-32	RAB29
HS3ST3B1	-1.297306439552055	3.1550882205890265e-32	HS3ST3B1
SEMG1	-5.086728511755404	3.1572149196905777e-32	SEMG1
MIR647	2.1903370613639344	3.199181156556178e-32	MIR647
AC026469.1	-1.9188752555217767	3.2541310813921543e-32	AC026469.1
AC002091.2	1.7304847674925428	3.2609008611415384e-32	AC002091.2
AC012645.4	2.668326585697924	3.3962897623686103e-32	AC012645.4
ANK2	-2.13831331843825	3.4046736606879766e-32	ANK2
AC024132.2	-4.173643953207504	3.445776227347518e-32	AC024132.2
PAX6	3.667086120347444	3.4753584466781847e-32	PAX6
GATA2	-1.528820342241623	3.4988631241710485e-32	GATA2
AC012676.5	1.7407535354832564	3.52576366313464e-32	AC012676.5
KDM4A-AS1	1.6634526055546883	3.59690234581366e-32	KDM4A-AS1
NDST2	1.9561812278403103	3.6050720675910397e-32	NDST2
FER1L6	-3.3459545567272184	3.640786976034445e-32	FER1L6
TMPRSS5	1.836235651432616	3.668114485002842e-32	TMPRSS5
AC016769.3	4.196478089712016	3.677664261490877e-32	AC016769.3
AC105105.4	4.474840270202323	3.6957739289439157e-32	AC105105.4
VN1R51P	-2.835525199005143	3.819066242519511e-32	VN1R51P
ZNF33BP1	2.50866049069594	3.8392012002527247e-32	ZNF33BP1
CRNDE	1.5220673731188186	3.879849362154177e-32	CRNDE
AC021744.1	3.137395937099127	3.9841722196014757e-32	AC021744.1
ZNF80	2.6601002585902425	3.9987997680305317e-32	ZNF80
DNA2	1.4633277106779454	4.045376885817611e-32	DNA2
AC245140.2	1.1803400869845535	4.0481148411938857e-32	AC245140.2
RPL22P19	3.535793497331837	4.163633012962024e-32	RPL22P19
MAP3K9	-1.6758004955967034	4.195461921578092e-32	MAP3K9
RNY3P16	2.815286041261862	4.3087308185761686e-32	RNY3P16
AC234775.3	2.084677657360478	4.362013670950354e-32	AC234775.3
CDKN1C	-1.5261620015252746	4.441290902791726e-32	CDKN1C
AC068279.2	2.416079334506441	4.5888554148969246e-32	AC068279.2
MASP1	1.9787132486049133	4.597979911302109e-32	MASP1
AC011468.1	1.390152135388795	4.7260261243393386e-32	AC011468.1
AC009053.3	1.7641737984936454	4.751990164944503e-32	AC009053.3
UBAC2-AS1	-1.1578879851924515	4.784805279710632e-32	UBAC2-AS1
EDN1	1.7482950212915722	5.080544156087037e-32	EDN1
CEP83-DT	-1.1423461906144137	5.108975477058848e-32	CEP83-DT
CORO2B	-2.0055801378348086	5.18165185706899e-32	CORO2B
AL731571.1	1.5247609293419109	5.275880109103767e-32	AL731571.1
VNN3	2.590047431484113	5.622409157592268e-32	VNN3
AL121929.3	1.822806002497263	5.906003665957987e-32	AL121929.3
AC110774.1	-2.394231815177424	6.004974411710208e-32	AC110774.1
AL162741.1	2.2843028148693434	6.023944824653736e-32	AL162741.1
AGAP11	2.638986916578835	6.046962522572271e-32	AGAP11
AC093788.1	2.052852001053477	6.055340231068972e-32	AC093788.1
PEAK3	1.4080023753444884	6.313074694584249e-32	PEAK3
G6PC	-3.5409282526537997	6.672552890437727e-32	G6PC
AC007566.1	1.5918781208998165	6.683086034545475e-32	AC007566.1
BX571818.1	1.941802344005725	6.798443261247195e-32	BX571818.1
OR2AT4	5.213502530501989	6.809502504449828e-32	OR2AT4
ZNF296	1.5765787054695364	6.853047842558406e-32	ZNF296
PIK3C2G	-4.7132503083771145	7.029176390683388e-32	PIK3C2G
SLC30A2	-3.394572063183387	7.43120791618385e-32	SLC30A2
PA2G4P4	1.888809173461959	7.447945339337522e-32	PA2G4P4
FLT3LG	2.2055533705430883	7.54466966295211e-32	FLT3LG
IGSF3	-1.1680484303636154	7.57382399622232e-32	IGSF3
AC125494.1	1.9184222997815847	7.61266752721133e-32	AC125494.1
MAMDC4	1.77328944834865	7.790469552036175e-32	MAMDC4
MUC5B	3.0614389883523176	8.019258597898646e-32	MUC5B
NAP1L2	-2.2619955006517443	8.284696750698433e-32	NAP1L2
AC007786.1	-1.215433012233751	8.300591669957467e-32	AC007786.1
CLCN5	-1.4323043470176156	8.301475045780079e-32	CLCN5
AC103563.7	-3.017686315022601	8.659599381772889e-32	AC103563.7
AC073850.1	3.2831232266107047	8.80147543302984e-32	AC073850.1
IL15	1.011552321679793	9.23086077124506e-32	IL15
LINC02814	-2.860945128045722	9.274234149800072e-32	LINC02814
AP001107.1	1.8880225681915657	9.428187051832687e-32	AP001107.1
BX842570.1	1.3680145601649727	9.834119883103415e-32	BX842570.1
NDRG2	-1.3274478738408957	9.99126113085429e-32	NDRG2
SH3D21	1.4453556634906497	1.0095767018228683e-31	SH3D21
TMSB10P1	2.2285796485077083	1.0161975309855504e-31	TMSB10P1
AL589787.2	6.720735140473067	1.0218526452089583e-31	AL589787.2
TRAV12-2	2.566268866997784	1.0354922164030426e-31	TRAV12-2
DDX43P3	4.7518173273328905	1.0878744638929592e-31	DDX43P3
AL158151.4	3.0879888284656394	1.1047606741542154e-31	AL158151.4
VWA1	1.307963607260527	1.112881725477478e-31	VWA1
AC004918.1	1.5045575028327602	1.112935183046665e-31	AC004918.1
AL390728.6	1.3691043485311385	1.1247948855846036e-31	AL390728.6
C4orf50	2.327210299879789	1.1306590473726466e-31	C4orf50
PLAAT2	-2.064940898978472	1.13870568512296e-31	PLAAT2
LINC01772	1.3858774519012729	1.140653013845733e-31	LINC01772
ZEB2-AS1	1.8137012458072648	1.166979908572345e-31	ZEB2-AS1
DOC2GP	2.1536011255802423	1.1771407134758367e-31	DOC2GP
AC109460.2	1.7484044711774214	1.219245873005756e-31	AC109460.2
NCAPD2P1	-3.3279525641433367	1.2200809700317306e-31	NCAPD2P1
SNX10	1.3249865029171657	1.241899804043359e-31	SNX10
CCDC18	1.2867517860820068	1.251356375919216e-31	CCDC18
RPS15A	1.0344114464208762	1.2730560700355016e-31	RPS15A
AC124944.3	2.0721211126624675	1.285749658310943e-31	AC124944.3
AC073487.1	2.106276087188201	1.3092202615735898e-31	AC073487.1
SAMD13	-1.4443365251657745	1.328666983679992e-31	SAMD13
LBHD1	1.209786699853837	1.3548096127656468e-31	LBHD1
DUSP26	-2.6765487030878985	1.3752557580386356e-31	DUSP26
USP32P3	1.882253520158967	1.382247949061409e-31	USP32P3
GJA4	1.4405450195570235	1.4032606334588416e-31	GJA4
TRBJ1-4	3.688014092118638	1.4245087866899966e-31	TRBJ1-4
RN7SKP275	2.386264343709861	1.4592686529764022e-31	RN7SKP275
SNHG17	1.147552753314646	1.4621709374487138e-31	SNHG17
FBXO2	-2.494428312771282	1.46963667791208e-31	FBXO2
AC067852.3	1.8073177436887091	1.5244231419270822e-31	AC067852.3
CCDC74A	1.5146473304389845	1.5455008624700987e-31	CCDC74A
C9orf153	1.754972723511233	1.6339526522875647e-31	C9orf153
AC002070.1	1.2781676905875543	1.6358861522213603e-31	AC002070.1
AC079336.5	2.12260315521731	1.6982913137437763e-31	AC079336.5
AC004854.2	1.2861816162982025	1.7013299842488742e-31	AC004854.2
OSMR-AS1	1.3509220485874731	1.7121486952606551e-31	OSMR-AS1
AC104076.1	-1.6958691733285338	1.7235186002959166e-31	AC104076.1
CHRND	3.4347924906846607	1.7593892506751435e-31	CHRND
ACSBG2	-1.752582741456482	1.7671028185258766e-31	ACSBG2
PRKCA	-1.2282073180813855	1.7995197055854374e-31	PRKCA
PHYHD1	-2.255379982707358	1.802415850672925e-31	PHYHD1
AC007991.2	4.651647296564567	1.8057513061468694e-31	AC007991.2
AC104564.3	2.063047955683311	1.8760323822657116e-31	AC104564.3
MUC6	-2.684274971060041	1.922505264777686e-31	MUC6
CDCA8	1.4781321787276085	1.925359713946532e-31	CDCA8
C19orf84	2.0113626922911143	1.9360301907266403e-31	C19orf84
NOL12	1.6231764213637303	1.9592781934011772e-31	NOL12
TRAV27	3.291250900381167	2.0184856264728576e-31	TRAV27
U52111.1	2.2942799518784773	2.0563311138120286e-31	U52111.1
C5AR1	1.374132333741647	2.086861014828438e-31	C5AR1
PLA2G4A	-1.590636334355228	2.165718586199798e-31	PLA2G4A
AL670729.3	2.100653502969119	2.248219617245876e-31	AL670729.3
LIPA	1.1636324016904858	2.363102812309401e-31	LIPA
CDC37L1-DT	-1.0907151814281515	2.3906841907991646e-31	CDC37L1-DT
AC106772.2	-5.103157257046036	2.4005110385228967e-31	AC106772.2
AL158214.2	2.1084532774060567	2.437308304967109e-31	AL158214.2
CRP	4.398538973035582	2.4425212785856005e-31	CRP
AP003721.4	-1.0616108847394603	2.4847896917239795e-31	AP003721.4
CNKSR1	-2.5954151267885077	2.5279536262165685e-31	CNKSR1
SAMD12	-1.78549784188945	2.542464413040285e-31	SAMD12
AP001267.3	-1.1880483046119212	2.5483815791826372e-31	AP001267.3
FAM72A	1.6060423336662586	2.5693003391506072e-31	FAM72A
BCL11B	1.5832703224321525	2.573834977447963e-31	BCL11B
TRAV13-1	2.3845215271814846	2.584874953892751e-31	TRAV13-1
NR2E1	3.9093167335877066	2.587658300062454e-31	NR2E1
RNY4P10	2.084245742753264	2.6262176414480393e-31	RNY4P10
AC010422.8	1.7991064330569466	2.7357748086787046e-31	AC010422.8
AL031708.1	2.3615825341278347	2.782689365958572e-31	AL031708.1
AC010247.2	1.6177297580774537	2.893501319793305e-31	AC010247.2
AC006435.2	2.1701021086430035	2.9029928437168943e-31	AC006435.2
SLCO2B1	1.540862006438059	2.915760187640206e-31	SLCO2B1
ALG13-AS1	2.126102113119764	2.920370713235963e-31	ALG13-AS1
PPL	-1.5322215899826943	2.990227426183159e-31	PPL
TLR5	-1.1878018149701188	2.992562056210196e-31	TLR5
CLEC1A	1.2506886791532372	2.994656668437225e-31	CLEC1A
ZAN	4.927463008296252	3.001231413044263e-31	ZAN
LINC00565	2.1797817136980444	3.031985775052794e-31	LINC00565
MAD1L1	1.5115194344810263	3.043485244367681e-31	MAD1L1
CDH6	1.785009513622975	3.169168048253487e-31	CDH6
AC021188.1	1.8606418896433947	3.1898928800838003e-31	AC021188.1
FUT2	-1.871391064802823	3.2027100030958915e-31	FUT2
KCNV2	2.389824465197895	3.2041834690793973e-31	KCNV2
CCDC14	1.13805715605445	3.2497589119649523e-31	CCDC14
ALK	2.291859680751027	3.253692748920567e-31	ALK
LINC01705	5.172229047414935	3.3938801208095275e-31	LINC01705
BDNF	2.1285871972799213	3.444079911376037e-31	BDNF
ACCS	1.2705007950455207	3.4505372475076188e-31	ACCS
WNT7B	-3.825940701220123	3.46102003063196e-31	WNT7B
AC147055.1	-3.8376638419663	3.4625107963891513e-31	AC147055.1
CCN5	3.3484148768534485	3.4826418323773428e-31	CCN5
SMIM10	1.0558233417919405	3.5604269114557794e-31	SMIM10
GOLGA8M	2.1496547433103874	3.577778546839864e-31	GOLGA8M
LRRC39	1.6708368081323053	3.6580941893192525e-31	LRRC39
TRBV2	2.413465624094591	3.7699861907422455e-31	TRBV2
AC025178.1	1.971276830898221	3.8768327169366144e-31	AC025178.1
AC079793.1	2.6294369335429173	3.8907839852145103e-31	AC079793.1
AC109460.1	1.971969095958599	3.916029067254185e-31	AC109460.1
GBGT1	1.1055538237710472	3.923258718692236e-31	GBGT1
NEXMIF	-3.003884888068568	3.987477651995958e-31	NEXMIF
TNXA	2.6609799437895933	4.031202066829387e-31	TNXA
FBXO43	1.751713890561721	4.04170176834595e-31	FBXO43
ARMC12	2.0470988470872338	4.051660431443775e-31	ARMC12
AL159156.1	-2.720167725906252	4.062252297640698e-31	AL159156.1
DDX11	1.2780662648150942	4.214344297780549e-31	DDX11
AC009120.2	1.6706680320693854	4.2186504007369755e-31	AC009120.2
CDK5R1	1.0752869619812495	4.2353150517358044e-31	CDK5R1
MGARP	2.959814954061464	4.2827999508157954e-31	MGARP
U62317.3	3.9341509392890863	4.509852151773835e-31	U62317.3
AC099661.1	-1.3578060223828703	4.523224337402837e-31	AC099661.1
IL2RA	2.231469463045169	4.576695675164136e-31	IL2RA
SHROOM3	-1.8533481124437876	4.673205865829338e-31	SHROOM3
FSTL4	-2.545823027496639	4.683350417559421e-31	FSTL4
DENND1B	-1.0885460771148108	4.690722460269223e-31	DENND1B
ISG15	1.551003154022048	4.794490045377155e-31	ISG15
PDE6C	1.7332812889556768	4.832591271407175e-31	PDE6C
SSPN	1.196102841592926	4.865951115548131e-31	SSPN
HLA-DMB	1.1828712998401176	4.894260574564839e-31	HLA-DMB
PLA1A	1.6283029133197824	5.050873472656683e-31	PLA1A
TRAV12-1	2.682063411686042	5.105026573181856e-31	TRAV12-1
AC068733.3	1.7774252121526004	5.257140722663725e-31	AC068733.3
CENPE	1.6092876139883694	5.299415517304194e-31	CENPE
MSTO2P	1.4818627353657707	5.436937257159025e-31	MSTO2P
AC103719.1	2.8839634135631727	5.534422145481816e-31	AC103719.1
STARD5	1.0070331882909251	5.697826368204409e-31	STARD5
TTC3P1	-1.3322905748955465	5.878346319163938e-31	TTC3P1
CCDC188	1.741150106581173	5.897047438423861e-31	CCDC188
AC139769.3	-2.2445788510296008	5.980545100714866e-31	AC139769.3
ST3GAL3	1.7659711664189104	6.015746859433288e-31	ST3GAL3
HIGD1B	1.670126261853235	6.1357057378882815e-31	HIGD1B
SPATA16	-3.5533717086404435	6.5842962007591145e-31	SPATA16
FSTL3	1.7569414128911278	6.629638245985373e-31	FSTL3
AL023583.1	-1.3200122009955322	6.6992340620185985e-31	AL023583.1
KRT32	3.792233735693328	6.7108607046897245e-31	KRT32
PLAC8	1.864962242727012	6.794667258531976e-31	PLAC8
C3orf85	-3.4391556445718683	6.990311990344499e-31	C3orf85
AMH	2.739081558451265	7.112567897080717e-31	AMH
AC011815.3	1.7152409794572012	7.115415417459922e-31	AC011815.3
LINC01271	3.710012252919196	7.142361862079531e-31	LINC01271
SYNE1	-1.0207034379166169	7.167092089579531e-31	SYNE1
NGFR	1.8451618942522243	7.198010155607157e-31	NGFR
AC104964.3	2.01073913847453	7.219821346667793e-31	AC104964.3
AP006545.1	2.1541081321817463	7.365965942455899e-31	AP006545.1
TNFRSF14-AS1	1.612934249427192	7.449546158402626e-31	TNFRSF14-AS1
PPP4R1L	1.06276697136937	7.460954897561513e-31	PPP4R1L
AC006148.1	3.584160557516844	7.536290592846903e-31	AC006148.1
TOB2P1	1.387861329259103	8.023546388130599e-31	TOB2P1
AC110611.1	1.1775867136041651	8.211363896494578e-31	AC110611.1
NFASC	-1.7136908116615908	8.308240463664965e-31	NFASC
ADAMTS19-AS1	-4.146712197502495	8.366544463766155e-31	ADAMTS19-AS1
C2-AS1	4.4261908358235535	8.437423214195122e-31	C2-AS1
EFCAB3	3.6449992029322416	9.018315386043184e-31	EFCAB3
HOXB-AS3	-2.449750387007336	9.020745489183589e-31	HOXB-AS3
DLGAP2	-2.51694235613934	9.162277117442997e-31	DLGAP2
AC018742.1	3.417994071291316	9.218238088720596e-31	AC018742.1
ALAS1	-1.0207530557292654	9.340912628730666e-31	ALAS1
AC141557.2	3.411221470418475	9.344794717660896e-31	AC141557.2
LY6E	1.6869685599146558	9.719943760256172e-31	LY6E
C5	-1.266669796034853	9.828294056517683e-31	C5
UGT8	-1.7416374461540762	9.870332204843088e-31	UGT8
ARC	-2.101136951293075	1.0004027830256625e-30	ARC
SRP14P4	-1.502317552755588	1.0222304489371445e-30	SRP14P4
CAPSL	-2.848809770044529	1.0679301388036803e-30	CAPSL
MAB21L4	-3.823160655304221	1.0726430226371244e-30	MAB21L4
AC010247.1	1.8144618411543656	1.0990202614784537e-30	AC010247.1
RAD54B	1.73833701101891	1.1039048687114331e-30	RAD54B
AL136171.2	2.309957449248146	1.1150207551562804e-30	AL136171.2
TPTEP1	-2.4950143725984995	1.1161845446856125e-30	TPTEP1
TRAV29DV5	2.368137398373077	1.1170513334035602e-30	TRAV29DV5
CLMAT3	1.7368168049616657	1.1266249307384408e-30	CLMAT3
AL365272.1	1.4999435016454812	1.1268655347857123e-30	AL365272.1
AP006621.6	1.5751153639904312	1.1485134117260782e-30	AP006621.6
IL17REL	2.706814606051579	1.1573262115155564e-30	IL17REL
GAREM2	1.246905895045059	1.1579512805458848e-30	GAREM2
PRSS8	-1.814570838832116	1.1589849560790489e-30	PRSS8
LINC02417	-3.6091850137743977	1.1593303485500788e-30	LINC02417
FAM72C	2.395455543964033	1.1624835564531209e-30	FAM72C
RGN	-1.4405150592471092	1.1639577574172402e-30	RGN
MUC12-AS1	2.92014861756582	1.175837580724978e-30	MUC12-AS1
CCDC73	1.8247852459031189	1.1816785369799691e-30	CCDC73
UBE2Q1-AS1	2.243121671668154	1.1954108952071816e-30	UBE2Q1-AS1
AC018638.1	1.4803177518815085	1.2474790648173438e-30	AC018638.1
CA2	-1.49246345460516	1.2604653523583214e-30	CA2
ADORA2A	1.6023539021958282	1.2664487766560611e-30	ADORA2A
YJEFN3	2.153703604308725	1.2667205485254516e-30	YJEFN3
PCYT2	-1.2974196510124918	1.2698174272193492e-30	PCYT2
RNF157-AS1	-2.1426789476894834	1.3025485777067842e-30	RNF157-AS1
STEAP1B	1.973717531088691	1.3072998974218451e-30	STEAP1B
AC004076.2	1.4168153519804776	1.3098314128326468e-30	AC004076.2
TRAV41	2.6216405824408526	1.312818707124384e-30	TRAV41
LAD1	-2.651756560524673	1.3221982342534388e-30	LAD1
NSUN5P1	1.7793820421240167	1.3493742558918255e-30	NSUN5P1
NMUR2	-3.425492592500528	1.37491075559913e-30	NMUR2
ZC3HAV1L	1.1736082934604253	1.4001601525316431e-30	ZC3HAV1L
AL033543.1	2.8892619104793336	1.4182199190711808e-30	AL033543.1
DPP6	-3.380290751108924	1.4578957905236417e-30	DPP6
ANKRD36	1.6699101615451923	1.4879133125160289e-30	ANKRD36
CABYR	1.4578721273668382	1.5008341153256122e-30	CABYR
LAYN	1.2474896001735043	1.5115516626899868e-30	LAYN
NARF-IT1	2.1035318734736075	1.5377459663111656e-30	NARF-IT1
BX890604.1	1.3850719689950677	1.5425844857989e-30	BX890604.1
AC239801.1	-3.617132852079928	1.5431033946646688e-30	AC239801.1
AC005532.2	3.0053083400777143	1.5731564686751011e-30	AC005532.2
ASGR1	1.614781406343771	1.583510313298938e-30	ASGR1
AGBL2	1.486796297539271	1.595693026922414e-30	AGBL2
AC007292.2	1.3692820221437547	1.6308054024498765e-30	AC007292.2
AC091849.2	2.129447814877658	1.6324524272299976e-30	AC091849.2
CDS1	-1.416778530010259	1.6325800472743248e-30	CDS1
AC009237.8	-1.7008537967007145	1.6669352173496635e-30	AC009237.8
GSDMB	1.8960411488629412	1.6860801219614416e-30	GSDMB
AP005136.4	1.9862384374022397	1.6952462399624887e-30	AP005136.4
SYTL4	-1.4216739582918725	1.706806692887651e-30	SYTL4
AC090164.2	4.02097477475588	1.7290560701812018e-30	AC090164.2
PLS3	-1.0143378724002483	1.7626706435805704e-30	PLS3
GAPDHP63	1.5358800846346674	1.7868718338251842e-30	GAPDHP63
AC090578.3	2.792035540325822	1.7877734440394682e-30	AC090578.3
AC073130.2	2.009914503544659	1.7929453058416913e-30	AC073130.2
BX539320.1	1.843849486661553	1.8513879877930084e-30	BX539320.1
PTPN7	1.7539856933987985	1.8519583596094203e-30	PTPN7
ADCY10	1.8858411587833317	1.908318271867125e-30	ADCY10
PILRB	2.3918199814836894	1.9144732301460794e-30	PILRB
LINC00160	4.371454389112417	1.940563031107161e-30	LINC00160
APOL1	2.0581488637141305	1.9427632676481337e-30	APOL1
LGR6	-1.583907437299019	1.975090178974688e-30	LGR6
AC009090.5	2.7066816617316203	1.975434023190304e-30	AC009090.5
CBLN2	-3.0928680328914804	2.048463875311872e-30	CBLN2
AC073130.1	2.939866992415293	2.056583056992224e-30	AC073130.1
AC132153.1	2.452814768513796	2.129454621021421e-30	AC132153.1
PBX1	-1.422039535071457	2.13881967521446e-30	PBX1
RPL28	1.1167941395901333	2.2402168450473583e-30	RPL28
LMX1B	-4.085107837541352	2.2787325630172816e-30	LMX1B
AL135926.1	-1.9096992622655875	2.2867301885393893e-30	AL135926.1
PTPN3	-1.2790632555948909	2.2891248556867193e-30	PTPN3
ANK1	2.2156166486323534	2.290184259279021e-30	ANK1
CEP164P1	2.570798226646851	2.3039077751124936e-30	CEP164P1
AC137770.1	3.721441641031652	2.3185179876148343e-30	AC137770.1
BX255925.1	1.5948251148566286	2.3393308066808048e-30	BX255925.1
LINC02481	1.4375634449437036	2.386594768933897e-30	LINC02481
IL21-AS1	4.068150176503269	2.4812151842382174e-30	IL21-AS1
HNRNPA1P27	2.3715613183395496	2.4850060205442378e-30	HNRNPA1P27
MAPK4	-4.072979213224937	2.5460165996773883e-30	MAPK4
APOL6	1.041148781471815	2.5735319900326885e-30	APOL6
AP002985.1	1.9692008555329608	2.5978893288211783e-30	AP002985.1
AC025171.3	1.6335053498577532	2.66625991694098e-30	AC025171.3
AL645939.4	3.1799376938467985	2.7150948205980665e-30	AL645939.4
AC007336.2	4.595535425687005	2.7565660632979398e-30	AC007336.2
MET	1.1670632797021865	2.757429082316129e-30	MET
AC007842.1	1.403954644351782	2.7763065402592005e-30	AC007842.1
AC073655.2	1.7844097552416796	2.8071567776576548e-30	AC073655.2
AC109460.3	2.2137977780786624	2.8443612814165805e-30	AC109460.3
LINC01706	4.4959785266760175	2.8796562186051654e-30	LINC01706
LINC02604	1.601247481325936	2.8902973951124585e-30	LINC02604
AL135785.1	-3.304898876934747	2.9031388662660597e-30	AL135785.1
ANKRD2	-3.2004823780089797	2.9187940654691807e-30	ANKRD2
AC020978.7	1.7864228877787889	2.976782082790784e-30	AC020978.7
SPARCL1	1.58216029814514	2.9991663374636758e-30	SPARCL1
CCDC154	2.3620047224265086	3.0767761323383748e-30	CCDC154
LYPD6	-2.688749481979141	3.0895188217128178e-30	LYPD6
C21orf58	1.2839630673869191	3.203370166140661e-30	C21orf58
AL355488.1	1.6631027379637064	3.2054245200335955e-30	AL355488.1
ERMN	2.0843774192962243	3.2094171355970035e-30	ERMN
SAA1	4.411312814233511	3.224727788059462e-30	SAA1
AC074051.3	-1.6210612051566804	3.438614478686275e-30	AC074051.3
Z98884.2	1.2598465946185171	3.450864280012032e-30	Z98884.2
MT1F	-2.1597298517955585	3.5476260781427316e-30	MT1F
C2	2.3132162406924435	3.731211078341258e-30	C2
SIRPD	3.1407254900674717	4.1726225323241944e-30	SIRPD
MARVELD1	1.1054867330312226	4.2231364656535714e-30	MARVELD1
LRRC75B	1.4446508823641464	4.292470956548906e-30	LRRC75B
AL353801.1	-2.122073860431578	4.4556512061081974e-30	AL353801.1
AL589182.2	3.47198410472698	4.5314921054535616e-30	AL589182.2
MYH13	4.669557974139485	4.570264757376148e-30	MYH13
RNF14P4	2.398236732013828	4.579732107993261e-30	RNF14P4
AC068790.5	2.055726015216606	4.6318266191126475e-30	AC068790.5
PKD1P6-NPIPP1	1.715253782587528	4.6810082301707355e-30	PKD1P6-NPIPP1
MRNIP	1.2538892244164377	4.723594573146807e-30	MRNIP
MIR126	2.968258812770952	4.723594573146807e-30	MIR126
MYMK	-3.225357572977492	4.8614046945267166e-30	MYMK
GPRC5B	-1.2340768163973872	4.8670083046407465e-30	GPRC5B
MYCNOS	-2.8049110781695568	4.9390119115564895e-30	MYCNOS
AC092325.1	-4.986336973725099	5.1134086178026446e-30	AC092325.1
GPR12	-3.5823324496678723	5.167161564316232e-30	GPR12
PFN1P2	1.7324181408328283	5.1851690269603054e-30	PFN1P2
PGBD5	1.7660634640661077	5.2526216132605285e-30	PGBD5
AC018638.4	1.2924003794611874	5.5090733839209874e-30	AC018638.4
DIRC3	1.7812435038358785	5.6519701900541296e-30	DIRC3
CHST13	2.002616610846645	5.6970450929528816e-30	CHST13
GALNT6	-1.176441762363594	5.711926215408672e-30	GALNT6
MFSD4B	1.3301950156988265	5.793446797416979e-30	MFSD4B
CLEC19A	2.836987138233433	5.815467488001402e-30	CLEC19A
TEX52	1.788649542447415	5.8626622138218744e-30	TEX52
PIP5K1B	-1.6959630429670047	5.8699575865651205e-30	PIP5K1B
AC011510.1	3.018568504470112	5.900964610752784e-30	AC011510.1
TUBA1A	1.0309815815377812	5.921021673545414e-30	TUBA1A
CHD1L	1.7562561890222803	5.9258097735179796e-30	CHD1L
AC138207.1	2.6619255005627243	6.256277148868532e-30	AC138207.1
OR7E38P	2.4017198925996226	6.282915216183751e-30	OR7E38P
FUT7	1.8621781354120348	6.373103951911352e-30	FUT7
AL356417.3	2.689604793506105	6.379261716473002e-30	AL356417.3
TRAV8-6	2.2714027329339674	6.398348148583599e-30	TRAV8-6
AC025171.5	1.55884573078215	6.417775213150775e-30	AC025171.5
IL9R	2.072744696504635	6.564928302057175e-30	IL9R
DPH6-DT	-1.4409414893486634	6.655890080170309e-30	DPH6-DT
AC012645.3	3.2856878138308065	6.666607641315819e-30	AC012645.3
AC108156.1	-2.9159433510126846	6.677081285607529e-30	AC108156.1
RPL13	1.144014804060116	6.712678644559829e-30	RPL13
AL390879.1	1.301354815413914	6.936190442840703e-30	AL390879.1
GRB7	-1.2308963246057378	7.287812105636828e-30	GRB7
SH3RF3	1.150905272801743	7.32409388027184e-30	SH3RF3
HTR7	1.734767586018846	7.49419546817119e-30	HTR7
HOATZ	1.7356378949848694	7.539156579326242e-30	HOATZ
MTND4P9	2.144723868048509	7.616893943856013e-30	MTND4P9
GOLGA6L2	6.188863470654001	7.620502694335212e-30	GOLGA6L2
MIR320E	2.9082579169034206	7.77833542921529e-30	MIR320E
RAB44	1.7000282076494038	7.900681303348467e-30	RAB44
AC055855.1	1.9050065682305584	8.116174037765466e-30	AC055855.1
AC092135.3	2.3183620863816974	8.203248402086024e-30	AC092135.3
AC066613.1	1.60508028478254	8.427188562123579e-30	AC066613.1
BST2	1.323536780937132	8.747898131230824e-30	BST2
AUH	-1.13627642479589	8.781726506402979e-30	AUH
NLRP3	1.3365718981448558	8.912118895052708e-30	NLRP3
AC087482.1	1.8908822811437973	9.208521368063181e-30	AC087482.1
AP000844.2	4.438890157784369	9.292236588734969e-30	AP000844.2
LINC02351	3.2671621680840617	9.381378714188572e-30	LINC02351
IDH2	-1.0927581388881324	9.501913128146745e-30	IDH2
TRAV26-1	2.490996392840309	9.560164269024038e-30	TRAV26-1
TRBV5-6	2.682207300224253	9.570732640110918e-30	TRBV5-6
AL365361.1	1.652771489157742	1.005747000097985e-29	AL365361.1
CPB1	3.1814811036563087	1.0098970657119382e-29	CPB1
ASAP2	-1.1917702145553373	1.0188142989655877e-29	ASAP2
SHANK3	1.232688981458317	1.0188142989655877e-29	SHANK3
AL160269.1	2.48665803455053	1.0240920802656836e-29	AL160269.1
CCDC13-AS1	-1.7883690918505482	1.0341707539128745e-29	CCDC13-AS1
AL512283.2	4.882040052610605	1.0406595496377504e-29	AL512283.2
PDE7A	1.1599779645830766	1.0443360958148942e-29	PDE7A
LINC01474	2.0441230798833088	1.0485591194235139e-29	LINC01474
GGH	-1.440788734162495	1.0491572089639047e-29	GGH
AC105020.5	1.7541642889574334	1.0557561864012621e-29	AC105020.5
AL353576.1	2.8745841757472	1.0681087007312849e-29	AL353576.1
CAPN5	-1.0759349001599805	1.0681087007312849e-29	CAPN5
SCOC	-1.0070339468477734	1.0890535728043938e-29	SCOC
LILRB5	1.7109564170552616	1.1046850502584904e-29	LILRB5
C19orf38	1.2455711092185235	1.1248852177194865e-29	C19orf38
AC022126.1	1.362363252956179	1.1412701661448268e-29	AC022126.1
AC023818.1	1.6813947018503717	1.1815762770733524e-29	AC023818.1
LINC02555	2.5189330980446427	1.1863693265262009e-29	LINC02555
GIPC3	1.2634534833962818	1.1970697780790776e-29	GIPC3
LHFPL5	1.6844689082498612	1.2170494242677379e-29	LHFPL5
SPRY1	1.33296600397099	1.2264728781207232e-29	SPRY1
GTF2IRD1P1	-1.7516979491715206	1.2456628466779409e-29	GTF2IRD1P1
NEBL	-1.5121920632728472	1.2617631644093396e-29	NEBL
MUC20-OT1	1.664379346270934	1.2661927074251378e-29	MUC20-OT1
AC092162.3	1.649556795491803	1.2690497325821434e-29	AC092162.3
AL022328.2	1.7139099626897796	1.3148010897786728e-29	AL022328.2
CLK1	1.15193889010984	1.3247585419809898e-29	CLK1
ADRA1B	1.4330636516740487	1.3325087284916328e-29	ADRA1B
SUCLA2-AS1	-1.2955840287824314	1.338491209734994e-29	SUCLA2-AS1
WDR72	-1.916089185339466	1.3393392875873594e-29	WDR72
AC005253.1	1.5784741994493623	1.3445761495979382e-29	AC005253.1
CDK3	2.1955090897647995	1.349632905051594e-29	CDK3
AC009159.4	2.7901376730937795	1.3801450955600406e-29	AC009159.4
LINC00626	3.047613821364468	1.4221514299338866e-29	LINC00626
KLRB1	1.5974021644457093	1.4297567529715392e-29	KLRB1
PKD1L2	2.6686479104041645	1.452037175244866e-29	PKD1L2
VSX1	3.212240775440007	1.4522904660395578e-29	VSX1
AC007881.3	-1.9860310634785272	1.4565717004123298e-29	AC007881.3
LINC01163	4.579556762151381	1.4743159455748148e-29	LINC01163
AC011603.2	1.4998644986935836	1.49037041572143e-29	AC011603.2
AC099568.1	3.12235157137958	1.4908473566855228e-29	AC099568.1
KLF8	1.1489459455967592	1.5028707625969766e-29	KLF8
AC015813.1	1.6058582324124682	1.5340569314734492e-29	AC015813.1
TAS2R6P	2.147660405036522	1.539540246076337e-29	TAS2R6P
TRBV15	3.304094289110978	1.5761596398230348e-29	TRBV15
ATP6V0E2	-1.2831779064215107	1.5984331131465688e-29	ATP6V0E2
AP003559.1	-3.119167795402391	1.604644094987206e-29	AP003559.1
CD38	1.851913008644335	1.6046781535298906e-29	CD38
KIF2C	1.5043310113401729	1.6046781535298906e-29	KIF2C
ANKRD23	1.6488143065119591	1.6123491222821614e-29	ANKRD23
ST3GAL6-AS1	-1.7926839214283543	1.6333783342510208e-29	ST3GAL6-AS1
AP000692.1	1.8573708961361883	1.6445789216063492e-29	AP000692.1
PRSS35	-2.1760855339158702	1.6608753286717598e-29	PRSS35
AP000331.1	2.635697022278967	1.662825212853926e-29	AP000331.1
CPT1B	2.270514529998388	1.6739875522514442e-29	CPT1B
TTPA	-3.3062569688500805	1.6915617609336628e-29	TTPA
TMEM25	-1.2336967554737	1.7104672414998242e-29	TMEM25
AC011322.1	2.754005656168076	1.733708595662005e-29	AC011322.1
AC009133.3	2.284440216452706	1.733708595662005e-29	AC009133.3
TEK	-1.4416133576225258	1.753576638817481e-29	TEK
GCNA	1.5461896016428431	1.7753462875536182e-29	GCNA
CCL23	-1.4853868570102169	1.8178629382636225e-29	CCL23
MIR25	2.000196412382606	1.8198353574447026e-29	MIR25
LINC00174	1.4438057256223622	1.8308006606418086e-29	LINC00174
HOXA4	1.2355577619825564	1.8335874887919244e-29	HOXA4
AL096701.1	2.5210888524912	1.834982380760304e-29	AL096701.1
GUSBP2	1.472342204954802	1.8418932377292185e-29	GUSBP2
ABCA8	-1.9848512526255189	1.852695934155696e-29	ABCA8
PTPRVP	2.4036973052372628	1.8590742221780544e-29	PTPRVP
KLRC1	1.9120839099645837	1.9450704263452762e-29	KLRC1
OXNAD1	-1.1446877923146053	2.0147514313833447e-29	OXNAD1
PPIAP45	3.534625029296297	2.0205953777835725e-29	PPIAP45
LILRP2	3.8010653918414232	2.042144162153078e-29	LILRP2
SNORD94	1.7570683752718468	2.1000493526493428e-29	SNORD94
IGFL2-AS1	4.328011506708275	2.1024619484604385e-29	IGFL2-AS1
TRAV5	2.6768099478515968	2.21712238119562e-29	TRAV5
KCNIP2	1.7635042440181556	2.21712238119562e-29	KCNIP2
TRAV12-3	2.49810219465626	2.2744881232633122e-29	TRAV12-3
AC008569.2	2.0867692930183277	2.3202310621596114e-29	AC008569.2
AC137834.2	4.231411532770682	2.3837317874882487e-29	AC137834.2
AC012236.1	2.516786179897246	2.38620633352184e-29	AC012236.1
CARD17	3.160677291742641	2.394526686082257e-29	CARD17
CA10	-4.833877690835558	2.4667838691053664e-29	CA10
NTN5	1.8692955205137496	2.5469752947359015e-29	NTN5
TGFBR3L	-2.050235806160489	2.5720957301681657e-29	TGFBR3L
SLC2A14	2.386991460061901	2.735211251363864e-29	SLC2A14
TNFAIP2	1.288995418708884	2.740642728236653e-29	TNFAIP2
AC107220.1	-5.963687999585224	2.7753815803949286e-29	AC107220.1
ALOX12B	2.0475847731364363	2.817249161935476e-29	ALOX12B
GIMAP7	1.1773768410681775	2.8660264879463377e-29	GIMAP7
Metazoa_SRP	3.566647066651828	2.888289341835344e-29	Metazoa_SRP
AC093281.2	4.990903980219542	2.900383928363993e-29	AC093281.2
NPIPB12	2.0106292854625987	2.987204237225812e-29	NPIPB12
TMEM92	2.7870503565049125	2.999239931391484e-29	TMEM92
DOK7	-2.3719933375626745	3.058953720547168e-29	DOK7
HOGA1	-1.8312071959444705	3.190899410846973e-29	HOGA1
RARRES2	1.6484478921435812	3.20233218379919e-29	RARRES2
AC002553.1	1.460541441020315	3.2047347843421047e-29	AC002553.1
AC147067.2	2.4026781012247707	3.236237175657392e-29	AC147067.2
OR9Q1	3.2525965832615724	3.3002597657949094e-29	OR9Q1
GBX2	3.324465142941541	3.3167584856194455e-29	GBX2
LINC02154	3.407984011854384	3.3730635170449557e-29	LINC02154
CSF1	1.0126589072054597	3.415328789883264e-29	CSF1
IRX3	1.5050692837362225	3.436809067071954e-29	IRX3
TSPAN18	1.314675739678983	3.4977561138228935e-29	TSPAN18
AC132938.5	1.9436460457475948	3.5230790706750965e-29	AC132938.5
SIRLNT	-5.504525150439346	3.543640277119754e-29	SIRLNT
AC122719.1	3.803876757275327	3.6095412604226557e-29	AC122719.1
KRT8P33	1.0966570563404276	3.705072693399082e-29	KRT8P33
ANGPTL8	3.320256963936714	3.8185878303576883e-29	ANGPTL8
CYP4F60P	3.324732301771639	3.882609120731323e-29	CYP4F60P
AC005498.2	-1.5529593240160111	3.919889120961013e-29	AC005498.2
AC007881.4	1.9520173444497648	3.9550962503639644e-29	AC007881.4
AC064801.1	-1.488209104166605	4.0087011643679896e-29	AC064801.1
AL109659.2	1.8607765636494424	4.0611149747338256e-29	AL109659.2
RN7SL124P	5.017233957958312	4.1035672298235996e-29	RN7SL124P
CSAD	1.550367710897238	4.110367487243333e-29	CSAD
TRGV8	1.991652998653787	4.1686032131136317e-29	TRGV8
LINC01789	3.128060554246871	4.227838404421773e-29	LINC01789
MT3	3.341616886715338	4.227838404421773e-29	MT3
ST3GAL5	1.0246663255465185	4.3170146141306265e-29	ST3GAL5
AC005387.1	2.4091144641523976	4.42885289330728e-29	AC005387.1
KCNJ14	1.3440209513739014	4.437885101049381e-29	KCNJ14
MCF2L	1.1450555373158826	4.450258182227443e-29	MCF2L
AL109976.1	-2.0005534427862903	4.4846692169616705e-29	AL109976.1
FAM186A	1.7631265469857589	4.5736233095357633e-29	FAM186A
GPD1L	-1.5279380922689003	4.5805215335716713e-29	GPD1L
GLIPR2	1.0386796520238502	4.6217292652772905e-29	GLIPR2
LINC00645	-4.1809200237465	4.712384270215154e-29	LINC00645
AC009237.3	-1.524118814684846	4.7167679113023243e-29	AC009237.3
NKX6-2	-3.786698540217986	4.8091665457382806e-29	NKX6-2
AC011752.1	3.942719185662393	4.8301533452519516e-29	AC011752.1
AC060766.4	1.1679826697552629	4.903195447325759e-29	AC060766.4
AC009950.1	1.6517454120117387	4.9120781106244274e-29	AC009950.1
AC006064.1	2.5265143339917238	4.9827741435175784e-29	AC006064.1
COL5A1	2.050654101825795	5.12737002266427e-29	COL5A1
AC007611.1	1.0768584124270053	5.139496998908297e-29	AC007611.1
AC004832.5	1.692132743740324	5.185753575672719e-29	AC004832.5
AC092376.2	1.4551307167814846	5.19896946086458e-29	AC092376.2
FOXJ1	-3.1687013596383053	5.226980765833812e-29	FOXJ1
SNHG25	2.3236446413729674	5.235050149963345e-29	SNHG25
CYP3A5	1.7305867918649236	5.261914080966586e-29	CYP3A5
UTS2	2.820475969507928	5.314781070178409e-29	UTS2
C3orf22	3.0488869905181906	5.449483917606706e-29	C3orf22
AC092119.2	2.0627033339087286	5.510215350363892e-29	AC092119.2
AC116533.1	1.3916353380195334	5.768849811489135e-29	AC116533.1
AC092143.3	1.95811652883626	5.965537173254801e-29	AC092143.3
SLC6A1-AS1	2.5184418014458427	6.001953823898348e-29	SLC6A1-AS1
CFAP221	-1.412120969737728	6.077773430005044e-29	CFAP221
AC188616.1	1.6468925983974123	6.197720697568266e-29	AC188616.1
PTCH2	1.4712165204145349	6.398868807895635e-29	PTCH2
SLC28A1	1.8820675105837577	6.490274256066494e-29	SLC28A1
C1orf147	2.4872586724329646	6.5037819890454e-29	C1orf147
CEACAM4	1.850000505076236	6.516573096571062e-29	CEACAM4
NPEPL1	1.6919928708503975	6.53200054570938e-29	NPEPL1
TRBV6-6	2.5953264445274824	6.625922428283795e-29	TRBV6-6
GPR34	1.5948238525268248	6.662606695792783e-29	GPR34
AC104806.2	2.4459091055292914	6.670243592217164e-29	AC104806.2
CYP51A1-AS1	-1.3894464325833795	6.712280718866242e-29	CYP51A1-AS1
LY6E-DT	2.097467653601249	6.793731404514848e-29	LY6E-DT
HLA-DRB6	1.6902352645177572	6.793731404514848e-29	HLA-DRB6
LINC00672	1.25743628495515	6.802997000523079e-29	LINC00672
RPS2P46	1.3651111042568345	6.826432675641494e-29	RPS2P46
Z97200.1	3.070037247169113	6.930527276394236e-29	Z97200.1
ANKDD1A	1.0430954560794674	6.987771200222466e-29	ANKDD1A
IGFLR1	1.6209629477573022	7.110955368171048e-29	IGFLR1
AL731563.3	1.3294724964802396	7.231298315715179e-29	AL731563.3
IGSF21	1.5426814224319587	7.347047258234495e-29	IGSF21
SCNN1A	-2.9106724283077785	7.48465598365116e-29	SCNN1A
HOXA13	2.779241144666838	7.801945092055035e-29	HOXA13
TENT5D	-3.164326746093733	7.95447947041953e-29	TENT5D
SNORD6	1.8831549472739275	8.049016479894511e-29	SNORD6
AL354751.1	3.6487817835600262	8.1737934385175e-29	AL354751.1
CCND2	1.2083553949976276	8.194791794203947e-29	CCND2
ZNF841	1.0782022323903884	8.246107578183446e-29	ZNF841
PODXL	-1.3709051257812663	8.544848838074373e-29	PODXL
NR5A2	1.2705464229122196	8.691433276384304e-29	NR5A2
TCF19	1.3100097747853143	8.788320720978153e-29	TCF19
AC104070.1	3.90025646095782	9.022240237783139e-29	AC104070.1
AC025766.1	2.084435578163681	9.022240237783139e-29	AC025766.1
IL11	-3.33024637649798	9.037957327385345e-29	IL11
AL049776.1	1.4593324086477304	9.070529605324214e-29	AL049776.1
AC068473.4	-3.1130753063629446	9.429436165632475e-29	AC068473.4
GLYATL1P1	1.9473419474315503	9.736314788441656e-29	GLYATL1P1
TRBV6-1	2.3804430126930773	9.80580041427604e-29	TRBV6-1
AC013553.3	1.8798579577283208	9.939525170037615e-29	AC013553.3
C3orf35	1.7825148631989969	1.0018551630631772e-28	C3orf35
SLC7A11	1.7855836921493808	1.004233101047778e-28	SLC7A11
TPBGL	2.366971054940253	1.0342953769749898e-28	TPBGL
AL138831.3	1.864519186074931	1.0391221702861944e-28	AL138831.3
FBXL6	1.097165162847357	1.043787491274617e-28	FBXL6
INKA1	1.3368269104088777	1.0449736557968106e-28	INKA1
C3orf52	-1.9693882879174465	1.0520033953572374e-28	C3orf52
DUX4L50	1.40969623364632	1.0537964430268828e-28	DUX4L50
EVA1C	1.1492627981471788	1.0724958962540754e-28	EVA1C
PROX1-AS1	-3.79259589326499	1.0862830304263222e-28	PROX1-AS1
AL157871.2	2.369274295877951	1.0984670087571971e-28	AL157871.2
LINC00896	3.2582209376034386	1.1239461304926026e-28	LINC00896
EIPR1-IT1	-2.363602106194454	1.1244539691959023e-28	EIPR1-IT1
AC105235.1	2.721129505605482	1.1601903325621575e-28	AC105235.1
KHDRBS2	-2.3138738945159885	1.169346784376896e-28	KHDRBS2
PSME2P5	4.027760487839684	1.1758729660812156e-28	PSME2P5
AP003120.1	1.3988040829789778	1.1805973682986142e-28	AP003120.1
CADM1	-1.370447602187833	1.2014016407458167e-28	CADM1
Z94721.2	2.4289237771451235	1.2103402926110275e-28	Z94721.2
AC007598.3	2.8206522915411663	1.2286924034139439e-28	AC007598.3
LINC01948	-1.4575574731637246	1.2602223493703103e-28	LINC01948
KDM2B-DT	2.021090897704912	1.2996008669508723e-28	KDM2B-DT
TVP23A	1.374984110536377	1.3069250081022138e-28	TVP23A
AC006378.1	1.785608158648971	1.314434381956047e-28	AC006378.1
CC2D2B	1.6771765139812576	1.3810762844187566e-28	CC2D2B
NOTCH3	1.330915561735195	1.3985739948513094e-28	NOTCH3
AC020763.4	2.26828573647541	1.4212091234376543e-28	AC020763.4
F11-AS1	-3.0051107404329107	1.4478971085097906e-28	F11-AS1
AL109811.1	2.2488144894841784	1.4786339592222134e-28	AL109811.1
TRBV3-1	2.3486223522978937	1.4919149330804724e-28	TRBV3-1
AC023906.5	1.8896429785290545	1.5208636244577319e-28	AC023906.5
PRIMA1	3.058822117763569	1.535272931613804e-28	PRIMA1
LINC02614	1.4859864790942032	1.5591087162183647e-28	LINC02614
SKINT1L	2.1312846018479368	1.5804918656971523e-28	SKINT1L
NUDCP1	2.799735554699644	1.6010470203016923e-28	NUDCP1
AC008555.4	1.3652313981570203	1.601957203172278e-28	AC008555.4
HOXB-AS1	1.5727362459072978	1.6098453123819109e-28	HOXB-AS1
AC234782.2	2.00984488322198	1.62011627071804e-28	AC234782.2
SLC27A4	-1.0037954210811286	1.6297241788445334e-28	SLC27A4
SIGLEC12	2.601800381553667	1.703731353504173e-28	SIGLEC12
KCNAB1	1.428126005318901	1.7125735355436746e-28	KCNAB1
AC244157.2	4.286771080023956	1.7531040461401122e-28	AC244157.2
AL807752.1	1.8398557997012044	1.7892679837477202e-28	AL807752.1
ADGRA2	1.3109038132242947	1.7918530426241923e-28	ADGRA2
NRBF2P5	2.0757656485651026	1.7918530426241923e-28	NRBF2P5
TRAV16	2.414780642268994	1.803623656075831e-28	TRAV16
WASH7P	1.4498319984278525	1.814650255662069e-28	WASH7P
EPX	-1.368599333661266	1.8350026542443974e-28	EPX
MAPK15	2.039832285317261	1.8673660654787303e-28	MAPK15
RNA5SP383	2.254194076169177	1.879931403743592e-28	RNA5SP383
SLC29A2	-1.869033563480645	1.9104766076724974e-28	SLC29A2
ABTB2	-1.6205530596645912	1.920477211261433e-28	ABTB2
AC091271.1	-1.0661485436478075	1.9240331466454385e-28	AC091271.1
AP001605.1	3.145707785122069	1.9244369164200346e-28	AP001605.1
TBCE	1.6046701739133895	1.931531594129681e-28	TBCE
AC008764.6	1.5443149595939152	1.932022618046627e-28	AC008764.6
GRHL1	-1.411389459121728	1.9533425242542541e-28	GRHL1
AL591806.2	1.6939227545342934	1.955391391096589e-28	AL591806.2
RETN	2.6702858348116627	1.9792491175392127e-28	RETN
SETP1	2.941566425576807	1.9900490550105183e-28	SETP1
FHOD3	-1.2839190929563806	2.0539901660489164e-28	FHOD3
TP73-AS3	3.861592500923848	2.079565908524305e-28	TP73-AS3
C1QL4	3.0414814586689025	2.0797891556116216e-28	C1QL4
HDAC11	-1.0544884939036554	2.088807280975626e-28	HDAC11
AC010615.2	1.4055595622523769	2.112320609706632e-28	AC010615.2
HLA-DQA2	2.4654981709372548	2.2060055760789758e-28	HLA-DQA2
CDH5	1.2363886841063036	2.208927530334745e-28	CDH5
LYPLAL1-AS1	-2.0344673812482275	2.2138228834041967e-28	LYPLAL1-AS1
TRAV3	2.531429791385951	2.2551529671114e-28	TRAV3
IRF1	1.2312678371594108	2.257138056604021e-28	IRF1
HMGB3P32	2.5884837603591677	2.2821350078575126e-28	HMGB3P32
MCCD1	-4.258536715136788	2.289800052988753e-28	MCCD1
GABRA2	-4.911860991594453	2.3145037087491954e-28	GABRA2
RPL18P10	2.92243900047384	2.3867040054969942e-28	RPL18P10
DUTP6	1.4475990494958506	2.4210450363687437e-28	DUTP6
LYZL1	4.251728725213833	2.425369717712921e-28	LYZL1
PAPPA2	-3.4257765266045794	2.4305891954186612e-28	PAPPA2
UGT1A3	3.907618705771952	2.459785346779807e-28	UGT1A3
BCL6B	1.323016125953106	2.486911077525398e-28	BCL6B
GPS2	1.7328199838001073	2.4876591526073043e-28	GPS2
TRBV7-6	2.9789300364659064	2.5504307408915e-28	TRBV7-6
CDC20	1.708531492602214	2.551759484201238e-28	CDC20
LCMT1-AS1	-1.1614567669448046	2.5580823062267357e-28	LCMT1-AS1
TM4SF19	2.8659504946629166	2.651219321529202e-28	TM4SF19
RRAD	1.867651101882165	2.655655043981027e-28	RRAD
IL9RP3	2.419052888018532	2.703768367492045e-28	IL9RP3
DPEP3	2.2484849465517893	2.7051759746447313e-28	DPEP3
ARHGAP26-AS1	3.2689222221729928	2.747371117370449e-28	ARHGAP26-AS1
AC009090.6	1.6590344109115571	2.7523127302466796e-28	AC009090.6
MC1R	1.5398737656534434	2.791469058767228e-28	MC1R
TRAV13-2	2.3711790770572985	2.896724831317914e-28	TRAV13-2
SNORA5C	1.7960910560188412	2.9237961039252356e-28	SNORA5C
GOLGA8B	2.0134990092809506	2.9309541883113877e-28	GOLGA8B
TMPRSS6	2.498199571297458	2.9322633792189236e-28	TMPRSS6
ALDH5A1	-1.0801904452531006	2.956967156394825e-28	ALDH5A1
CLCN1	-1.832443711636732	3.0146402152688908e-28	CLCN1
AC012618.3	-1.2581446072467892	3.036680558815385e-28	AC012618.3
CELF2-AS1	2.4850258528654736	3.0773142848065007e-28	CELF2-AS1
AL031275.1	-1.9943123717529687	3.092105598591608e-28	AL031275.1
ALX1	-3.055747677870945	3.1417631755750307e-28	ALX1
GTF2H4	2.245929194765006	3.1844673004444767e-28	GTF2H4
TLN2	-1.153881212026011	3.233484737812451e-28	TLN2
HOXD3	-1.1921396042682657	3.233484737812451e-28	HOXD3
PERM1	3.0531694322838643	3.329709699644622e-28	PERM1
LINC02061	-3.327125491413531	3.3430787386301635e-28	LINC02061
ARPC1B	1.2874702639598417	3.391924691733393e-28	ARPC1B
LHX2	3.6029087581066697	3.408693594512537e-28	LHX2
INO80C	1.068587250517145	3.414677981173394e-28	INO80C
GPR171	1.6772916755702356	3.431861217316789e-28	GPR171
GAPDHP2	1.4926554001356285	3.521784297390266e-28	GAPDHP2
VNN2	1.7979678245752932	3.583252130972909e-28	VNN2
SEMA3B-AS1	-2.67291657357668	3.606228419600111e-28	SEMA3B-AS1
C1orf54	1.069250578595022	3.656503286014188e-28	C1orf54
SLC47A1P1	2.07280483278255	3.681720246347775e-28	SLC47A1P1
TRAV9-2	2.273617968695105	3.7634496838999374e-28	TRAV9-2
AC244197.3	1.9413059971730715	3.8015085703990564e-28	AC244197.3
AC073046.3	1.977810251340999	3.81797418390786e-28	AC073046.3
TRBV11-2	2.4811571764697886	3.868173822268528e-28	TRBV11-2
BBS1	1.4565702162139784	3.876435525555873e-28	BBS1
TRBV12-4	2.51988486456282	3.893007209582213e-28	TRBV12-4
CRYM-AS1	1.7261285834322773	3.896568325889216e-28	CRYM-AS1
BNIP3P1	1.4864554126340408	3.9400013794387583e-28	BNIP3P1
RPS20	1.036026827897668	3.9604269184862813e-28	RPS20
LINC02298	1.398407457257805	4.073268595608708e-28	LINC02298
PCDHB1	-2.900518034607172	4.093802653398186e-28	PCDHB1
AC002460.2	-2.6972592976169847	4.097860852319684e-28	AC002460.2
AC008982.2	1.9860721439890727	4.1396149015822195e-28	AC008982.2
LRRIQ3	-1.312240390528028	4.182431325074847e-28	LRRIQ3
NETO1	2.507330610718277	4.246894520760823e-28	NETO1
CLEC14A	1.3437357253069664	4.3247955450445375e-28	CLEC14A
CCL3	1.873427472728025	4.446670953360816e-28	CCL3
AC004263.1	2.675065100348676	4.494820871688442e-28	AC004263.1
TACR3	-3.971935421257743	4.533519220128945e-28	TACR3
AC099786.2	5.6858672499107605	4.5988603213257115e-28	AC099786.2
AC010886.1	3.066194769966254	4.69531245691471e-28	AC010886.1
RPS2P7	1.4245043177807328	4.696480081406174e-28	RPS2P7
AC092296.1	-1.967450450713845	4.8221915743310765e-28	AC092296.1
AC093827.3	1.5294580821046213	4.963265123550672e-28	AC093827.3
DNAJC6	-1.454903576273998	5.054811463112597e-28	DNAJC6
TRAV24	3.248240624523375	5.075796528021659e-28	TRAV24
AP001972.3	3.137087626990753	5.127702938503052e-28	AP001972.3
UTS2R	-4.004659355734303	5.23156651123533e-28	UTS2R
AL109920.1	-5.737029693289113	5.3320979446570145e-28	AL109920.1
JPX	1.6819613037184036	5.41171748251686e-28	JPX
AC008267.3	1.6340548610316317	5.421480280163584e-28	AC008267.3
C11orf72	-1.5518321354106737	5.437592368014765e-28	C11orf72
ACRV1	1.8861211992607552	5.4567785151917885e-28	ACRV1
B4GALNT4	3.184273291948404	5.4828488488096035e-28	B4GALNT4
ADAMTS19	-4.5097098095869095	5.641971724328114e-28	ADAMTS19
FNDC11	-2.007639571990274	5.7299400694134885e-28	FNDC11
AC078845.1	2.398664135098392	5.788970431628425e-28	AC078845.1
AC005839.1	1.2222027792634558	5.817644872261654e-28	AC005839.1
AP000942.5	2.975416825582101	5.839075523080014e-28	AP000942.5
AC093725.2	-3.410561764409043	5.941809320227663e-28	AC093725.2
PSTPIP2	1.0990170766581784	5.996005849889535e-28	PSTPIP2
DGKA	1.1683415697741937	6.072869524125859e-28	DGKA
CYP26B1	-1.643909999528139	6.13251652340699e-28	CYP26B1
AC016590.4	-1.9940608416210728	6.134543645143802e-28	AC016590.4
SBK1	-1.44425167512138	6.15200465140164e-28	SBK1
OTOG	2.216989742584903	6.168992928722773e-28	OTOG
AC010761.1	1.6741296649252966	6.2019409257521165e-28	AC010761.1
ASIC4	2.806260350343474	6.229013159955699e-28	ASIC4
PHACTR1	-1.2181461728115843	6.242800993275982e-28	PHACTR1
PTAFR	1.4049617701558064	6.2686493774964645e-28	PTAFR
PLAGL1	1.238646007808826	6.312392526793424e-28	PLAGL1
ATAD3B	1.4299232977455345	6.323825639064248e-28	ATAD3B
S100A14	-2.083184911130636	6.510091151071232e-28	S100A14
AP002812.1	2.312144442280282	6.59201502032223e-28	AP002812.1
GVQW3	1.355267186385721	6.677474117399133e-28	GVQW3
SSTR5-AS1	-3.676050221321348	6.856665520530699e-28	SSTR5-AS1
AL592431.1	3.945600836730103	7.0534468690878075e-28	AL592431.1
TRAV2	2.5409906380314498	7.1025562682670735e-28	TRAV2
LINC02773	1.3529711192950111	7.227363771101046e-28	LINC02773
RNASE3	2.5182733692079684	7.300558098030907e-28	RNASE3
AC067945.2	2.5707202384327235	7.373880023845215e-28	AC067945.2
KRT72	3.818312758233192	7.758552359074854e-28	KRT72
AP001636.2	2.856044025684577	7.796406429398241e-28	AP001636.2
OASL	1.5784244625048027	7.90680728744162e-28	OASL
TPT1P5	2.502306278926206	8.092598139207486e-28	TPT1P5
TRIM2	-1.6553127406567776	8.09972624642484e-28	TRIM2
PFKFB3	-1.257555872659254	8.123937519936649e-28	PFKFB3
FAM220CP	-1.850511565060499	8.353906035242428e-28	FAM220CP
AC010323.2	2.9828141885382973	8.358382822329595e-28	AC010323.2
AC007750.1	2.694419765672325	8.536477101477778e-28	AC007750.1
ADAM28	1.2908838747198936	8.631336173524919e-28	ADAM28
SLC16A6	1.6850483963321896	8.644128885712135e-28	SLC16A6
TRIM46	1.9380721343490572	8.658382737083741e-28	TRIM46
AC010487.1	2.1867073767310576	9.14141626502034e-28	AC010487.1
SMPD5	1.3946478592832856	9.36329382728921e-28	SMPD5
RPE65	2.749034445238027	9.554907565102364e-28	RPE65
PCBP3-AS1	4.327216929895291	9.680731139283486e-28	PCBP3-AS1
GBP1P1	1.4802272843412785	1.007805107998585e-27	GBP1P1
COL4A2-AS1	1.921059606184429	1.0167762003758748e-27	COL4A2-AS1
SNHG6	1.0248592645491772	1.023521580721617e-27	SNHG6
AL451123.1	1.2739477076503782	1.0321701443719462e-27	AL451123.1
AL161669.1	2.138234415286795	1.046627824546752e-27	AL161669.1
SIGLEC22P	1.8979481670729403	1.054233448746046e-27	SIGLEC22P
SLC22A13	-2.895440409611161	1.0623821955628136e-27	SLC22A13
RGS13	1.818996643928961	1.069702177343176e-27	RGS13
ERVK9-11	1.6640435403819014	1.0764209129814042e-27	ERVK9-11
GPR150	2.224575206316504	1.0930188742075075e-27	GPR150
ANGPTL1	-2.521973467217053	1.1367733766944755e-27	ANGPTL1
RPGRIP1	1.0229520468187847	1.137033068011882e-27	RPGRIP1
ZFHX2-AS1	1.8687572598717404	1.1494423680118733e-27	ZFHX2-AS1
AC092162.2	1.9665744270942425	1.172216368882969e-27	AC092162.2
RPL23AP64	1.7975921404405388	1.2219331483053146e-27	RPL23AP64
TBC1D3L	2.3392969250506326	1.2276245389520752e-27	TBC1D3L
AC092338.3	1.611272489482236	1.2304505489220351e-27	AC092338.3
ZNF582-AS1	-1.4071441407040457	1.2330799129527106e-27	ZNF582-AS1
AC018653.4	2.2849050550783927	1.2556980742008929e-27	AC018653.4
AC012613.1	4.073369319439655	1.2595524227412331e-27	AC012613.1
AC245052.4	2.10529010412356	1.2787013103069398e-27	AC245052.4
AC007342.3	-1.9658377934668332	1.2838515919388926e-27	AC007342.3
TTLL11-IT1	-1.8545241782345403	1.305088591613578e-27	TTLL11-IT1
SH3TC2	1.3522967163002186	1.312834580986667e-27	SH3TC2
H2BP2	2.532942023500202	1.3498076409289736e-27	H2BP2
AC068587.4	1.956554405699194	1.39897956934526e-27	AC068587.4
TLR10	1.811371289938137	1.4099645963459776e-27	TLR10
AC120498.9	2.2676877607423918	1.4230173729915392e-27	AC120498.9
GRM8	2.0523376083894886	1.4466357996324979e-27	GRM8
NAIPP1	1.7262168397199986	1.4514623450965749e-27	NAIPP1
LINC01589	-2.562952447358638	1.4555684326661144e-27	LINC01589
HEY2	1.2850222370104742	1.4603304854940037e-27	HEY2
ZNF33CP	3.906752476487285	1.470705921797325e-27	ZNF33CP
AC000078.1	1.8757450398938729	1.483444742712725e-27	AC000078.1
LINC01744	3.8524060329741783	1.5342114905839603e-27	LINC01744
MIR570	1.82226265006898	1.5360022024914567e-27	MIR570
RERG-IT1	2.242522385373886	1.5667923985484306e-27	RERG-IT1
BMS1P4	1.57122006193612	1.5812369494879391e-27	BMS1P4
AC010997.4	-1.3078704333477262	1.5922090436219964e-27	AC010997.4
LINC01011	1.0060881133600847	1.6084303138954852e-27	LINC01011
PEBP1P2	-1.3642226467027776	1.6093886524101919e-27	PEBP1P2
UBTFL10	-4.643729167950945	1.6716513080282027e-27	UBTFL10
MYOZ1	-1.4916382382374234	1.6960972100222935e-27	MYOZ1
AC011346.1	2.0466443954717835	1.7550096055830638e-27	AC011346.1
PCK1	-2.857967541359942	1.7818275753401507e-27	PCK1
MAP3K20-AS1	1.999606821610768	1.7824382883492902e-27	MAP3K20-AS1
AL356094.2	2.141025514535207	1.7843065382240125e-27	AL356094.2
CKAP2LP1	4.060618463142705	1.7922291053865933e-27	CKAP2LP1
AL450998.2	1.8128636410248709	1.8123149319563397e-27	AL450998.2
AC079768.2	2.99428281327879	1.8217154083190785e-27	AC079768.2
PLXNA4	-2.424538757400724	1.843326346752737e-27	PLXNA4
LRRC14B	3.0692411140787086	1.8458528420228076e-27	LRRC14B
AP003352.1	1.406201685013174	1.8521333165042356e-27	AP003352.1
GMNC	-3.55538317703403	1.8593151060248865e-27	GMNC
RNU6-850P	2.146072601617416	1.872625199384255e-27	RNU6-850P
APOO	-1.1622300505969392	1.9257665855855886e-27	APOO
VTCN1	-3.5271169164418645	1.928248978539649e-27	VTCN1
PCDHGB8P	1.995465333343015	1.937775174799396e-27	PCDHGB8P
AL158166.1	1.4795796368481209	1.960535593521583e-27	AL158166.1
AP1G2	1.2246584704131285	1.9674837850871738e-27	AP1G2
AC087284.1	3.072478772989085	1.9900489957060217e-27	AC087284.1
AC068790.3	1.779452194857638	2.011362304121844e-27	AC068790.3
TRIM14	1.0999840468427866	2.0128632501950017e-27	TRIM14
SH2D3C	1.0942601323634569	2.020075474683114e-27	SH2D3C
AL096701.3	1.7188673762269238	2.04688195722518e-27	AL096701.3
GRHL2	-3.796578988151584	2.0499661550349927e-27	GRHL2
AC005519.1	1.8245543020174315	2.068569352209032e-27	AC005519.1
TRBV5-4	2.275174411744436	2.108397358704011e-27	TRBV5-4
AC005865.2	2.1812035148972493	2.115323915317758e-27	AC005865.2
TRAV14DV4	2.4470390846403154	2.1181181103795216e-27	TRAV14DV4
AL035446.1	2.6371501745896984	2.159982322213519e-27	AL035446.1
C1orf116	-2.9173748855364656	2.1828938382524343e-27	C1orf116
AL008730.1	1.9674015697180227	2.1906296871394883e-27	AL008730.1
ANGPTL2	1.423946685012825	2.1906296871394883e-27	ANGPTL2
SLC43A2	-1.0871587372512672	2.2008695457488627e-27	SLC43A2
AL136368.1	1.360493519523702	2.223764524914949e-27	AL136368.1
AC011472.2	1.768210390778754	2.2622733150670368e-27	AC011472.2
GJA8	-3.16157408005622	2.314868533264342e-27	GJA8
RTL4	-2.482200624587038	2.3352129541762744e-27	RTL4
SLC8A1	-1.3917183151068762	2.3499192773475967e-27	SLC8A1
TTC16	1.7115469584636445	2.3627632247843727e-27	TTC16
MSS51	1.4644389936999485	2.43832094088614e-27	MSS51
AC036108.2	2.396017778348855	2.4637390004277856e-27	AC036108.2
ZMAT4	3.470026643756821	2.4876746805369268e-27	ZMAT4
AC007743.1	1.421197281083627	2.5449884762529942e-27	AC007743.1
PNPLA7	1.5529713930730205	2.5656884267329027e-27	PNPLA7
AC091912.3	-2.4102013820092343	2.589963883971889e-27	AC091912.3
AL022322.2	2.0906945877118166	2.6004893209125056e-27	AL022322.2
AC000120.1	2.1691636692688974	2.6016310775002418e-27	AC000120.1
PLA2G4C	1.0187790149694798	2.6016310775002418e-27	PLA2G4C
AL451142.1	-1.8350688804788104	2.602921592992348e-27	AL451142.1
REELD1	2.104146852549292	2.620290815229428e-27	REELD1
PANK1	-1.4832180424218464	2.6571063207945128e-27	PANK1
PODNL1	2.6191877368677297	2.6722548530782933e-27	PODNL1
THBS3-AS1	1.6771520810347562	2.775701633646757e-27	THBS3-AS1
ITM2BP1	2.749479058377724	2.8666412050538286e-27	ITM2BP1
ADGRF1	-4.080533227626485	2.8722062494194743e-27	ADGRF1
SIGLEC14	1.6535806130609287	2.944098910126815e-27	SIGLEC14
CADM3-AS1	2.2490051575308057	2.9470079005024134e-27	CADM3-AS1
FFAR2	1.762098112017858	3.0052656315366568e-27	FFAR2
LINC01767	2.2089433483946825	3.0072190701752784e-27	LINC01767
NODAL	1.6109312432394851	3.067613994991536e-27	NODAL
NLGN3	-1.2751400907658972	3.0970998106944795e-27	NLGN3
AL354743.1	-2.4076027886384685	3.1221999634722022e-27	AL354743.1
AC004890.3	2.210359820337584	3.175650076001813e-27	AC004890.3
DNAH1	1.37500352928966	3.1804592732362428e-27	DNAH1
TCAF2P1	2.03200335747191	3.1818021025339847e-27	TCAF2P1
AC084824.3	1.4406565194324594	3.2045875439290828e-27	AC084824.3
IFI27	1.4725095951285234	3.2369878286369036e-27	IFI27
NPFFR1	2.50557192222965	3.26823690703662e-27	NPFFR1
IGBP1-AS1	1.9556775246469529	3.2964213798941616e-27	IGBP1-AS1
TRBJ1-3	3.374042174010801	3.324209359489819e-27	TRBJ1-3
AC093520.1	3.738965519459891	3.4489711736525955e-27	AC093520.1
RNU1-47P	3.1985651740971583	3.5505773614830184e-27	RNU1-47P
RPL30P7	3.3570416835611447	3.5772310037093216e-27	RPL30P7
LINC02701	-1.6609435290772303	3.592608465925974e-27	LINC02701
LINC02457	3.553097820099788	3.5953755625479745e-27	LINC02457
PNMA8A	-1.8663238601497392	3.609947422478421e-27	PNMA8A
AC138969.1	2.946167418138599	3.642403889686366e-27	AC138969.1
AC092821.3	1.7363343558320796	3.6469310451458526e-27	AC092821.3
LAPTM4B	-1.0521815322500778	3.724326421690814e-27	LAPTM4B
CA1	3.278274152880239	3.747649698867788e-27	CA1
AL021407.2	2.4183753994244563	3.797565894476485e-27	AL021407.2
AC135178.6	1.2235272088622229	3.828119797424202e-27	AC135178.6
AC245884.3	1.831884079436884	3.8522684450840555e-27	AC245884.3
VASH1-AS1	2.0932152453437003	3.9372807480175766e-27	VASH1-AS1
AC131009.3	1.3717118681578484	3.949862446190203e-27	AC131009.3
SPDEF	2.9950640479863724	3.967856614150564e-27	SPDEF
AL021707.7	2.124781930981519	3.982130414921486e-27	AL021707.7
CROCCP3	1.4075398774314536	3.997228583283068e-27	CROCCP3
AC139100.2	1.8414974772384607	4.020870046639275e-27	AC139100.2
AC106865.2	2.6367280159719395	4.040130939461576e-27	AC106865.2
SLC9B2	1.0923263015479123	4.0516744692656335e-27	SLC9B2
NTRK2	-2.078934319611176	4.1352429356590185e-27	NTRK2
AC018695.4	1.7926401385415105	4.189122688104786e-27	AC018695.4
AC127024.4	1.9793208326784597	4.220110102335716e-27	AC127024.4
AL358115.1	2.0364774317744163	4.230294414031749e-27	AL358115.1
PGLYRP2	3.401437557067738	4.298768221001988e-27	PGLYRP2
LINC02097	2.402126468093261	4.3073490679147235e-27	LINC02097
AC004000.1	3.0448801655676183	4.324252206238655e-27	AC004000.1
AC079610.1	-1.2635680868420074	4.378342429006177e-27	AC079610.1
TMEM191A	1.1257010587926766	4.3898359007340775e-27	TMEM191A
CYBA	1.2295888102273698	4.394888509292668e-27	CYBA
AC063965.2	2.305105189168658	4.399987127728987e-27	AC063965.2
DDX11-AS1	1.2147137954381098	4.426591907999923e-27	DDX11-AS1
PALM3	-1.8416914488976028	4.445768488082297e-27	PALM3
AMY2B	1.7278690291690475	4.490876097265105e-27	AMY2B
CHST6	-2.6529589361654	4.507506241748829e-27	CHST6
KCNJ9	-1.6918966781754974	4.5300619099768056e-27	KCNJ9
H2BC13	2.654426138561598	4.542863968393521e-27	H2BC13
FAM3D-AS1	-2.348564471831631	4.65042007261503e-27	FAM3D-AS1
AL731556.1	2.3012200125198143	4.6857261426989484e-27	AL731556.1
AC009495.2	2.3807807269728967	4.7473265426244456e-27	AC009495.2
LINC00106	2.1361457313128858	4.9359930988515316e-27	LINC00106
TCF4	1.1764139967878435	5.0067132709123846e-27	TCF4
AC005332.2	1.5769996825296404	5.104449457058194e-27	AC005332.2
PRKX	-1.0106690438279995	5.136224426695119e-27	PRKX
OR10Q1	4.763717568531732	5.2222681116654025e-27	OR10Q1
CD163	1.8437322047847944	5.222333684208797e-27	CD163
CPVL	-1.3948585432586498	5.2845796736815385e-27	CPVL
CHAT	6.08602971008207	5.332657133289295e-27	CHAT
BX323043.1	2.8068533947057546	5.341066999284058e-27	BX323043.1
AC103810.3	2.0872820055088925	5.359120505970921e-27	AC103810.3
SPDYE5	1.696732792470031	5.361775400308889e-27	SPDYE5
ZNF887P	-1.5905947431848284	5.387596244518624e-27	ZNF887P
AC005899.8	2.2783700643636737	5.477255964553036e-27	AC005899.8
LINC01501	3.5963949227458563	5.8171546844869765e-27	LINC01501
AC002470.1	-1.2713335295389752	5.8604950478397256e-27	AC002470.1
SDHAP1	1.315226658972479	5.8668333515274256e-27	SDHAP1
PMP22	1.0328719054041462	5.8703397064049686e-27	PMP22
RPL36AP43	1.7971584752294492	5.958274777135472e-27	RPL36AP43
MEIS3	1.4591170249185004	6.047268628882703e-27	MEIS3
SEMA3G	-1.625291230947422	6.1739215208602336e-27	SEMA3G
AC026471.4	1.2176098600948102	6.429299807090045e-27	AC026471.4
AC010976.1	1.6552550567523017	6.517416144072166e-27	AC010976.1
PURPL	3.077229217359722	6.588039824289866e-27	PURPL
AC025449.1	1.083885748304332	6.630842777575705e-27	AC025449.1
AC027607.1	1.5964882214702178	6.7064437138357e-27	AC027607.1
AC007216.1	3.054270529717622	6.710785960434063e-27	AC007216.1
KAT2A	1.1599727324571971	6.733793091648165e-27	KAT2A
SLC12A5-AS1	3.136081649868736	6.90596175526811e-27	SLC12A5-AS1
AC099482.1	-3.184701355785775	7.032500433728952e-27	AC099482.1
EGLN3-AS1	4.229419669919473	7.145643196916726e-27	EGLN3-AS1
AC107071.1	1.6107489471497551	7.194252673308063e-27	AC107071.1
CTRC	3.0672568514317806	7.235429199742958e-27	CTRC
AC091390.2	1.7530901538018495	7.617200418938924e-27	AC091390.2
AC105105.2	4.285755762875327	7.683428515622412e-27	AC105105.2
CCDC116	1.686367214616689	7.765844077782611e-27	CCDC116
LINC01138	1.2727199033401648	8.045488443648456e-27	LINC01138
TRBJ2-3	3.063613480840008	8.118293064740747e-27	TRBJ2-3
ANKRD33	3.220339987288309	8.15546595146865e-27	ANKRD33
MPP2	-1.9432273201463977	8.156766375104374e-27	MPP2
AL031658.1	1.9026525246565185	8.33648388677624e-27	AL031658.1
HPSE2	-2.3788649670459425	8.339112266723307e-27	HPSE2
TRGV3	1.7105162410418524	8.537766534900612e-27	TRGV3
SLC2A7	2.315442064749029	8.605726928792117e-27	SLC2A7
TMEM156	1.4256770981305575	8.637643442599505e-27	TMEM156
AL121761.1	-1.446921579333574	8.666876430618231e-27	AL121761.1
AC011466.3	2.726724035289676	8.744403495471885e-27	AC011466.3
IL18R1	1.2570082430281395	8.828358154502922e-27	IL18R1
CACNB1	1.3013640063343856	8.91013288458576e-27	CACNB1
CALML4	2.1849838222786016	9.413176880425476e-27	CALML4
FOLR3	-3.2688312847192056	9.611464214230959e-27	FOLR3
SPATA21	3.0955342085357858	9.720293996208012e-27	SPATA21
AL035447.1	2.9888851035625894	9.735420086667137e-27	AL035447.1
AC244472.1	3.435236827001668	9.780514895065831e-27	AC244472.1
CDC42-AS1	1.6097933401254083	9.780514895065831e-27	CDC42-AS1
EPS8L3	3.5783394212812616	9.782784938793092e-27	EPS8L3
AC087741.1	1.8282365918956052	9.827214630944636e-27	AC087741.1
AFF3	1.459859280502859	1.0120941912110942e-26	AFF3
TMED2-DT	1.5610356664965588	1.0501604485251607e-26	TMED2-DT
BX842242.1	1.7728639446773815	1.0575773356527431e-26	BX842242.1
AC007953.1	2.4024007378825347	1.0629092711281735e-26	AC007953.1
BMP8A	1.5318773852734946	1.0756326493619171e-26	BMP8A
SNORA71B	2.257994485821805	1.088859635317686e-26	SNORA71B
ZNF320	1.0754415710373115	1.0946686911407384e-26	ZNF320
KC877373.1	2.3473197942912365	1.1233331878382513e-26	KC877373.1
TCEAL6	-3.2165796647203027	1.1371218268185608e-26	TCEAL6
AP001893.3	3.393460246098062	1.166222287614744e-26	AP001893.3
ERVFRD-1	-1.963990090965331	1.1685429202287051e-26	ERVFRD-1
LINC02499	-3.6721143061618	1.1992853216433192e-26	LINC02499
IGFN1	4.125856295569911	1.2100928234352431e-26	IGFN1
LIMS1-AS1	2.2401542818132145	1.211263823831142e-26	LIMS1-AS1
GPR85	1.5025027827089643	1.240508221141922e-26	GPR85
MPPED2-AS1	-3.9735411160966794	1.3090036143005934e-26	MPPED2-AS1
AP003392.2	1.7305002139852568	1.317546432998387e-26	AP003392.2
AC009120.1	1.6502070180912034	1.3231794267115942e-26	AC009120.1
FGF20	2.096356343324945	1.3251523639739232e-26	FGF20
AC093797.1	1.653775606182605	1.3623084631452795e-26	AC093797.1
AC005154.2	1.5877149066653926	1.3656391529788646e-26	AC005154.2
AC012368.1	1.5513515204603323	1.372155834350711e-26	AC012368.1
LYL1	1.100078613415321	1.377574792149951e-26	LYL1
HCN3	1.1926676387259532	1.3893325438350012e-26	HCN3
SAPCD1-AS1	-1.3973159254540517	1.393824633462414e-26	SAPCD1-AS1
AC090971.3	1.802176901503238	1.4220796148775342e-26	AC090971.3
AC140125.2	2.8496850096935518	1.423244203624848e-26	AC140125.2
RNU1-14P	2.3295648723118867	1.4466787713154733e-26	RNU1-14P
MOXD1	-2.275270568924876	1.4522584110232003e-26	MOXD1
AC127496.5	1.461594798927326	1.4542647619224964e-26	AC127496.5
GAPDHP70	1.656069695568018	1.51523180116262e-26	GAPDHP70
PRSS30P	1.5514048723768203	1.5168263975446894e-26	PRSS30P
DNASE1	-2.221405419348291	1.5185332005920205e-26	DNASE1
HAVCR2	1.819345520731484	1.531182749446045e-26	HAVCR2
AL121772.1	2.09028451161558	1.5374366147854356e-26	AL121772.1
DIRAS3	-1.856430489928727	1.5389243271862452e-26	DIRAS3
AC104237.2	-4.351692309662933	1.5521294477410047e-26	AC104237.2
CRISP2	-4.765104012108213	1.5634598432273008e-26	CRISP2
ORC6	1.351074599860354	1.5949230685457354e-26	ORC6
LINC02605	1.6262459206586222	1.6139529571535266e-26	LINC02605
AC005912.1	1.6582445679698286	1.6247766447473374e-26	AC005912.1
MACROH2A2	-1.1087420600682296	1.6617929245018704e-26	MACROH2A2
AC004816.1	-1.8342938896912375	1.6707315673206542e-26	AC004816.1
AC022137.3	1.9558478873706835	1.689971471065125e-26	AC022137.3
AC009185.1	-1.7337401066416067	1.7411672557370782e-26	AC009185.1
FAM9C	2.122753771515469	1.8007380602312514e-26	FAM9C
AC006547.1	1.5748048056852746	1.8284520276549119e-26	AC006547.1
CCDC180	1.72029013315881	1.835410815610423e-26	CCDC180
KCNK3	2.162519525115292	1.8440450055558334e-26	KCNK3
AC005899.1	2.70276221400186	1.8786176434586463e-26	AC005899.1
AC046143.1	1.130510481946626	2.0259195966282914e-26	AC046143.1
AC136601.1	4.326063447801969	2.099138303411922e-26	AC136601.1
AC100830.2	1.948358766809137	2.1088490305741e-26	AC100830.2
TRAV8-3	2.069667742783877	2.122393607207893e-26	TRAV8-3
SGSM3	1.5087097442999045	2.1443247659835763e-26	SGSM3
SYTL3	1.1638622012445632	2.154809417973628e-26	SYTL3
EBF3	1.6708589180588975	2.178326319623136e-26	EBF3
PIK3R2	2.2223343682689176	2.2128958542814046e-26	PIK3R2
SCARNA6	2.79351302164046	2.4177054543448423e-26	SCARNA6
KCNQ5	1.8563041510496707	2.439692237335238e-26	KCNQ5
BMX	1.4966213889569004	2.4561978923013243e-26	BMX
SIM1	-3.0622903226093974	2.4656678810511484e-26	SIM1
SLC7A13	-5.004035559500077	2.466910633968497e-26	SLC7A13
FAAHP1	1.867451202563193	2.4772835527177202e-26	FAAHP1
C15orf56	-3.085386200911153	2.5136648125953206e-26	C15orf56
AC011472.1	1.5519022550152517	2.5599381857747566e-26	AC011472.1
RASL12	1.2350494781264445	2.568260083978742e-26	RASL12
PRSS37	2.473359685266885	2.570566937331308e-26	PRSS37
ADGRG2	2.5431275904770283	2.586976791431147e-26	ADGRG2
L3MBTL1	1.4520554532142922	2.590864567655416e-26	L3MBTL1
NCOA7	-1.1661228328444933	2.612787425633883e-26	NCOA7
INTS4P1	2.0831060834029733	2.6546486811657597e-26	INTS4P1
AL450326.2	2.114006178233904	2.695560096838427e-26	AL450326.2
PRSS36	1.0795406378924153	2.746898982794281e-26	PRSS36
SERPINE1	2.2523570552641483	2.7846824804458173e-26	SERPINE1
VPS9D1-AS1	1.8752541271126448	2.836088946386401e-26	VPS9D1-AS1
AC073336.1	-7.790590055451213	2.864136845404621e-26	AC073336.1
KCNH4	1.6208127066844855	2.885351768838466e-26	KCNH4
HECW2	1.4242103483581297	2.90762926626457e-26	HECW2
AL031963.2	1.9872699251602963	2.9237585746285623e-26	AL031963.2
HOXA7	-1.5381137542164964	2.943240244058927e-26	HOXA7
KLRC4-KLRK1	2.518337157051815	2.968517383348241e-26	KLRC4-KLRK1
STRC	3.2191650794012534	2.9736089821955705e-26	STRC
AL022311.1	1.4536299928240282	2.9736089821955705e-26	AL022311.1
GRPEL2-AS1	2.739573056225697	2.9737244066522163e-26	GRPEL2-AS1
PLGLA	-5.13882420331008	2.99862879465166e-26	PLGLA
LINC02826	2.524821381310525	3.0254120325333423e-26	LINC02826
U47924.3	2.0994854955763884	3.056307888242314e-26	U47924.3
AC016769.1	3.5971776777816715	3.0608360889285083e-26	AC016769.1
AC092375.2	1.8989777943541024	3.09033132124576e-26	AC092375.2
AC246787.1	1.4660390104369674	3.234778406591187e-26	AC246787.1
U95743.1	2.459059459115464	3.249398247646441e-26	U95743.1
AC138409.2	1.510833133574937	3.3047113986831977e-26	AC138409.2
LINC00987	1.0748027167406915	3.3322170634814723e-26	LINC00987
B4GALNT3	-2.230506427099248	3.3480809305034874e-26	B4GALNT3
AC090607.2	1.5353484828036956	3.375499396144563e-26	AC090607.2
ZPBP	-2.9287909217717254	3.376005948034821e-26	ZPBP
AC115284.2	-1.754867427707597	3.3979223655205327e-26	AC115284.2
PLAUR	1.552650510483583	3.4197869897190314e-26	PLAUR
SH2D4A	-1.1706721127694135	3.4410500440383037e-26	SH2D4A
AC008119.1	1.6304513713849516	3.467049253184922e-26	AC008119.1
WDR49	-2.1389316680448767	3.471988785295318e-26	WDR49
AC007731.1	1.4465968802557718	3.487235530166991e-26	AC007731.1
AL022323.3	1.8122847015467023	3.5520025893271947e-26	AL022323.3
ADCY2	2.5813247598190423	3.560143665339421e-26	ADCY2
GPR183	1.4497974214945633	3.570066138490717e-26	GPR183
MATR3	1.593342091796691	3.5717376472495877e-26	MATR3
HMGN1P13	4.048184294275719	3.5747782819183e-26	HMGN1P13
MSI2	-1.0368971567722896	3.606500987689296e-26	MSI2
AC007216.3	2.087783783590337	3.6321841029952365e-26	AC007216.3
AC004034.1	2.240970780875905	3.6477912033252143e-26	AC004034.1
CREB3L3	2.6940119969823817	3.6829358697392006e-26	CREB3L3
CRYBB2	1.8373391445433105	3.696379447864008e-26	CRYBB2
AC127502.1	1.209737776870787	3.697833139652593e-26	AC127502.1
LINC01606	-4.45067638502789	3.778083500494741e-26	LINC01606
AL158834.2	1.914670687556171	3.873831690098662e-26	AL158834.2
FOXF1	1.371053502798406	3.890167775574048e-26	FOXF1
CA15P1	2.165245559663604	3.9436622019429537e-26	CA15P1
AC007387.2	4.148164282302276	3.968117782770093e-26	AC007387.2
AL590822.1	3.1040670673527098	3.9780363917948356e-26	AL590822.1
CACTIN-AS1	1.5026943394724246	3.979465775068388e-26	CACTIN-AS1
SHOX2	2.391750875585412	4.117599427303802e-26	SHOX2
EGFL8	1.836789975113777	4.232159671723789e-26	EGFL8
PDCL3P5	1.6148977303507444	4.342040695335743e-26	PDCL3P5
AC069368.2	2.539213190494575	4.350582775463961e-26	AC069368.2
MEIG1	-1.2805826674240206	4.5183711892833175e-26	MEIG1
AL353801.2	-1.7516622189685402	4.539288047360353e-26	AL353801.2
AC244093.5	2.1162892906934623	4.562663009986562e-26	AC244093.5
AP002812.5	2.3447842613749854	4.564541962943211e-26	AP002812.5
CALB2	2.292163604800831	4.6368726842045966e-26	CALB2
AC141557.1	2.3194651402370248	4.682678956712531e-26	AC141557.1
HS3ST6	-4.029371126327734	4.686840428902796e-26	HS3ST6
AP006621.2	1.9811816419756496	4.7873287154734647e-26	AP006621.2
AC124014.1	2.728094742794212	4.796769897747873e-26	AC124014.1
ARHGAP4	1.0894817541703368	4.8561977958132925e-26	ARHGAP4
WNT7A	-2.9912484226640403	4.857019955669333e-26	WNT7A
LINC01649	-2.324408654078736	4.872532863630187e-26	LINC01649
RPL21P13	3.410375465658127	4.921336206488575e-26	RPL21P13
ZP3	1.514117629131672	4.933364215051457e-26	ZP3
AL033397.2	2.0721895889720106	4.975134436821386e-26	AL033397.2
TRBV18	2.3384662976683424	5.0839059747227175e-26	TRBV18
SEPTIN4	1.182235166901477	5.089497687143757e-26	SEPTIN4
ELOVL2-AS1	3.349324695680507	5.116237611090982e-26	ELOVL2-AS1
LINC02363	2.1140353961693203	5.140731884081294e-26	LINC02363
AC100830.1	1.779527884707334	5.214766099232567e-26	AC100830.1
TMC3-AS1	1.6309646026621134	5.344800856131834e-26	TMC3-AS1
AL078604.4	2.7651060435734376	5.490442682340447e-26	AL078604.4
L1CAM	-3.1808740452717976	5.510436095696619e-26	L1CAM
CFAP73	-1.7371086065081138	5.515469693501748e-26	CFAP73
KIAA0408	2.7890244386231213	5.606258703686461e-26	KIAA0408
AC010327.8	1.9205775053819083	5.627823021171973e-26	AC010327.8
PLCZ1	-2.4614525499417046	5.704119389069805e-26	PLCZ1
AC105339.2	2.0468774320475176	5.730437038470614e-26	AC105339.2
AL133476.1	1.905295083959581	5.745945118070294e-26	AL133476.1
GSDMC	3.3090477398142766	5.763180656466651e-26	GSDMC
GEMIN8P4	-1.0058507467443087	5.89800840585538e-26	GEMIN8P4
AC012181.1	1.619597519125765	5.952577486150396e-26	AC012181.1
AC073621.1	1.9919902954994868	6.040120993184176e-26	AC073621.1
AL603839.4	2.1139230772375592	6.057418448716208e-26	AL603839.4
LINC01968	-2.902820380615117	6.069754229979423e-26	LINC01968
AC107959.3	1.720292849922475	6.080232913967887e-26	AC107959.3
AC002542.6	2.600894857385596	6.120425621149723e-26	AC002542.6
GAPDHP40	1.3578119253898004	6.201677736894635e-26	GAPDHP40
CADM3	2.955329609084872	6.402297818957677e-26	CADM3
LINC02067	3.360749788427248	6.508467894218076e-26	LINC02067
GSC	1.9043780134946573	6.66327993274186e-26	GSC
AC009974.1	1.84299203482764	6.670025618201314e-26	AC009974.1
FOXN1	-2.545778718670237	6.713225528299209e-26	FOXN1
SNORA73B	2.544528459218782	6.791431709077388e-26	SNORA73B
SLC25A4	-1.1257984713061615	6.887087963051589e-26	SLC25A4
TTC29	-2.4135647132482583	6.899549662590629e-26	TTC29
GABRG3	-2.955638358980317	7.139493544370207e-26	GABRG3
DTX2P1-UPK3BP1-PMS2P11	2.0868713833568884	7.160163214142511e-26	DTX2P1-UPK3BP1-PMS2P11
FSIP2-AS1	2.120901467475322	7.267169760167041e-26	FSIP2-AS1
LINC02511	3.5242914274776784	7.342027297988294e-26	LINC02511
USP2	-1.8593267706366368	7.405143544546884e-26	USP2
NOVA2	1.1614455292873196	7.604801409324939e-26	NOVA2
AC010883.1	1.6424124272188392	7.721152844598962e-26	AC010883.1
IGFBP1	3.637946016184429	7.735589472966351e-26	IGFBP1
MSRA	-1.2891925240759523	8.269261908481435e-26	MSRA
AP000873.4	1.7924903183428806	8.346508961697079e-26	AP000873.4
AP001885.3	2.179810231875185	8.570459687471194e-26	AP001885.3
AC127024.8	2.522342263967215	8.570459687471194e-26	AC127024.8
OR4D1	-1.832704858487814	8.695973157614611e-26	OR4D1
CARMN	1.9548624612253904	8.772308516527721e-26	CARMN
DLEU7	1.4642286444293482	8.803852279009724e-26	DLEU7
CHI3L2	2.293878993251841	9.094078989817936e-26	CHI3L2
AC015922.2	-1.111170115434264	9.196284252853844e-26	AC015922.2
SHMT1	-1.0930094405064692	9.366331869171336e-26	SHMT1
RHOXF1P1	3.825791980265779	9.390859096144982e-26	RHOXF1P1
TPD52L1	-1.6806516401387288	9.489382774637858e-26	TPD52L1
FHL1	1.708942090339478	9.6747060588715e-26	FHL1
AC005785.2	1.963511339663237	9.699239254478814e-26	AC005785.2
VCAN-AS1	2.9829225049308707	9.729669397907048e-26	VCAN-AS1
TEDC1	1.2372385843504587	9.756767039819656e-26	TEDC1
AC079922.1	1.7177296929528147	9.788945769081224e-26	AC079922.1
AL662884.5	1.6155398715438716	9.885269509413812e-26	AL662884.5
PAIP1P1	1.745319590367953	9.994753750727998e-26	PAIP1P1
AP001029.1	3.3060992828465694	1.0021416684024024e-25	AP001029.1
FAM180A	-2.319750339918464	1.0114772305495696e-25	FAM180A
RHOQ-AS1	1.8498793013936397	1.0216408615851611e-25	RHOQ-AS1
DGAT2L7P	3.609123557448738	1.0255653705812368e-25	DGAT2L7P
TTN	1.425371237228882	1.0280713874802495e-25	TTN
LRFN1	1.1348115376715997	1.0281691214360372e-25	LRFN1
AL831711.1	1.1355062708077823	1.0731315668047985e-25	AL831711.1
SNHG5	1.0848262725509572	1.0741534404537698e-25	SNHG5
SKOR1	1.2293309555283938	1.0789534986044246e-25	SKOR1
FBLN5	-1.7258473577051916	1.0870115955907809e-25	FBLN5
AC011479.2	2.27875750542021	1.0888774883326677e-25	AC011479.2
VCAN	1.8501796799208865	1.091110650967142e-25	VCAN
ZBTB12BP	1.908981719125577	1.0996489520532589e-25	ZBTB12BP
PSAT1	-2.4990312514867243	1.1052516909921065e-25	PSAT1
CALM2P2	1.4278729565994	1.1210291109977622e-25	CALM2P2
JMJD7-PLA2G4B	1.576127308461068	1.131393025441256e-25	JMJD7-PLA2G4B
SMIM35	-1.6379800187597602	1.1365859161926158e-25	SMIM35
AC092125.2	4.108617527833862	1.1643316656646504e-25	AC092125.2
TFCP2L1	-3.1734496786791286	1.1723897809008028e-25	TFCP2L1
CHAC1	-1.9118463821208649	1.234926476372592e-25	CHAC1
LINC00544	3.535274231332507	1.277100255050959e-25	LINC00544
ELAVL4	1.7134477885870183	1.2912742769300275e-25	ELAVL4
AC099552.1	-4.12472144780419	1.2912742769300275e-25	AC099552.1
C7orf61	2.149219022544221	1.3072548246458814e-25	C7orf61
AC067852.5	-1.2331931591762073	1.3123690804737945e-25	AC067852.5
AL139351.1	2.8478809781472507	1.3129303161152573e-25	AL139351.1
STX16-NPEPL1	1.922505319042144	1.3135200430182092e-25	STX16-NPEPL1
TRAV25	2.687259033031697	1.3181937910172818e-25	TRAV25
AC016949.1	1.840050555997362	1.333525932947112e-25	AC016949.1
FOXS1	1.5950195597177688	1.3470979441103703e-25	FOXS1
LINC02343	-4.732647874310075	1.369460118454769e-25	LINC02343
IL17RE	-1.4287447004682068	1.3798649568293768e-25	IL17RE
C16orf89	-2.856090169446875	1.382677359500211e-25	C16orf89
RPL17P15	-1.9270763551172323	1.3940158027530245e-25	RPL17P15
SMIM23	3.6789311326580494	1.4646651671758632e-25	SMIM23
AC046185.3	1.125636238952975	1.4690146374319526e-25	AC046185.3
CCNF	1.0184349033797762	1.4746057852050067e-25	CCNF
SPHK1	1.676080053230902	1.477013883557183e-25	SPHK1
SLC39A4	-1.540012971619837	1.4903989509351808e-25	SLC39A4
TP53I11	1.069106462307854	1.4971626229408486e-25	TP53I11
SLC30A8	-3.333853567125411	1.559844968897936e-25	SLC30A8
RN7SL172P	2.8379114518782345	1.5822623560951902e-25	RN7SL172P
AC084824.5	1.2885883284751325	1.5906765186289038e-25	AC084824.5
AC138956.2	1.6152298728987344	1.609252333446825e-25	AC138956.2
AC068205.2	1.5759401601550074	1.6094542677260902e-25	AC068205.2
POLR2J4	1.4039811053987774	1.6118236491933029e-25	POLR2J4
ZNF826P	1.553655892942984	1.614846610570446e-25	ZNF826P
AP001636.1	2.331367579550439	1.614846610570446e-25	AP001636.1
NALT1	2.0456126401153347	1.616837002170908e-25	NALT1
MGAM2	2.078875817691974	1.6198463235948928e-25	MGAM2
MESTIT1	-2.517671840324013	1.645578019713148e-25	MESTIT1
AP003392.1	1.6608189642927926	1.670509146314875e-25	AP003392.1
CTSE	2.890142077280591	1.6894692074183805e-25	CTSE
BLNK	-1.208703791766092	1.7174113982805605e-25	BLNK
SMOX	1.1156191064568342	1.7178771222072254e-25	SMOX
CAMK2N2	2.025231248534151	1.7216661027386283e-25	CAMK2N2
AL021707.8	1.8886769121278493	1.7436202697473185e-25	AL021707.8
KRT40	-3.32826272862586	1.7606577864783897e-25	KRT40
C21orf62	-2.252705880652929	1.778007513237958e-25	C21orf62
POU2F3	-2.113416619091537	1.838906441776174e-25	POU2F3
SHC3	-1.5520405867275853	1.8749743700522745e-25	SHC3
NEURL1B	1.1062699810761818	1.8785247307747064e-25	NEURL1B
ACBD7	-1.387317006011706	1.892931169874924e-25	ACBD7
AL845331.1	-1.844808674371579	1.963236267761235e-25	AL845331.1
AP000695.3	2.497031219418665	1.9678131392185208e-25	AP000695.3
CASC19	1.8917311650111208	2.0202927656426695e-25	CASC19
CLEC12A-AS1	2.6377955684495307	2.020939001895371e-25	CLEC12A-AS1
KRT8P46	1.3156255345549115	2.0249783655713017e-25	KRT8P46
RSL24D1P11	2.8124702050250665	2.091709372007033e-25	RSL24D1P11
CACNA1C-AS1	1.8738553550346009	2.093547683902302e-25	CACNA1C-AS1
TMPRSS2	-3.6105055716730448	2.1276345965987477e-25	TMPRSS2
AC044781.1	3.8513111415654016	2.1518890418216206e-25	AC044781.1
TRDV2	3.3714582209540755	2.153058994088224e-25	TRDV2
GRAP	1.078570991587531	2.1660777172373496e-25	GRAP
AL160272.1	1.4523392751290616	2.1818551612093685e-25	AL160272.1
DHRS4	-1.0512745142472222	2.25909613298073e-25	DHRS4
OVOL2	-3.4949148665832284	2.285306628931182e-25	OVOL2
LINC02012	-2.2187152870048186	2.3083958261716806e-25	LINC02012
KCNMB2-AS1	2.4488138400384227	2.3159872309124166e-25	KCNMB2-AS1
ANKRD36C	1.6424320880293763	2.346180776732295e-25	ANKRD36C
SH3BGRL3	1.101634799073769	2.3672051722161967e-25	SH3BGRL3
AC074124.1	2.7332756163288057	2.377065760715888e-25	AC074124.1
OSM	1.888935179020075	2.386227428356782e-25	OSM
ELF2P1	2.5903609565596057	2.3993101235311475e-25	ELF2P1
LINC02195	3.621257055417563	2.4764832421604117e-25	LINC02195
LINC01886	2.295946049302696	2.481029174059894e-25	LINC01886
LRIT2	4.048862326400071	2.5005422319453358e-25	LRIT2
AC087623.2	-1.075869990881322	2.502132514483524e-25	AC087623.2
GP9	2.3598330884079464	2.50952806453182e-25	GP9
FGF10	-3.021985642249806	2.634613871886517e-25	FGF10
AC020978.3	2.0051086550413078	2.7114041056951547e-25	AC020978.3
AL137026.1	2.754467129819585	2.7327670735262954e-25	AL137026.1
AC087627.1	2.5156520533170665	2.7446233431294977e-25	AC087627.1
TAFA1	-1.3658712652659477	2.769799423749202e-25	TAFA1
AC005899.6	1.7637991890335647	2.771732502880808e-25	AC005899.6
IRAG2	1.240740053674753	2.808118456498505e-25	IRAG2
AC068492.1	4.567569990687584	2.820194956059596e-25	AC068492.1
AL021407.1	2.937978576148245	2.8806533657855467e-25	AL021407.1
AC243829.2	4.122690584195318	2.8983172407689507e-25	AC243829.2
CLN3	1.3579196836076382	2.9186057681844512e-25	CLN3
ATP1A3	2.58480207501484	2.9540724178275245e-25	ATP1A3
AL008582.1	2.029281285364565	3.003096737311731e-25	AL008582.1
AC010457.1	2.3257226592476985	3.10888980431356e-25	AC010457.1
BCO1	1.575070446340239	3.1180033454761977e-25	BCO1
LINC01829	1.253269257955138	3.1737648378979324e-25	LINC01829
AC008897.1	1.5286390294240295	3.2823524882336207e-25	AC008897.1
AP000867.5	2.7551521990907437	3.354383212537353e-25	AP000867.5
STRADA	1.2159831202885494	3.364589366701149e-25	STRADA
STYK1	-1.7378693264539449	3.3691526491625063e-25	STYK1
LGALS4	3.5269610987055486	3.3837441619918897e-25	LGALS4
LDHAP3	1.7941148391141852	3.476401321437554e-25	LDHAP3
PLEKHD1	-2.488328732283116	3.5450867055887566e-25	PLEKHD1
PLEKHG7	-1.6356175961616648	3.546823280625838e-25	PLEKHG7
PDE2A-AS2	1.8325045709878895	3.565761064271228e-25	PDE2A-AS2
P2RY2	-1.4669979169919607	3.6297707041687757e-25	P2RY2
FAM72D	1.792589076244872	3.687217913675171e-25	FAM72D
TSPYL2	1.174757035577146	3.7474309203756655e-25	TSPYL2
AC119674.1	1.811350487981978	3.778988793878079e-25	AC119674.1
AC104534.1	1.861912710667084	3.785354344368904e-25	AC104534.1
AC011297.1	-3.6296237538479343	3.808708285128209e-25	AC011297.1
AC116407.3	1.948744963585799	3.809272275091423e-25	AC116407.3
AL355388.1	1.772399419577772	3.859774822279003e-25	AL355388.1
SEC14L3	4.005153300276638	3.869265509219737e-25	SEC14L3
SYNGR1	-1.352663407066303	3.8778784969594658e-25	SYNGR1
A2MP1	1.5870858999023316	3.9086898384842807e-25	A2MP1
FOXP3	1.744656604087064	3.9590117557695183e-25	FOXP3
FGFR2	-1.283939905892101	4.0034304214296567e-25	FGFR2
IGFALS	-1.7339499221150705	4.03569066756704e-25	IGFALS
PABPC4L	1.2522361877193036	4.0376132900812367e-25	PABPC4L
EPYC	3.6843351683178978	4.05815982317345e-25	EPYC
AC004593.2	-2.3735411972000144	4.05815982317345e-25	AC004593.2
HERC2P2	1.6965034505012329	4.072990047055048e-25	HERC2P2
CHDH	-1.3303062113456128	4.238131134653517e-25	CHDH
SH3BP5-AS1	1.4254247929160582	4.297452319547405e-25	SH3BP5-AS1
CD68	2.0171689435926963	4.3342079151282325e-25	CD68
AC104837.2	2.952379127103445	4.372361562852798e-25	AC104837.2
TRBJ2-1	2.731314126149115	4.386450123216565e-25	TRBJ2-1
AC010618.2	2.0762828710249237	4.4297046964948705e-25	AC010618.2
BSPRY	-2.0905724822546388	4.4476836302329905e-25	BSPRY
THSD7A	-1.6693233176486275	4.5281498571713e-25	THSD7A
ILK	1.2652236464425988	4.612635507461489e-25	ILK
CALML3-AS1	-2.285135519802025	4.73706430339029e-25	CALML3-AS1
AL356652.1	3.622707740432004	4.782910462064598e-25	AL356652.1
TSSC2	1.4565753735123463	4.851161788667984e-25	TSSC2
AL031727.1	1.475556360443559	5.00010900142297e-25	AL031727.1
AC114730.3	2.244451784955697	5.00010900142297e-25	AC114730.3
CEBPB	1.4002795857098278	5.130713851107794e-25	CEBPB
AC138409.1	2.135317927901618	5.229176929897753e-25	AC138409.1
AL157931.1	2.5671284023674987	5.264638308571105e-25	AL157931.1
AL589993.1	1.879439718382188	5.309188617824216e-25	AL589993.1
SYPL2	-1.3309914968103458	5.3894426331944405e-25	SYPL2
TRBV12-3	2.4657017183597114	5.566257651360224e-25	TRBV12-3
AC018755.4	1.5979761038671565	5.642489137370635e-25	AC018755.4
GDF7	-1.5337670355097195	5.796480348657375e-25	GDF7
AP000445.1	1.929401914505315	5.8092902705967245e-25	AP000445.1
LINC02724	1.2651053902817064	5.846367154521082e-25	LINC02724
AC004890.2	1.775477321199778	5.886180076788134e-25	AC004890.2
GAS2L1P2	-2.590948225006594	5.9047292562426125e-25	GAS2L1P2
GUSBP11	1.557214651463607	5.990789140276068e-25	GUSBP11
STAG3	1.187432067340093	5.998204105422148e-25	STAG3
AC108134.3	1.459464645074099	6.108420516732469e-25	AC108134.3
AC093001.1	5.721641190024434	6.294577605946216e-25	AC093001.1
AC009119.2	2.236446456383668	6.302122746700721e-25	AC009119.2
EDNRA	1.2355970386648925	6.473189834057089e-25	EDNRA
PRR22	1.390818288594632	6.495892492307197e-25	PRR22
AC007938.1	-2.464731791007676	6.790214569542239e-25	AC007938.1
CDH13	1.4737965588246504	6.804612251546343e-25	CDH13
IFI44L	1.3984480787236264	6.955975293105902e-25	IFI44L
SHC2	1.316003167290054	7.0167585101297655e-25	SHC2
AL133371.3	2.462207980482992	7.075593256486682e-25	AL133371.3
ZNF726	-1.4129155210327171	7.089683110055357e-25	ZNF726
ANTXRLP1	2.528081785082052	7.096164915580585e-25	ANTXRLP1
DOC2B	-1.2934635978436948	7.130186576450613e-25	DOC2B
AC020916.1	1.909245252941546	7.275977626000031e-25	AC020916.1
AC021087.5	1.918039099639425	7.301097802665534e-25	AC021087.5
SAA2	3.864687396778834	7.413070909275419e-25	SAA2
AL139287.1	1.3328701487644825	7.476449697120122e-25	AL139287.1
TMSB15B	1.4158327728026827	7.672075022967234e-25	TMSB15B
AC008737.1	2.2203667391114204	7.875170777156561e-25	AC008737.1
AC092053.5	1.978813034059884	7.928014273184877e-25	AC092053.5
WDR27	1.3481624177474203	8.159533331582826e-25	WDR27
CETP	1.2655311974780188	8.2537781815833485e-25	CETP
AL031709.1	1.902629585456808	8.27943864693902e-25	AL031709.1
NAPSB	1.679092123082511	8.403924582762649e-25	NAPSB
CRLF2	2.315304047223353	8.450605260387505e-25	CRLF2
EVC	-1.211423200827627	8.479428208161699e-25	EVC
POU5F2	2.367416331431768	8.778534470034845e-25	POU5F2
AC138028.4	1.7938976899756711	8.80041001583894e-25	AC138028.4
TTYH2	1.0756100662982953	8.925332576638095e-25	TTYH2
LINC02367	2.0407569923250013	8.975609373314995e-25	LINC02367
RNU1-67P	3.719125047607292	9.103604140937242e-25	RNU1-67P
VIP	2.080168881397785	9.120754950618271e-25	VIP
AC091946.1	4.409539266938728	9.344682379691123e-25	AC091946.1
AP002907.1	1.7086744643869147	9.36555396703635e-25	AP002907.1
RN7SL81P	2.0611391966275523	9.567627226966192e-25	RN7SL81P
IRF4	1.982136631645022	9.585511219100076e-25	IRF4
SRSF9P1	1.493397281167416	9.618509420041903e-25	SRSF9P1
ATP6V1G2	-1.1383031886710973	9.618509420041903e-25	ATP6V1G2
Z99916.1	2.470183386404879	9.627938207685732e-25	Z99916.1
FUT3	-2.3065677986659665	9.893678859225859e-25	FUT3
MPEG1	1.2887688274764246	1.0167461687507867e-24	MPEG1
AL627443.3	-3.0290325624997574	1.0258852753625482e-24	AL627443.3
LHX1-DT	-3.9951418408000743	1.0594691554950088e-24	LHX1-DT
MTNR1A	-3.0418450446061853	1.0639773941142368e-24	MTNR1A
DCN	-2.534534603067253	1.064345368542595e-24	DCN
AL157388.1	1.574953539544144	1.0712129370715027e-24	AL157388.1
RNA5SP498	3.2380580114474182	1.073693171382412e-24	RNA5SP498
LINC01700	3.52518776256339	1.0967071968499724e-24	LINC01700
AC007036.5	-1.9042469484572784	1.1168508755347052e-24	AC007036.5
AC093270.1	-2.315737700820188	1.1294223293464353e-24	AC093270.1
MEX3B	1.180534724273868	1.1333637763160126e-24	MEX3B
SNORC	1.7670766535283169	1.1343209383868031e-24	SNORC
AGAP6	1.7675878075468323	1.14524208361496e-24	AGAP6
NME2	1.2948592160384875	1.14524208361496e-24	NME2
RPL35	1.1113396304396093	1.1597954102182163e-24	RPL35
AL138930.1	3.42829457463999	1.192487896523264e-24	AL138930.1
MRPL37P1	2.5827538185558607	1.1929790992139958e-24	MRPL37P1
AKAP5	-1.3375399591826571	1.1975762201247195e-24	AKAP5
RPS15	1.0083846960056202	1.207897376634489e-24	RPS15
NCS1	-1.210893156542692	1.2156208756980775e-24	NCS1
SEC14L1P1	1.0037869657377756	1.218528644412821e-24	SEC14L1P1
AL031595.1	3.4866234060054957	1.2214339781439904e-24	AL031595.1
AL591506.1	-2.7759075530791217	1.2274890148622175e-24	AL591506.1
BX284613.2	1.6275402179414056	1.2375379517470948e-24	BX284613.2
RCN3	1.4865666053254705	1.2400370700972115e-24	RCN3
AC006262.2	5.069540486536655	1.2768929248612083e-24	AC006262.2
AC027601.2	1.53405527658587	1.2842719709332206e-24	AC027601.2
TIMD4	1.7610456587454892	1.2911622100032479e-24	TIMD4
LINC02019	1.224930262221241	1.2951762876429138e-24	LINC02019
SPATA17	-1.123913655155436	1.3265681980837218e-24	SPATA17
AC104841.1	2.1248604357062617	1.3376265119396498e-24	AC104841.1
PFN1P6	2.411885850217971	1.3559021634258535e-24	PFN1P6
FAM118A	1.0833053029190292	1.3578493182998844e-24	FAM118A
AC004846.1	-1.1877036646653527	1.361270111304762e-24	AC004846.1
CDH1	-1.4466664098387327	1.3681989548828906e-24	CDH1
ASAP3	-1.1231819222080217	1.3707928055368312e-24	ASAP3
PC	-1.4256101647356207	1.4129377242528463e-24	PC
CIB4	2.524240972162742	1.4132061990236231e-24	CIB4
VSIG4	1.5955661861840196	1.4356603658559878e-24	VSIG4
POLR2J3	1.3328066837629675	1.44357206939294e-24	POLR2J3
AC087672.2	1.8718421571001715	1.4448132512674675e-24	AC087672.2
CEBPA	1.4394027506894105	1.4582262609404232e-24	CEBPA
KANTR	1.1687255343962966	1.4601247411193336e-24	KANTR
AC239600.1	-1.893084475250752	1.4614216148088787e-24	AC239600.1
TH2LCRR	2.06895074589078	1.4838639006170271e-24	TH2LCRR
AC068580.3	1.918243669716264	1.52464813700131e-24	AC068580.3
AC064805.1	1.682487867205813	1.5449759172535323e-24	AC064805.1
KRT25	4.66932269703364	1.5453535785416963e-24	KRT25
SERPINE3	1.442376759821478	1.5498778438266944e-24	SERPINE3
SLC5A5	2.42730749796389	1.5593893991710323e-24	SLC5A5
P2RY12	1.6725142221804727	1.5816330978757815e-24	P2RY12
LINC01232	1.1325193004039729	1.6257550950546087e-24	LINC01232
PRSS51	1.827531017224048	1.6338602988261226e-24	PRSS51
CCR7	1.654965823284144	1.6339084589229344e-24	CCR7
SLC12A9-AS1	1.5455312980099911	1.6489218537786732e-24	SLC12A9-AS1
AC068790.2	1.7415148282282773	1.656745520871905e-24	AC068790.2
AL109806.1	2.0890980711829	1.6713668946065995e-24	AL109806.1
PARD6A	-1.224205251937241	1.6747801402507144e-24	PARD6A
AC073593.2	-1.6837091272718627	1.67954461804034e-24	AC073593.2
AC036108.3	1.098222778832476	1.6873850727811306e-24	AC036108.3
RAP1GAP2	-1.2295875444954665	1.7000779485720073e-24	RAP1GAP2
RASSF6	1.234618209636319	1.7009642615973835e-24	RASSF6
TRBJ2-7	2.800962713032865	1.7104668729990732e-24	TRBJ2-7
AL365229.1	4.391656945187307	1.7395424373563747e-24	AL365229.1
SNAP25-AS1	2.0694974754126574	1.7450875954931623e-24	SNAP25-AS1
TUFT1	-1.0307292853949928	1.7623497610121055e-24	TUFT1
AC018450.1	1.7642286594743193	1.8224450775039206e-24	AC018450.1
KIF5A	-1.9746140582784844	1.8592671211736366e-24	KIF5A
AC104564.5	2.063330682744359	1.8857934726333487e-24	AC104564.5
RDM1P5	1.5860854033662355	1.891516831532037e-24	RDM1P5
AC005899.7	1.961504705288756	1.8936559411367067e-24	AC005899.7
AC024592.2	-2.883677676368521	1.9139629607335842e-24	AC024592.2
AC018410.1	1.99092221999904	1.9335070661243238e-24	AC018410.1
SPDYA	1.59613834100565	1.975929975712219e-24	SPDYA
RPL4P1	2.075894583157985	1.9946869200447782e-24	RPL4P1
AC018648.1	2.07753318450084	2.018230936085177e-24	AC018648.1
AC092652.2	1.6727234964348583	2.038714929333556e-24	AC092652.2
TLL1	1.5208069590982456	2.0565736702891363e-24	TLL1
STMN2	3.783581053424802	2.0594024386030875e-24	STMN2
RN7SL67P	3.3291710094950098	2.0616389218145987e-24	RN7SL67P
BVES	-1.271938567097625	2.0669787938702497e-24	BVES
MAP9	-1.2612772785427273	2.068900963345016e-24	MAP9
AC003072.1	1.2258678295100378	2.156885135685401e-24	AC003072.1
LINC01832	3.3617070783321914	2.160818732370594e-24	LINC01832
AC111000.2	2.131739570326641	2.1897979938126082e-24	AC111000.2
C4B	1.6896277228261452	2.1917064516608318e-24	C4B
AC133961.1	2.673636403933057	2.2075063844462082e-24	AC133961.1
ASB9	-1.090347868435792	2.211428270890543e-24	ASB9
LCN1	4.176833472495227	2.266822913757942e-24	LCN1
TOLLIP-AS1	-1.0373908574701212	2.2723584005676263e-24	TOLLIP-AS1
RPS15AP24	1.5386452343684232	2.293442019184342e-24	RPS15AP24
LRRC19	-2.0141017300349238	2.339401072415602e-24	LRRC19
AC010326.4	1.231587469597734	2.3612365678061563e-24	AC010326.4
AL138689.2	1.858692887527876	2.3618782859524487e-24	AL138689.2
SEC31B	1.6625433952984356	2.363000502350893e-24	SEC31B
TMC4	-2.0911071037267166	2.3667652970178065e-24	TMC4
PP12613	4.5412381488591445	2.372492289635778e-24	PP12613
HSPA8P15	1.7887493084142645	2.3827831061674913e-24	HSPA8P15
AC099518.1	1.3587117689043655	2.3900300632813e-24	AC099518.1
VEGFC	1.1220437628748583	2.3953270570857327e-24	VEGFC
AL354809.1	1.5910706627120534	2.403187511305684e-24	AL354809.1
HSD17B7P2	1.4469242113994552	2.406672535175185e-24	HSD17B7P2
AF165147.1	1.4239957204844236	2.4156421217077452e-24	AF165147.1
ZDHHC19	1.806653246733137	2.4270755574697122e-24	ZDHHC19
GBP6	1.751604379616225	2.447459160341361e-24	GBP6
AL049780.1	1.991246567342684	2.4532584856161053e-24	AL049780.1
AC093520.2	4.354506781879331	2.4561957721211583e-24	AC093520.2
GCNT4	-1.6244859233701776	2.49215058778368e-24	GCNT4
AC007785.3	2.08525982163522	2.49652473345239e-24	AC007785.3
KLC1	1.0534786044096718	2.5294676564828114e-24	KLC1
FRZB	1.9916706949666017	2.5327131933570307e-24	FRZB
LINC01991	-5.0794572697872615	2.5510849920776896e-24	LINC01991
HDC	1.8144969325066709	2.5620157689415347e-24	HDC
AC073346.2	2.4443595213562648	2.6117096667173957e-24	AC073346.2
AC114760.2	2.2294455113330027	2.6135334310799554e-24	AC114760.2
AC023024.1	1.6066733949947232	2.6533957984100288e-24	AC023024.1
AL353152.2	-1.4575418693971096	2.6610863053150395e-24	AL353152.2
TREM1	2.1124118978560715	2.6741339819413333e-24	TREM1
AL591848.2	1.3373034355355564	2.6869709575342547e-24	AL591848.2
LRRC37A11P	-1.594133704025305	2.6999051055566083e-24	LRRC37A11P
GASK1A	-1.491767405891191	2.723753175773573e-24	GASK1A
AC084876.2	-1.1928954995624483	2.7521363711718293e-24	AC084876.2
RAB11FIP1P1	1.550217445215073	2.7525798201972788e-24	RAB11FIP1P1
C8orf17	4.137442315331423	2.7908016935783847e-24	C8orf17
AL449212.1	1.4401786534331693	2.8440444125913268e-24	AL449212.1
CR1	-1.9135305386428327	2.8835821319063035e-24	CR1
ST6GALNAC4P1	1.5726244306543364	2.9437256468291137e-24	ST6GALNAC4P1
DCDC2	-1.6734421470702916	2.9437256468291137e-24	DCDC2
CREG2	2.005900459330665	2.9940696421733234e-24	CREG2
SCLY	1.1726506347171244	3.0354412039285322e-24	SCLY
KIAA1210	-2.1763850721289284	3.039641039488974e-24	KIAA1210
NNT	-1.2513649717516548	3.0840507160229795e-24	NNT
ABCB1	-1.673628957410796	3.169015603058817e-24	ABCB1
GPR31	2.2747737731615825	3.1729713587197882e-24	GPR31
AL133230.1	1.901139855823064	3.232330635680513e-24	AL133230.1
AL117379.1	1.5619409583817827	3.2340247408685647e-24	AL117379.1
KCNE1	-1.8179137837047836	3.2357817051359357e-24	KCNE1
AL357078.2	2.418279613554169	3.318922630927138e-24	AL357078.2
AC131009.4	2.1638837373760462	3.344520078834614e-24	AC131009.4
ASCL5	1.846704601503464	3.351075341461429e-24	ASCL5
REG1B	4.062718670060596	3.3567761904773694e-24	REG1B
CCDC85B	1.3577026825844316	3.4038787889300936e-24	CCDC85B
AL671277.2	1.51315009050874	3.416926335397095e-24	AL671277.2
HAVCR1	2.143766931657271	3.4425733619971356e-24	HAVCR1
AL353803.1	2.5051563175387788	3.4575482012646194e-24	AL353803.1
LINC00884	1.242851793256911	3.4874209779497114e-24	LINC00884
AC007879.3	1.9945314737667657	3.526282722457303e-24	AC007879.3
LINC01693	2.866669496254813	3.5455537258744564e-24	LINC01693
AP001363.1	2.4524364213307472	3.548882924110149e-24	AP001363.1
FBXL22	-1.166527819193436	3.551809290693338e-24	FBXL22
AC021851.1	1.2563020932823656	3.5526614732955576e-24	AC021851.1
RPS2P5	1.1736061307923435	3.557985745575908e-24	RPS2P5
AL596442.4	1.450876718453309	3.559934891517246e-24	AL596442.4
PDE6B-AS1	3.456819322832823	3.6473304258907046e-24	PDE6B-AS1
H2BC19P	1.252907803304321	3.6863780804035865e-24	H2BC19P
PTPRQ	-3.5289982789683805	3.733279231449979e-24	PTPRQ
VKORC1	1.3479285927894502	3.748801676184682e-24	VKORC1
ARL4C	1.5754359907183122	3.8219427740377844e-24	ARL4C
CORO6	2.166952811884978	3.8420933167787366e-24	CORO6
OR7E14P	-1.2585516355316535	3.910657299457883e-24	OR7E14P
ANKRD19P	1.1357425340525305	3.93918714737283e-24	ANKRD19P
AL355803.1	1.3126530013310855	3.952888543197729e-24	AL355803.1
AL117382.2	-3.4149970586968923	3.970742324981884e-24	AL117382.2
CYSLTR1	1.11613658472224	3.991194888597675e-24	CYSLTR1
LINC01311	1.4945581557351044	4.016911765381455e-24	LINC01311
TRBV13	2.8621756871658843	4.016992872901428e-24	TRBV13
AL359182.1	1.6544303511216327	4.051910313482623e-24	AL359182.1
AC116552.1	2.189704719073172	4.114516137358493e-24	AC116552.1
CYTL1	1.63060299184881	4.33455299006811e-24	CYTL1
JPH2	1.5833521663608816	4.3884871827809874e-24	JPH2
CHMP4A	1.3095075293919916	4.4149925845107465e-24	CHMP4A
AL353801.3	2.1143673287346307	4.4702018629914176e-24	AL353801.3
AL355075.2	1.834201000969944	4.501029282952007e-24	AL355075.2
CRYL1	-1.0731467747978678	4.5343550976749416e-24	CRYL1
TRBV30	2.48977070127845	4.6062584632182884e-24	TRBV30
TMEM176A	1.2843877832990414	4.6279651973898725e-24	TMEM176A
AC068672.2	-4.20079647599426	4.7952198336626864e-24	AC068672.2
HAO2	-2.489699805358028	4.800484838609491e-24	HAO2
ZNF32-AS2	1.3131627160908563	4.913441450164822e-24	ZNF32-AS2
FAM89B	1.1810267540037849	4.9456579215893974e-24	FAM89B
AC073896.2	1.3014138041765346	4.98031042056788e-24	AC073896.2
ZNF710-AS1	-1.314342002349743	5.033156121716365e-24	ZNF710-AS1
TAGLN3	-3.1695715525267256	5.0372789449008785e-24	TAGLN3
AC010531.5	2.3815876743391664	5.0439190334170834e-24	AC010531.5
SLC22A7	-3.133923963043578	5.048519253480477e-24	SLC22A7
Z99916.2	2.5439139810415616	5.1771932187047466e-24	Z99916.2
SUCLG2P2	-1.0084559994701836	5.2343988212283884e-24	SUCLG2P2
RPS28	1.025183265949801	5.2866051612355214e-24	RPS28
ENGASE	1.0612708381530758	5.431612186011011e-24	ENGASE
LMO7-AS1	-1.6537011875866214	5.432168423674922e-24	LMO7-AS1
AC008667.1	2.366851860994134	5.449786712981257e-24	AC008667.1
TEX13C	4.304778390875216	5.468714859103834e-24	TEX13C
SGK2	-1.5061827191524428	5.5274056030933655e-24	SGK2
DSCAML1	1.303520429448307	5.600326862373882e-24	DSCAML1
TREH	-2.33910860475274	5.658438161829721e-24	TREH
AL353898.3	1.6481596121789437	5.7933346965349396e-24	AL353898.3
AC004947.3	1.6203333470486485	5.9831570554465e-24	AC004947.3
AC010285.3	1.8297367479130224	6.027316587764711e-24	AC010285.3
FAT2	-1.7862823119052127	6.1177665979657206e-24	FAT2
MYOT	2.008568069778706	6.1306635140748556e-24	MYOT
BAIAP3	-1.189459447811301	6.134841431790154e-24	BAIAP3
AC004893.2	1.7470094027056604	6.1542180268118174e-24	AC004893.2
RHOBTB3	-1.5590315282477605	6.277519137385618e-24	RHOBTB3
ATP6V0CP3	-1.488813298064329	6.350378915413451e-24	ATP6V0CP3
BLM	1.1260472111834103	6.40254546422323e-24	BLM
AC110792.4	1.5565449891102905	6.4033448415335485e-24	AC110792.4
LINC02705	3.177661824807159	6.45945860778453e-24	LINC02705
CEACAM22P	2.6918328793746262	6.4736325342492426e-24	CEACAM22P
ENPP7P4	2.1275718582159686	6.5243728144169014e-24	ENPP7P4
AF117829.1	1.2594658299643418	6.5488824400220074e-24	AF117829.1
AC004832.4	2.0718777104010973	6.565266358778987e-24	AC004832.4
RBM11	-2.537205533410713	6.565266358778987e-24	RBM11
AC079684.1	1.695960375580323	6.569364377415459e-24	AC079684.1
AC108174.1	-2.869749487516465	6.682290217259897e-24	AC108174.1
UNQ6494	2.012007880778752	6.699245520199935e-24	UNQ6494
CLEC4A	1.552577439163097	6.70325234816483e-24	CLEC4A
AC124854.1	2.3178075047930267	6.719727406424791e-24	AC124854.1
AL022328.1	1.343620051741245	6.743942561084796e-24	AL022328.1
ANKRD20A7P	2.5301492576334543	6.78617885435581e-24	ANKRD20A7P
AC018685.3	3.4319579420984225	6.845662531512857e-24	AC018685.3
ITPR2	-1.2566186195706848	6.91435081923847e-24	ITPR2
AL132989.1	1.4265343622667526	6.930824308489082e-24	AL132989.1
AC097658.1	1.5680966405435235	7.119149011214051e-24	AC097658.1
MEF2B	2.1597525994385465	7.438999807900836e-24	MEF2B
AC092645.2	1.4392608184614446	7.495881929077584e-24	AC092645.2
UQCRC1	-1.0397527051398952	7.495881929077584e-24	UQCRC1
CCDC7	1.023574218197043	7.51713994884319e-24	CCDC7
KL	-1.6416478809581116	7.671714249542754e-24	KL
SPOCK2	-1.0676953336391677	7.689194271862631e-24	SPOCK2
ZNF165	-1.0467649746441805	7.788837470554723e-24	ZNF165
HIGD1A	-1.3135504145290176	7.829579891415232e-24	HIGD1A
AC022039.1	-5.715342927491071	7.844972566607933e-24	AC022039.1
CD40LG	1.488152359265956	7.914647627750408e-24	CD40LG
PTCHD3	-2.6008585098864985	7.927548094156272e-24	PTCHD3
PLXNB3	1.9853090766056924	8.013356344776057e-24	PLXNB3
COL1A2	1.7478725304879	8.058891906903646e-24	COL1A2
AL031600.1	2.018907437751669	8.093467864382413e-24	AL031600.1
TBL1Y	-3.4072160730983407	8.278913166299206e-24	TBL1Y
AL360181.3	1.628212326403209	8.313493149167568e-24	AL360181.3
LINC02669	1.566700783442168	8.32806997712777e-24	LINC02669
DCDC2B	1.8304685438596064	8.340587032570664e-24	DCDC2B
AC026992.2	-1.5340752865851042	8.373454509161586e-24	AC026992.2
SNORA77	2.3903779939553376	8.397826855920263e-24	SNORA77
AC087645.2	1.419873823764794	8.41890585172948e-24	AC087645.2
UBOX5-AS1	1.7069326314033608	8.503606650493389e-24	UBOX5-AS1
LINC01619	1.4955825511587366	8.768853272837437e-24	LINC01619
AC007342.6	2.248137589878201	8.803956993958564e-24	AC007342.6
GPR27	-1.8482889432872835	8.838863206720819e-24	GPR27
AC068792.1	1.3177396785630813	8.842089385990048e-24	AC068792.1
C5orf47	-1.858383282456418	8.845430296920514e-24	C5orf47
AC005281.1	-2.7915471737581603	9.035218607766625e-24	AC005281.1
EGFLAM	1.4280929378863785	9.115147219967929e-24	EGFLAM
ACSL6	-1.867943413179572	9.147471743186845e-24	ACSL6
AL356364.1	-3.9090993758979673	9.147471743186845e-24	AL356364.1
AL022323.2	3.3754864794356885	9.162543295327174e-24	AL022323.2
AC017048.3	1.8139534177015089	9.305010987473405e-24	AC017048.3
AC103706.1	1.4828238691209406	9.342122828167032e-24	AC103706.1
CCDC81	1.3444610295155377	9.398347382756225e-24	CCDC81
AL162430.1	1.4428560333367293	9.693080858583536e-24	AL162430.1
AC022306.2	1.0183890436153942	9.734892516732648e-24	AC022306.2
AARSD1P1	1.3483761549576652	9.913039402834015e-24	AARSD1P1
GBP4	1.2251082375503688	9.919439148831732e-24	GBP4
AL353795.3	2.1916844685662014	1.000450516650964e-23	AL353795.3
AC113208.3	2.4601649166815918	1.0011368251004673e-23	AC113208.3
SLAMF1	1.4988401340095014	1.0106567864349122e-23	SLAMF1
GSTO2	-1.7994020959378547	1.0219865777811409e-23	GSTO2
ECRG4	-2.057043834222817	1.0231387962359561e-23	ECRG4
AC007878.1	1.4972680595929213	1.0476260872257253e-23	AC007878.1
AC012485.1	2.1355079700216844	1.0499286134314534e-23	AC012485.1
AC009148.1	1.925867860432543	1.0521427230716159e-23	AC009148.1
AC009237.15	-1.4092087339063863	1.0678135384624907e-23	AC009237.15
PDGFRA	-2.3550103488801817	1.083078254938984e-23	PDGFRA
CSNK1G2-AS1	2.559583094632785	1.089791028008705e-23	CSNK1G2-AS1
AC005332.7	1.5741292075631763	1.0940373459873694e-23	AC005332.7
WFDC10B	3.9212234167309608	1.0977767003482918e-23	WFDC10B
SH3GL1P2	1.912712708402013	1.1007309937231957e-23	SH3GL1P2
AC008060.1	5.662472076868065	1.1058212082065117e-23	AC008060.1
CPEB4	-1.0216610144075973	1.1258312528613785e-23	CPEB4
RNF31	1.526383715300102	1.1314551926263932e-23	RNF31
MELTF	-2.49117836459784	1.1363507884086478e-23	MELTF
AC078882.1	-3.276561090815553	1.1379687822127197e-23	AC078882.1
SARNP	2.298194939543422	1.1653283311832357e-23	SARNP
AP001107.4	1.8119364021467024	1.172269251211102e-23	AP001107.4
CDO1	-1.9288428111283296	1.1740609172710104e-23	CDO1
PBX4	1.487711437389625	1.177986612386816e-23	PBX4
PSMC1P9	-1.546586684114202	1.1912675386534908e-23	PSMC1P9
ALS2CL	-1.7288801098656397	1.2220634518858853e-23	ALS2CL
ENO1-AS1	-1.604056646420686	1.2252986922465609e-23	ENO1-AS1
AC109583.3	-1.1540571702358788	1.2459361110462621e-23	AC109583.3
LINC01389	1.639932144282665	1.248781223033409e-23	LINC01389
AL671883.2	1.6328276449853318	1.280756499720959e-23	AL671883.2
LINC00996	1.622604827001538	1.2998530111585556e-23	LINC00996
SLC25A37	1.0178572731532989	1.3010454304724829e-23	SLC25A37
SLC38A3	-2.952272018390409	1.3084612286842033e-23	SLC38A3
CHKB-CPT1B	2.3917076863676243	1.3096379915187262e-23	CHKB-CPT1B
MIR4477B	1.7416750704786068	1.3116937239303761e-23	MIR4477B
AL159169.2	1.521531955554202	1.3164446256397678e-23	AL159169.2
PGM5	-1.2717764399507885	1.3420818205282096e-23	PGM5
RN7SKP150	1.9739758716925304	1.3425277022296465e-23	RN7SKP150
FOSL1P1	3.3839019800844445	1.3455833250039506e-23	FOSL1P1
AP006621.4	2.138840158637528	1.3607476078976552e-23	AP006621.4
AC232271.1	1.4000309498149408	1.366982593355466e-23	AC232271.1
MIR6503	3.383053404053496	1.382678247873569e-23	MIR6503
AL139041.1	2.2344957936649155	1.3954299137685804e-23	AL139041.1
LINCR-0001	1.733970472033227	1.398338576290805e-23	LINCR-0001
LINC00862	2.212847192064779	1.408412380451101e-23	LINC00862
GPA33	1.704267411677206	1.4277107390490613e-23	GPA33
GTSF1L	3.827838253694625	1.445289344537289e-23	GTSF1L
AC010261.1	2.6406644962126293	1.470141255569347e-23	AC010261.1
NMU	2.8610126866095777	1.5066936052540598e-23	NMU
ATP4B	-2.756873910335435	1.5210263005497872e-23	ATP4B
HYAL1	-1.0768274915617002	1.5266481069771457e-23	HYAL1
AC099063.4	1.4659759026892558	1.56672352784014e-23	AC099063.4
AC116345.1	2.5939617818923817	1.5854044764966538e-23	AC116345.1
TRAV8-4	2.08249729249962	1.6084678220678048e-23	TRAV8-4
RPS2P55	1.3843843660148123	1.6229558217768342e-23	RPS2P55
GLB1L	1.1235606814377863	1.659698853228464e-23	GLB1L
AL645939.2	2.661511497125092	1.6636488455397474e-23	AL645939.2
GAPDHP61	1.955595432111118	1.6857520349337297e-23	GAPDHP61
HSPA8P4	1.7229378128741364	1.7045617424185966e-23	HSPA8P4
AL157392.4	2.0172065793930907	1.7213747040739464e-23	AL157392.4
AL662844.3	3.260849336659777	1.7233935256989065e-23	AL662844.3
AP001830.1	1.0440081577149802	1.7408516631681224e-23	AP001830.1
SOSTDC1	-2.927776305209933	1.7598406625763994e-23	SOSTDC1
AC211433.1	1.9396914831978207	1.7649587416677666e-23	AC211433.1
AL513548.4	2.246107064905635	1.765757193576045e-23	AL513548.4
LINC00313	3.3392624303031506	1.7918672878017205e-23	LINC00313
RPL35AP32	2.423512603889062	1.794277377481706e-23	RPL35AP32
TNS4	-2.3010108297540053	1.8364728744076574e-23	TNS4
RN7SL364P	2.899084554766745	1.860064695874619e-23	RN7SL364P
SORCS3	3.184211571281761	1.893249417109461e-23	SORCS3
AC008742.1	3.862563169246351	1.910421532821493e-23	AC008742.1
EPSTI1	1.0846449271351095	1.914336821775637e-23	EPSTI1
AC011676.1	-1.684861674643065	1.9488432883179146e-23	AC011676.1
CYP39A1	-1.694264667717457	1.956995614651281e-23	CYP39A1
PFKFB2	-1.751653860243184	1.9583803980176827e-23	PFKFB2
PTGER4	-1.028974617837838	1.972566568932401e-23	PTGER4
AF274853.1	-1.1811877155132888	1.9975038276240418e-23	AF274853.1
KCNH1	-1.4385227487734005	2.0273834469570818e-23	KCNH1
AC034111.2	-1.7228386697044706	2.0754317557120062e-23	AC034111.2
AC090152.1	-1.4931740014968875	2.094886864785423e-23	AC090152.1
AL359852.1	1.8492008737938173	2.0996179496383902e-23	AL359852.1
SRD5A2	-2.2479423975553403	2.1047945353090282e-23	SRD5A2
ZNF793-AS1	-1.140314145667661	2.1417697774627838e-23	ZNF793-AS1
IGLV7-46	2.899899772643784	2.1527215497425506e-23	IGLV7-46
SPDYE3	2.340295039361952	2.157639075394593e-23	SPDYE3
AC092542.1	2.28702707998937	2.221845774075681e-23	AC092542.1
SNORA3B	2.3381273295684744	2.285176841712871e-23	SNORA3B
AP001330.4	1.023804649371021	2.303605402956826e-23	AP001330.4
PCDHB6	1.8210371564160903	2.3182059085012566e-23	PCDHB6
HLA-DOA	1.3671143626043536	2.3239699167773296e-23	HLA-DOA
STXBP5-AS1	1.0135610254378282	2.385439831488426e-23	STXBP5-AS1
AL161452.1	2.3087220346996014	2.3894586042369562e-23	AL161452.1
AC020907.5	3.9915409226967062	2.4090089757651326e-23	AC020907.5
ORM2	3.447196834943236	2.420584849472459e-23	ORM2
AC022400.4	1.2619536516714984	2.4472148021020688e-23	AC022400.4
HK2P1	2.951631229966152	2.4690000338854776e-23	HK2P1
ATP5MC1P4	2.117485961256839	2.5259501704124775e-23	ATP5MC1P4
AL031123.4	-3.4857932070132334	2.622586079040307e-23	AL031123.4
AC127070.4	1.8926901059910808	2.668894209694492e-23	AC127070.4
MIR324	2.9737643796723616	2.7774040567344673e-23	MIR324
MCEMP1	2.054261505684916	2.8117501059136746e-23	MCEMP1
AP001021.1	-2.7413588352292315	2.819918497936147e-23	AP001021.1
PRAL	2.10961045809349	2.8215015081227416e-23	PRAL
OBP2A	3.863138215646672	2.848828677571907e-23	OBP2A
ZNF806	-2.059692685695636	2.857147828917544e-23	ZNF806
AL357079.3	1.1548832422974769	2.863127863529074e-23	AL357079.3
AC003984.1	2.2512299379825254	2.938205183520036e-23	AC003984.1
AC107081.1	2.1453721578969978	2.998132611886905e-23	AC107081.1
AL445253.1	-2.0544162091482123	3.001538064217498e-23	AL445253.1
MARCO	2.3876901409969684	3.012312517046089e-23	MARCO
AC093496.1	-3.2859304325553884	3.023297579236962e-23	AC093496.1
U2AF1L4	1.1751189473300847	3.0394522146148224e-23	U2AF1L4
CYP3A4	-2.0682194728415784	3.063460785354184e-23	CYP3A4
ANK3	-1.3636702799766691	3.0692218725265955e-23	ANK3
SMIM10L2B	-1.487259951860164	3.128581658230566e-23	SMIM10L2B
EGILA	2.6784567312006256	3.148684468898903e-23	EGILA
GBAP1	1.1229545814310615	3.159391421231268e-23	GBAP1
AL121796.1	-3.13920864269679	3.220426205077887e-23	AL121796.1
LINC01730	2.10244350499112	3.226584132685945e-23	LINC01730
DNAJC22	1.088221529687314	3.255786874817879e-23	DNAJC22
AL645924.2	2.2390090674782765	3.287070879472614e-23	AL645924.2
FAM245B	-2.7171238697001496	3.3148094323115724e-23	FAM245B
EFCAB8	2.570823349779315	3.350848661543042e-23	EFCAB8
PRODH2	-2.273939597843408	3.3540532287509444e-23	PRODH2
ZNF667-AS1	-1.349190075663542	3.376383736666625e-23	ZNF667-AS1
AC090204.1	1.8094648170452348	3.4325733982135e-23	AC090204.1
ENKUR	1.5221256963446164	3.433027271358896e-23	ENKUR
AL451085.1	-1.3896391112728088	3.439423870073998e-23	AL451085.1
AC021945.1	2.2202102485926543	3.442363640324479e-23	AC021945.1
TMEM30BP1	1.3298729064565014	3.4986895457759525e-23	TMEM30BP1
HLA-U	1.611520868893168	3.517078788269322e-23	HLA-U
AL357079.1	1.4617723938876583	3.541768825542028e-23	AL357079.1
AZU1	2.3886400758141506	3.639995833875632e-23	AZU1
C4A	1.691814111081098	3.646461485135776e-23	C4A
AC106793.1	-1.2788723920803198	3.6633572806397584e-23	AC106793.1
LINC02803	2.001669279699973	3.689717881100468e-23	LINC02803
AC022898.1	2.6260732306369112	3.696928868836884e-23	AC022898.1
DBX2	-2.5612312678395748	3.75739342632678e-23	DBX2
P2RX5	1.9932761300108857	3.8436992859798203e-23	P2RX5
COL18A1-AS1	-2.1884246258290703	3.8947575803428613e-23	COL18A1-AS1
AC127070.1	-1.318055969581919	3.981990117275188e-23	AC127070.1
AC002558.1	2.4879263860556087	4.0003720548636044e-23	AC002558.1
AL139123.1	2.123578391516889	4.0075168636801196e-23	AL139123.1
AC008991.1	3.725105999010258	4.0243025374383697e-23	AC008991.1
SLFN14	2.2089884332088485	4.180198896448456e-23	SLFN14
CICP14	1.257051732786395	4.192939041455913e-23	CICP14
ZNF157	-1.2688875600853442	4.2255277202824974e-23	ZNF157
CDRT4	1.616127966250774	4.360232472572361e-23	CDRT4
PITX1	3.674792562578183	4.3837246562610263e-23	PITX1
HLA-DPA3	3.488502503755305	4.392206512576992e-23	HLA-DPA3
AC007362.1	2.9806976692415903	4.407107333532683e-23	AC007362.1
CD28	1.4207412801761097	4.422152037680822e-23	CD28
RPL4P3	1.4895214518926052	4.456335937579674e-23	RPL4P3
AL133371.2	1.3355220549561009	4.57717539592609e-23	AL133371.2
PARM1	-1.146687476442864	4.583008636701557e-23	PARM1
GTF3C2-AS1	2.1868637512094296	4.715015708602176e-23	GTF3C2-AS1
LRRN2	-2.309207774381602	4.764804767455469e-23	LRRN2
AP000593.3	2.1001325128012027	4.784993084660354e-23	AP000593.3
GAPDHP60	1.3573437671178403	4.8188548114769434e-23	GAPDHP60
GPX3	-1.6214595198223725	4.851451230767304e-23	GPX3
AL356750.1	1.8338543362402844	4.853957318339595e-23	AL356750.1
ELAPOR1	1.6937342839347596	4.8685586968485203e-23	ELAPOR1
AL713998.1	3.928902409816229	4.89295654176814e-23	AL713998.1
TIAF1	1.15838644437346	4.900807758475461e-23	TIAF1
AP001020.3	2.127849794025714	4.93407068162427e-23	AP001020.3
FPR1	1.553612568860511	4.9410386308325677e-23	FPR1
MEGF6	1.360499316910173	4.963574559557703e-23	MEGF6
FAM78B	1.3962399530447742	5.0009081578890083e-23	FAM78B
AL121985.1	2.7122859135343416	5.072208972620469e-23	AL121985.1
ST6GALNAC3	-1.2260385708653818	5.081069952159974e-23	ST6GALNAC3
RIMBP3	1.332157759391877	5.115581351768684e-23	RIMBP3
LINC02675	-2.9865219979140325	5.141786821237248e-23	LINC02675
CENPUP2	2.91505504056976	5.1680793685499787e-23	CENPUP2
ITLN2	-3.017556376206672	5.1899510680099163e-23	ITLN2
TBC1D3B	2.300141403742244	5.235762647032584e-23	TBC1D3B
LINC02345	1.5515850004679346	5.331427454301606e-23	LINC02345
AC079250.1	1.1693288827125017	5.454449401859055e-23	AC079250.1
BTG1P1	1.9037805352198296	5.476422389860541e-23	BTG1P1
ANKRD9	-1.202704549162562	5.482935518244342e-23	ANKRD9
AL049552.1	1.6443020136824162	5.49435321301284e-23	AL049552.1
TMEM200A	1.2963876855636132	5.587178306491552e-23	TMEM200A
AC022558.3	1.6655914542095516	5.645981722879219e-23	AC022558.3
TBC1D27P	2.975302716108976	5.665058783162997e-23	TBC1D27P
NEFH	-1.2734195446725205	5.673538419787243e-23	NEFH
AL135844.1	2.227025793081908	5.686611235083003e-23	AL135844.1
KIAA1549L	-2.032905790762868	5.725266889949686e-23	KIAA1549L
TRBV14	2.4147529646437	5.738701048429916e-23	TRBV14
AC090578.2	2.6408609150985782	5.758640768167193e-23	AC090578.2
AC051619.1	3.946805213734832	5.844859709666021e-23	AC051619.1
KLF5	-1.5003965258120011	5.915576707883371e-23	KLF5
TNFSF15	-1.257993435157669	5.981848122841137e-23	TNFSF15
LINC00989	1.3840890384430604	5.982842159839272e-23	LINC00989
OR7C1	1.548937014421906	6.055430176999733e-23	OR7C1
RN7SL608P	1.8822830981467256	6.068548523771412e-23	RN7SL608P
MTHFD2P1	2.694044965406177	6.13467805827575e-23	MTHFD2P1
AL596087.2	4.113284569102282	6.144531887237065e-23	AL596087.2
CCDC192	1.149919566020992	6.164838880367278e-23	CCDC192
LINC01422	1.4448996981717823	6.245256745568066e-23	LINC01422
AP001273.1	1.0561634637300854	6.280253262699041e-23	AP001273.1
AC026412.2	1.9219257603609448	6.294788627814418e-23	AC026412.2
AL022316.1	1.473699524513408	6.379903022186947e-23	AL022316.1
AC010201.2	1.5323321593264911	6.393741291807178e-23	AC010201.2
PPT2-EGFL8	1.6455003775378592	6.395032575546503e-23	PPT2-EGFL8
AC093575.1	-2.644452560712753	6.565629487178849e-23	AC093575.1
ITGB1-DT	1.8593990688389688	6.573009154910804e-23	ITGB1-DT
C5orf66	1.3140550149674348	6.578810675999802e-23	C5orf66
LINC02421	1.931214047592777	6.668429779045767e-23	LINC02421
CX3CR1	1.6457648822964512	6.733622555334251e-23	CX3CR1
FAM238C	1.7517397834446462	6.922011543268503e-23	FAM238C
LINC01827	3.14143986423606	6.925704237574844e-23	LINC01827
TRIM74	2.230549785646364	6.952707734326446e-23	TRIM74
RAB25	-3.471102696643949	7.068309109351744e-23	RAB25
GXYLT2	1.9475943281541008	7.148434611779651e-23	GXYLT2
AC006557.1	2.216707401883589	7.167688419641031e-23	AC006557.1
PCBP2-OT1	2.3586243533761486	7.250056140749572e-23	PCBP2-OT1
TAF10	1.0851367871002338	7.251209364804948e-23	TAF10
AC105429.1	1.988383842370752	7.253432038526861e-23	AC105429.1
RPL38P5	2.0197176124590053	7.424440254461927e-23	RPL38P5
AMELY	-3.6322705154088286	7.440441154965844e-23	AMELY
HS3ST5	-3.201787375904336	7.66640236852051e-23	HS3ST5
AC009951.6	1.309047271431913	7.771596126855472e-23	AC009951.6
AL162457.1	3.165762066386315	8.068636222694325e-23	AL162457.1
AL022238.2	1.9274687593041069	8.153821053627733e-23	AL022238.2
MYH3	1.432575882392131	8.228256461541873e-23	MYH3
AL157834.1	2.8515724291948765	8.323617434883002e-23	AL157834.1
NCLP1	2.1964244356554525	8.430421071647643e-23	NCLP1
ZP2	-2.649893119345901	8.458845161194261e-23	ZP2
TDRD5	-2.8410070013574797	8.654839268181681e-23	TDRD5
CLIC3	1.6346424714854224	8.756672225948962e-23	CLIC3
RDH5	1.327738101802462	8.761743091298616e-23	RDH5
B3GALT2	-1.5979467906716676	8.774533813652202e-23	B3GALT2
RASSF9	-1.4619061932342214	8.815641640352399e-23	RASSF9
GTF2IP23	1.477536448789842	8.987728333096393e-23	GTF2IP23
LINC01831	-4.771169905967209	9.081109181756492e-23	LINC01831
LINC02516	2.268195208159961	9.081109181756492e-23	LINC02516
ROPN1L	1.2558963326633124	9.388975405666167e-23	ROPN1L
AC007497.1	1.8638633498153423	9.522629897545926e-23	AC007497.1
AC074194.1	1.7147641967818794	9.635232470456429e-23	AC074194.1
SNORD46	2.2848109618697587	9.696140284365516e-23	SNORD46
ADAMTSL2	-1.3133051827276894	9.805585599467322e-23	ADAMTSL2
AC046195.1	-2.7455512546490124	9.819446953844604e-23	AC046195.1
AC007038.1	1.369306276381848	9.8629520413376e-23	AC007038.1
FLT4	1.1285582860839414	9.866589954979942e-23	FLT4
AC007637.1	-1.2180185952400595	9.874427826243007e-23	AC007637.1
AL139288.2	1.5879655350416892	9.990291367440785e-23	AL139288.2
AC087071.2	-1.1645719717870446	1.0020058929346618e-22	AC087071.2
MME	-1.80636786128828	1.0160342193858952e-22	MME
CABP7	1.8656289436705504	1.0165414863999137e-22	CABP7
SNORD123	2.852770784497983	1.0271920134241668e-22	SNORD123
AC244035.3	2.811635158256024	1.0391358053632414e-22	AC244035.3
TMCC2	-1.0245035649147938	1.049282040841348e-22	TMCC2
AC137561.1	1.2763288790258616	1.0565080376836584e-22	AC137561.1
AC007347.1	2.3089205171410714	1.0620967360112946e-22	AC007347.1
MIR23C	4.548329942481147	1.0700191573799509e-22	MIR23C
AADACL4	-2.715611114676551	1.0856923758111971e-22	AADACL4
AL136295.2	1.698537692017836	1.0909857561435135e-22	AL136295.2
AC092119.3	-1.3937890383534912	1.093715401712612e-22	AC092119.3
AP005131.1	1.7319371417475833	1.0989257613602243e-22	AP005131.1
FOLR2	1.3825538233358945	1.0993570543442272e-22	FOLR2
AC099786.1	5.139040063342964	1.1048164868562018e-22	AC099786.1
AC138956.1	1.675308967073751	1.1315868349045322e-22	AC138956.1
LINC01780	-1.8142680761224557	1.133891150033196e-22	LINC01780
LINC02416	3.426853127038948	1.1449639870028953e-22	LINC02416
COL15A1	1.4147511497893064	1.1484793165427743e-22	COL15A1
PLPP4	-2.492215125268412	1.1646359426970394e-22	PLPP4
AC007787.2	2.365480308088494	1.2095891553482595e-22	AC007787.2
AC010719.1	2.0064881387793725	1.2136868996638972e-22	AC010719.1
AL138889.3	3.482362129911112	1.2330807761260212e-22	AL138889.3
IGSF5	-2.241843366766536	1.2354101627836533e-22	IGSF5
FOXE3	-2.160658666558108	1.2414732396095248e-22	FOXE3
EML4-AS1	2.0180120060925493	1.246799890606251e-22	EML4-AS1
AP001994.1	3.0766895601727065	1.2546985374056011e-22	AP001994.1
SNX22	1.3771384765276262	1.2681667589692172e-22	SNX22
RBM44	1.4287882731853982	1.288517251590202e-22	RBM44
PKHD1L1	-2.06055227339545	1.2931101095340682e-22	PKHD1L1
PCDH12	1.1593967228279165	1.3068406300376817e-22	PCDH12
AC138207.4	1.0622095147256798	1.3186797012458942e-22	AC138207.4
MCF2L-AS1	-2.208519619526617	1.3242990301592818e-22	MCF2L-AS1
AC009902.2	1.6848484311484202	1.3505076707773405e-22	AC009902.2
RPLP1P6	1.1168103782602172	1.356498352926548e-22	RPLP1P6
AC093110.1	1.368932132760893	1.362617717143896e-22	AC093110.1
MMP13	4.575303802117362	1.3949241132007157e-22	MMP13
CCL28	1.523935176315494	1.4073691061837737e-22	CCL28
MIR7848	3.6802984326222954	1.4100778540534397e-22	MIR7848
AC131212.2	1.7005200779307106	1.4229147453294396e-22	AC131212.2
DNM1P46	1.3449391743788757	1.4410609105550998e-22	DNM1P46
AL163534.1	1.6361447728902423	1.4465677402259521e-22	AL163534.1
AP005131.4	2.619477394358599	1.451613685959884e-22	AP005131.4
AP000344.1	-2.321594505031957	1.4522516083157533e-22	AP000344.1
CBLN4	2.067054124555227	1.4547098753616292e-22	CBLN4
KCNH3	-1.9587188344400916	1.458349319598322e-22	KCNH3
LINC02515	4.226176057170564	1.4693781665144233e-22	LINC02515
IMPDH1P5	2.199787742706675	1.48767556520471e-22	IMPDH1P5
AC092301.1	1.8116901731533777	1.515182544415626e-22	AC092301.1
NOP2	1.4505115719151358	1.5274150566292042e-22	NOP2
PCDHGB9P	1.5587410455130268	1.538999393656996e-22	PCDHGB9P
FXYD7	1.9441884367870104	1.5534095036357277e-22	FXYD7
LRRC41	1.090842171854567	1.5599265950488363e-22	LRRC41
SUSD2	-1.5104911609828051	1.5812864491484825e-22	SUSD2
IL12RB2	2.642224384423895	1.6135025972931201e-22	IL12RB2
AC005154.4	1.842221070526536	1.6196241970113842e-22	AC005154.4
RPS2P17	1.310006594379162	1.6403352841498317e-22	RPS2P17
HOMER3-AS1	1.0444175827275004	1.6446704899867786e-22	HOMER3-AS1
AL009179.1	2.310091778976352	1.6519856801278351e-22	AL009179.1
HMGB2P1	2.3549540475493	1.660590863695721e-22	HMGB2P1
AC103724.4	2.060527782820086	1.6646647969225621e-22	AC103724.4
IL21R-AS1	2.3897706112240424	1.6671300126315034e-22	IL21R-AS1
FAM182B	1.1111190897660956	1.670342145762898e-22	FAM182B
Z93241.1	2.630724810121048	1.6726201725752662e-22	Z93241.1
TARID	-1.9519156241956663	1.6736155100640018e-22	TARID
BCAT1	1.4159828104916918	1.6788946940456186e-22	BCAT1
AC091891.1	-4.132856755597999	1.694956819492067e-22	AC091891.1
AL355999.1	1.1725063039229264	1.73128764495832e-22	AL355999.1
AL162430.2	2.01960861071906	1.7340170159294985e-22	AL162430.2
ROCR	3.5584305989765177	1.738723418090877e-22	ROCR
AL355987.4	1.8242169555329928	1.7396629576667985e-22	AL355987.4
SPINK5	2.1507847554715345	1.7417770048965144e-22	SPINK5
HNRNPA1P17	3.822926618303761	1.8091469493188344e-22	HNRNPA1P17
KCNN4	1.6379132764256663	1.8107088453084268e-22	KCNN4
ZNF878	-1.2078110063297958	1.813458050414808e-22	ZNF878
SYT1	-2.235746887640936	1.82467567793816e-22	SYT1
FBXL16	1.5641217283506774	1.862507515890108e-22	FBXL16
MT1HL1	-2.483660171022887	1.9023195806899025e-22	MT1HL1
PRC1	1.4857511532832586	1.9197269878865645e-22	PRC1
MTAPP2	2.458289175378177	1.9335917391661624e-22	MTAPP2
TERF1P7	1.1930884206228962	1.9744573016735505e-22	TERF1P7
LIM2	3.18391494152846	2.0021413498029957e-22	LIM2
AQP7P2	-2.9911654038566327	2.0573792882786805e-22	AQP7P2
AP000812.1	1.7193831635950447	2.0956719396917685e-22	AP000812.1
FAM182A	1.7201495940252212	2.120894509702044e-22	FAM182A
AC002128.1	1.6290558129642403	2.1345780555782547e-22	AC002128.1
RN7SL535P	2.2347079173385285	2.1902171146833312e-22	RN7SL535P
GATA5	-2.1824216135829047	2.2900531571984926e-22	GATA5
AP001001.1	1.4980575306300272	2.30663116904865e-22	AP001001.1
AL031705.1	2.0454939495818514	2.3126999273144283e-22	AL031705.1
RASGRP2	1.086033643331283	2.322522784038284e-22	RASGRP2
AXIN2	-1.094881684193644	2.3852141607396983e-22	AXIN2
PRSS27	1.172948013438457	2.4005995401392544e-22	PRSS27
AL450467.1	2.150823283300209	2.4019747484437847e-22	AL450467.1
AC073149.1	-1.5221085055034045	2.40966344363931e-22	AC073149.1
AL157395.1	1.437759018697756	2.4309366704635323e-22	AL157395.1
FAM153B	2.739588648448399	2.4479003118911843e-22	FAM153B
TRBV24-1	2.2399565117488973	2.4621203887327923e-22	TRBV24-1
SH2D1B	1.2155201112696172	2.4857858282320533e-22	SH2D1B
AC091564.1	2.1980661283937377	2.4966330167635284e-22	AC091564.1
AC018737.2	2.7669108254137607	2.619798826052594e-22	AC018737.2
AC008957.1	1.751735724818681	2.621277958954097e-22	AC008957.1
SELE	-1.8391826320259927	2.6467050512626103e-22	SELE
NTNG2	1.708205108312045	2.712655298698276e-22	NTNG2
SCML4	1.3615077177632766	2.7217589107145527e-22	SCML4
PRG2	3.614109426937839	2.7859784878932644e-22	PRG2
AC005837.3	2.219881538690169	2.7865100092660813e-22	AC005837.3
GLRX5P3	1.8277044062199816	2.8185956016393623e-22	GLRX5P3
AC005906.3	4.446328421865262	2.820177631747005e-22	AC005906.3
AL513218.1	2.289000974656145	2.8534524344672515e-22	AL513218.1
DQX1	2.972427833760879	2.9141805348724983e-22	DQX1
A3GALT2	2.279120860260038	2.9355608850611e-22	A3GALT2
AL356752.1	3.290331153847146	2.9710341626498973e-22	AL356752.1
AC055720.1	3.5815190077642103	2.986810106827289e-22	AC055720.1
FTH1	1.2536899110006718	2.9961104136894977e-22	FTH1
AC011448.1	1.9753580352022528	3.034828143788494e-22	AC011448.1
AC008735.4	1.306071909799098	3.040894804241982e-22	AC008735.4
AL355798.1	4.711647584772822	3.076475225308116e-22	AL355798.1
PHYH	-1.1414749570058893	3.184537594179152e-22	PHYH
PTGER3	-2.106036239891203	3.2741408371102773e-22	PTGER3
AP4B1-AS1	1.7151939790910695	3.31953104612532e-22	AP4B1-AS1
AC006062.1	2.5312090491618533	3.3500183965251776e-22	AC006062.1
AC068580.4	1.9331741267013876	3.3713944135537135e-22	AC068580.4
AC245060.6	1.4281796150571244	3.4029748640039663e-22	AC245060.6
HCG25	1.3675317742917847	3.4075206040077697e-22	HCG25
SLC7A14	-2.9958308778249925	3.4118743303717674e-22	SLC7A14
AC016722.2	1.4605396313154295	3.425775835734707e-22	AC016722.2
HAL	1.5191677831861785	3.4609847838546017e-22	HAL
ANO9	1.6826137294463217	3.487566212559156e-22	ANO9
ADH1B	-2.5892248675256044	3.492777704685138e-22	ADH1B
KIF4B	2.386597103304578	3.5293593103598147e-22	KIF4B
BTG3-AS1	-1.4366315793444604	3.5317225177320243e-22	BTG3-AS1
CYP4F22	1.5076517581631876	3.542790550196531e-22	CYP4F22
AC068299.1	3.2588871743372683	3.618886386378612e-22	AC068299.1
AC110620.2	1.6535971795044118	3.623240683859051e-22	AC110620.2
LINC02224	-3.04514942619286	3.639435815988933e-22	LINC02224
H2BC9	2.1530430628689725	3.7315158196352817e-22	H2BC9
CD44	1.4089033096426662	3.78976743969333e-22	CD44
AC007448.5	1.2482882685398886	3.8104281814407712e-22	AC007448.5
XACT	2.361477447401971	3.8327644980706793e-22	XACT
RASL11A	-1.0623019003134788	3.927298685909912e-22	RASL11A
LINC01127	2.9145095163065267	3.92769161384531e-22	LINC01127
RN7SL113P	2.402622570951463	3.930805498790764e-22	RN7SL113P
AC019257.9	4.660534259377121	3.943416861678817e-22	AC019257.9
SYNPO	1.117093105243642	3.945348176211622e-22	SYNPO
GOLGA6L9	1.3159565897720578	3.947126125307936e-22	GOLGA6L9
MESP1	1.2706491913634217	3.9563496049315624e-22	MESP1
AL365209.1	2.128036967363805	3.985934405420043e-22	AL365209.1
KLHL17	1.1295731648577954	4.0033421329143416e-22	KLHL17
PPP1R14D	2.6595714764478355	4.138171455611672e-22	PPP1R14D
AC063977.2	2.448699664304581	4.154463164683718e-22	AC063977.2
TRAV26-2	2.751880888220521	4.2277476064467434e-22	TRAV26-2
NPPA	2.036419365971303	4.325796624445596e-22	NPPA
AC069360.1	2.39913079486039	4.408451788125961e-22	AC069360.1
TRBJ2-2P	2.526191499960213	4.433239209499403e-22	TRBJ2-2P
RN7SL558P	2.8638432129416955	4.442494493096759e-22	RN7SL558P
AC010729.2	4.541009241638754	4.4750674720244135e-22	AC010729.2
AC110015.1	2.4324850677913377	4.622916086044683e-22	AC110015.1
AL356010.2	4.105839777771138	4.687588388464743e-22	AL356010.2
AC010326.3	1.0006605581730903	4.688865343093397e-22	AC010326.3
AC000036.1	2.65823936329636	4.699978280097786e-22	AC000036.1
AC016383.3	-2.990875640957245	4.740402574660882e-22	AC016383.3
FGF12-AS2	2.375835012475216	4.756285145501306e-22	FGF12-AS2
AC027279.1	2.1715730746962816	4.811935783474317e-22	AC027279.1
AC090286.4	2.1302970651052915	4.8559075267901575e-22	AC090286.4
Z98885.3	1.8096610201174197	4.898793384071909e-22	Z98885.3
RGSL1	3.154397068991615	5.02884725710392e-22	RGSL1
GPHN	-1.1655735069315378	5.103890513014431e-22	GPHN
AC087276.1	1.940549739246281	5.155139859954437e-22	AC087276.1
AC005006.1	2.408972717832965	5.199009727276645e-22	AC005006.1
RPL35AP5	2.192166785908659	5.276492031852476e-22	RPL35AP5
AC034102.6	1.734188607704587	5.277741838725044e-22	AC034102.6
ASB9P1	1.930089628415987	5.304286519825359e-22	ASB9P1
FSCN3	1.967829385229424	5.345702394605515e-22	FSCN3
PCDH15	-3.975080748378116	5.349199016116422e-22	PCDH15
LINC02453	-1.2465036170426715	5.370621166189851e-22	LINC02453
AC005740.4	1.1109257213896315	5.428716542320949e-22	AC005740.4
BX842568.3	-3.644333086353556	5.444514969669649e-22	BX842568.3
SYNE4	-2.1239228807257216	5.453834689175778e-22	SYNE4
RFPL3S	1.8803745213584808	5.510934933850903e-22	RFPL3S
HNRNPA1P59	1.515442793082045	5.521439691077988e-22	HNRNPA1P59
TMEM86B	1.3000824342308237	5.523140585507914e-22	TMEM86B
AC084026.2	2.393202264504405	5.536973708513233e-22	AC084026.2
LINC01783	-2.300948018504122	5.556203742739868e-22	LINC01783
RPS20P4	2.462429485703175	5.7134671105944575e-22	RPS20P4
HLA-DRB5	1.3348504557616334	5.8130155319639855e-22	HLA-DRB5
IFRD1	1.0303510697302596	5.927017741360926e-22	IFRD1
RP1	-1.4785494480469326	5.929702165212687e-22	RP1
AC048341.2	1.676418581038207	6.025639734633185e-22	AC048341.2
TCTEX1D4	1.3970627465824177	6.044568562793322e-22	TCTEX1D4
GASK1B	1.2061926259335731	6.062462380882334e-22	GASK1B
AL135841.1	1.8077795019034144	6.07661412258274e-22	AL135841.1
AL359220.1	1.196166571733595	6.1293258438504815e-22	AL359220.1
AC022387.2	-1.044982228441753	6.233498050179384e-22	AC022387.2
RN7SL481P	2.016649859681672	6.233498050179384e-22	RN7SL481P
C5orf38	-2.533013372139149	6.3341190558065055e-22	C5orf38
CBFA2T3	1.065227556664554	6.345723786538269e-22	CBFA2T3
AL731733.1	1.663763457573648	6.427174687422776e-22	AL731733.1
PCDHGC3	1.0887987032739683	6.428046867696457e-22	PCDHGC3
AC112722.1	1.8056287770764856	6.548654256105279e-22	AC112722.1
TUBAP2	1.1220782485601872	6.60719003748971e-22	TUBAP2
LIPN	1.8115332272353997	6.60719003748971e-22	LIPN
PCDH1	-1.0125379549174094	6.663049199799687e-22	PCDH1
IFNG-AS1	2.2234423856352628	6.688136785399432e-22	IFNG-AS1
NACAP8	-1.6027143704324502	6.708061949098602e-22	NACAP8
AC105450.1	2.8646190248957764	6.752535643988997e-22	AC105450.1
UBE2Q2P1	1.211413344550302	6.865538646247641e-22	UBE2Q2P1
AL137139.2	1.4817864926822173	6.9205658463692805e-22	AL137139.2
AC135279.2	2.040098721643026	6.977895215375168e-22	AC135279.2
AC023830.3	1.9211407078003928	6.984552421600807e-22	AC023830.3
AP002784.1	1.137888663796233	7.051386729767586e-22	AP002784.1
AC009554.2	1.503921326681526	7.06104115650211e-22	AC009554.2
AC026979.3	1.0005416531716682	7.09360117298807e-22	AC026979.3
TRBV25-1	2.842199765498977	7.1072072719086485e-22	TRBV25-1
MIR6819	3.0508035029871423	7.130261734011615e-22	MIR6819
UCKL1-AS1	1.630078613617492	7.131290691805671e-22	UCKL1-AS1
MIOX	-2.327758691832242	7.155843134965029e-22	MIOX
AC103591.3	1.787298594928615	7.310483384282787e-22	AC103591.3
NABP1	1.1542586842191522	7.31735695196732e-22	NABP1
TMEM200B	1.15611265770268	7.3653259283125955e-22	TMEM200B
LINC00461	-3.0259779908350644	7.595728681141267e-22	LINC00461
AC147067.1	1.1663174732089752	7.59577490675513e-22	AC147067.1
AL928654.2	1.5025711001931752	7.625012178936964e-22	AL928654.2
MYO10	-1.1191211707317763	7.7238419239439075e-22	MYO10
PI4KAP2	1.0195577467061152	7.793871292897951e-22	PI4KAP2
LINCMD1	2.0601523922845058	7.80755358300735e-22	LINCMD1
JSRP1	2.4775248460158874	7.874554160695475e-22	JSRP1
SPON2	1.7854979956622248	7.956972100903315e-22	SPON2
KLRC2	2.5449547623628046	7.964219163835291e-22	KLRC2
AC098484.4	1.3416906348741366	8.032425388914504e-22	AC098484.4
SOD2	1.1961076398474215	8.032425388914504e-22	SOD2
COL11A1	2.722017465601233	8.056111742671099e-22	COL11A1
H3P25	2.730554072540878	8.139227979355174e-22	H3P25
SENCR	1.00336149872696	8.214705435087258e-22	SENCR
AC245884.10	2.9343749651892312	8.224569155028973e-22	AC245884.10
AC007728.3	2.8498034838868844	8.294660465951895e-22	AC007728.3
AC017116.2	1.7885432333480304	8.303478175401627e-22	AC017116.2
AC011939.1	2.3075678493715155	8.452542880862696e-22	AC011939.1
AP003110.1	-1.9554357592652591	8.4669765148441e-22	AP003110.1
Z69666.1	2.262423697917705	8.471305639442382e-22	Z69666.1
AGAP13P	1.8535981461165327	8.601354048404612e-22	AGAP13P
PRANCR	1.176496184157779	8.68234003755284e-22	PRANCR
CASS4	1.221149297964069	8.684042419764524e-22	CASS4
LRP1B	-2.55803762180794	8.734614368201497e-22	LRP1B
FOXF2	1.728745952716954	8.832501573734353e-22	FOXF2
LINC02680	2.3589901474213253	8.920347561514724e-22	LINC02680
AC007406.2	1.8454619640916208	9.070118223160964e-22	AC007406.2
AC005912.2	2.298435910426642	9.179419826524725e-22	AC005912.2
CHGA	-2.686638533398398	9.211630685489085e-22	CHGA
AC002550.2	1.1297592690401013	9.304201307067534e-22	AC002550.2
AC011416.4	-1.4135397411199488	9.41913516091821e-22	AC011416.4
AC134043.3	1.180468417003364	9.532764823504817e-22	AC134043.3
AC107081.3	1.5021254087697746	9.671476693203362e-22	AC107081.3
AP000997.4	3.501861131124527	9.91125158509921e-22	AP000997.4
SCN1A	2.3602760633095814	9.93470914938113e-22	SCN1A
ATP6V0C	1.7935928701606534	9.946642089525729e-22	ATP6V0C
AC023790.2	-1.091297713661081	9.946642089525729e-22	AC023790.2
AL512791.1	1.4715605184465013	9.992092561009929e-22	AL512791.1
AP001107.8	2.574906029760995	1.0011367546842905e-21	AP001107.8
NIM1K	1.5618546231875443	1.0036370263398597e-21	NIM1K
GAPDHP65	1.1860095853951411	1.0111156360248684e-21	GAPDHP65
FAM86GP	1.2987992026597794	1.0160235270744753e-21	FAM86GP
AL008727.1	2.164943903309973	1.037981741202358e-21	AL008727.1
FOXA3	-2.8744093641843347	1.0409230844889386e-21	FOXA3
SNORA66	1.7934478020969853	1.0442082126227624e-21	SNORA66
H4C11	2.1581941026810045	1.0506600063219226e-21	H4C11
ATP2C2	-2.02329408260034	1.0664836971780676e-21	ATP2C2
PZP	1.5475513084621235	1.0671528719875575e-21	PZP
OR7E102P	-2.0795586751868687	1.0716479836626445e-21	OR7E102P
ASMT	2.020663584116692	1.0729739160546893e-21	ASMT
AC015849.1	2.530767994582462	1.0832655479393713e-21	AC015849.1
HCG4B	1.7529933799226676	1.0840439363489218e-21	HCG4B
CDH2	1.2110159487021388	1.0867435832583625e-21	CDH2
INSC	-1.8027387174382137	1.0930542209550397e-21	INSC
LINC00410	-3.4785709416632864	1.094117247771666e-21	LINC00410
AC069549.1	2.250876870169464	1.1001639874425522e-21	AC069549.1
Z98745.2	3.2789261247360644	1.1583357087602717e-21	Z98745.2
CACNA1S	-2.0641926946939626	1.1709492812763493e-21	CACNA1S
ANXA3	-2.020613241446789	1.1735361468090076e-21	ANXA3
ARHGEF26	-1.4195245145471014	1.1739389042870469e-21	ARHGEF26
AC097634.1	1.9203433007109056	1.1739649326784146e-21	AC097634.1
ZNF436-AS1	1.2364882084729087	1.1761710982623697e-21	ZNF436-AS1
SORD2P	-1.6194020390926354	1.1855007742589569e-21	SORD2P
SAP30L-AS1	1.1971592848517252	1.1897524660325113e-21	SAP30L-AS1
DIAPH2-AS1	1.854073622445972	1.1898113676209108e-21	DIAPH2-AS1
MED8-AS1	1.480959173442265	1.1999941973219822e-21	MED8-AS1
BCL11A	1.3840450907094284	1.2074174188211262e-21	BCL11A
TSGA10IP	2.131866862756407	1.208712682592113e-21	TSGA10IP
AL008723.2	2.561519466541809	1.2101533052745866e-21	AL008723.2
SALL4	2.345608188620811	1.2193856511354704e-21	SALL4
RPS20P14	1.4311982510249528	1.2232565828967229e-21	RPS20P14
MIR590	1.774342462828708	1.224275347273672e-21	MIR590
AL033527.2	2.539478023966532	1.2581430232570452e-21	AL033527.2
AC018644.1	1.9591652767313708	1.2916589550827485e-21	AC018644.1
AL049840.2	1.417805035823405	1.2989814156144632e-21	AL049840.2
COLCA1	-1.7682622191141495	1.3058204801344398e-21	COLCA1
LINC01004	1.4658324056104806	1.3146789955458086e-21	LINC01004
PRELID1P4	1.304742323079417	1.3220983225071217e-21	PRELID1P4
AC008050.1	1.872769879500385	1.3425255321801328e-21	AC008050.1
AC009690.2	1.997792981385737	1.3437257448797001e-21	AC009690.2
TRIM36	1.2590307889930838	1.3438208112540576e-21	TRIM36
HLA-W	1.2304908587318937	1.3469343237728166e-21	HLA-W
AL592295.3	1.5531810924899088	1.3490469188013744e-21	AL592295.3
AC116667.1	1.2176478618403577	1.4055251949578257e-21	AC116667.1
AP001160.1	2.054527050639006	1.4095085369031666e-21	AP001160.1
AFG3L1P	1.0868088803709728	1.4104522188954873e-21	AFG3L1P
CCDC178	-1.5105019021605626	1.4176994476070059e-21	CCDC178
AC007496.3	2.030407533129908	1.4199915868522853e-21	AC007496.3
AC015799.1	1.757733241902887	1.4321200930393965e-21	AC015799.1
FAM72B	1.3854699061820557	1.4397975810064445e-21	FAM72B
AC096669.1	3.28522779017781	1.4691252152834445e-21	AC096669.1
GTF2IP13	1.047872460026698	1.4734526488008674e-21	GTF2IP13
LINC02269	5.551438471597207	1.4766605996605698e-21	LINC02269
CEACAM3	1.6574683058257422	1.482844064630132e-21	CEACAM3
ISCA1P4	-1.3450598980973083	1.4851213520405114e-21	ISCA1P4
RN7SKP16	1.5385290824374895	1.4944847645623629e-21	RN7SKP16
SPSB1	1.3015292701155172	1.5327101225699153e-21	SPSB1
LTC4S	1.222974683380049	1.5507372616105585e-21	LTC4S
LINC01281	3.5905195496502684	1.5586953002332273e-21	LINC01281
AC131888.1	1.4247872646789168	1.574416371774821e-21	AC131888.1
AL008633.1	2.0299319363957484	1.5773764259718395e-21	AL008633.1
SYN3-AS1	-1.900658830219781	1.5996872265652608e-21	SYN3-AS1
COQ8A	1.4249680342751605	1.6032963901148156e-21	COQ8A
SPEM2	3.624224295800875	1.6237576248694678e-21	SPEM2
IFITM10	1.7477169549075953	1.6243931031084017e-21	IFITM10
ZC3H11A	1.7589914754244291	1.6399348989822134e-21	ZC3H11A
AC010329.1	-4.092849456595304	1.6556893469765685e-21	AC010329.1
AL390957.1	1.8076014908449087	1.6579087214408254e-21	AL390957.1
TUBA8	1.392618283490933	1.6953117758804718e-21	TUBA8
RN7SKP70	1.7817735656989917	1.707803714543579e-21	RN7SKP70
CTAGE7P	1.5624588702297009	1.7365319975209083e-21	CTAGE7P
TRBV23-1	3.779984654831884	1.7379384834363984e-21	TRBV23-1
AL391261.1	-1.7768612271893864	1.7413132432194028e-21	AL391261.1
CCDC26	1.951873759564204	1.7702015789913966e-21	CCDC26
LDHAP2	1.7001504645963548	1.77239481837889e-21	LDHAP2
AL355796.1	3.3241119724758303	1.787665607798788e-21	AL355796.1
AP005131.2	1.9479475648290023	1.798977108046869e-21	AP005131.2
AL356273.2	1.4907232838882631	1.803215786771545e-21	AL356273.2
AC136601.2	4.4679657446186605	1.8385676735586584e-21	AC136601.2
AC002059.3	1.630729069245675	1.8452849892492266e-21	AC002059.3
ASS1P11	-2.912061228707108	1.8868533654441e-21	ASS1P11
S100A5	-1.7753179590069714	1.899288255032305e-21	S100A5
GCNT3	-1.7519359412879292	1.9109703339130817e-21	GCNT3
ADCY8	3.2967047686985507	1.9123517125620103e-21	ADCY8
Z73965.1	1.4472552730576644	1.914970873662324e-21	Z73965.1
RPL37P6	1.631471693459421	1.9215116805423726e-21	RPL37P6
AC004854.1	2.977711305881115	1.930751453732053e-21	AC004854.1
LINC01569	1.015578748580265	1.941987313006281e-21	LINC01569
AC009301.1	1.6861035183796051	1.9445280484742308e-21	AC009301.1
LUC7L	1.0414808189543077	1.965997960461838e-21	LUC7L
LILRA5	1.2688533411141871	1.974236944769035e-21	LILRA5
NEAT1	1.6494370157299634	1.977833094808639e-21	NEAT1
CELSR3	1.496466189805366	1.9972294138918786e-21	CELSR3
CACNA1A	1.34370402054127	2.014310739384702e-21	CACNA1A
PRSS57	2.254979206781349	2.026745874598989e-21	PRSS57
AC007292.1	1.323705691040501	2.0356920542403995e-21	AC007292.1
ARPC3P4	1.8966226960829609	2.078902453406241e-21	ARPC3P4
PHBP9	1.3086420729257775	2.1197899775950586e-21	PHBP9
PRSS2	3.056481761402943	2.139477956388935e-21	PRSS2
GABRR2	1.4515159011331311	2.1759642612435985e-21	GABRR2
AC010618.3	1.2759089674107351	2.1937277011316586e-21	AC010618.3
AC012433.2	-4.1397330615013495	2.1969344080573606e-21	AC012433.2
PARVB	1.0960808321938045	2.23196940617409e-21	PARVB
RAPGEF4-AS1	2.7937126233303715	2.2337725727389337e-21	RAPGEF4-AS1
ERVE-1	-5.146150828204632	2.2544432074086254e-21	ERVE-1
AC002558.3	2.3798466604266806	2.307452172354676e-21	AC002558.3
LGALS9C	1.78672293373579	2.3273734915842587e-21	LGALS9C
AC004584.1	2.2612793529515325	2.341298016539621e-21	AC004584.1
AD001527.1	2.0466336630623574	2.3683934267810455e-21	AD001527.1
AP003484.1	3.824909790334462	2.376800451970547e-21	AP003484.1
TGM2	1.2622288073935493	2.3811380834203916e-21	TGM2
KLHDC8A	1.7191203288887658	2.4567747642948244e-21	KLHDC8A
CEACAM1	-1.1574112574007105	2.476834286258943e-21	CEACAM1
NME3	1.0423116294967645	2.4941191076948408e-21	NME3
AL080317.1	1.5624887244413743	2.5492833486239364e-21	AL080317.1
BPIFB9P	2.3478823373909337	2.5492833486239364e-21	BPIFB9P
Z85996.2	2.5590335652652216	2.6383152257228926e-21	Z85996.2
RHEBP2	-1.1850603895870535	2.6577018713089688e-21	RHEBP2
CYTIP	1.2117345474246757	2.678034463311497e-21	CYTIP
PKNOX2	-1.5662858326104645	2.6844777274523746e-21	PKNOX2
AC091825.1	2.346952906867481	2.687556114498957e-21	AC091825.1
MAP3K2-DT	1.1768686258355097	2.7095473242487447e-21	MAP3K2-DT
AC025627.1	2.1391958978998358	2.7241309978396094e-21	AC025627.1
AC011484.1	1.2411062044366223	2.731017702701997e-21	AC011484.1
ITIH4	2.3956392502345	2.731017702701997e-21	ITIH4
RN7SKP173	2.345189942056421	2.7315550166012977e-21	RN7SKP173
TRBV10-2	2.872537704662668	2.770167083878797e-21	TRBV10-2
PLA2G6	1.316137028396874	2.7704124498667802e-21	PLA2G6
SEMA3F-AS1	1.2283369895190444	2.8271386693914504e-21	SEMA3F-AS1
AC097713.2	3.453154686348504	2.8283496850478687e-21	AC097713.2
MAP7D2	2.381381648480554	2.828407037805992e-21	MAP7D2
SLIT1	1.189324026018007	2.83467628092494e-21	SLIT1
POU4F1	3.684732242431969	2.859906041400879e-21	POU4F1
NDUFA4	-1.0201964377981254	2.8865074093342117e-21	NDUFA4
OGFR-AS1	1.4214556398262672	2.8888330098182608e-21	OGFR-AS1
AC092653.1	1.4083484259589796	2.951595147789007e-21	AC092653.1
AC100827.2	2.2393418816535204	2.956550570492094e-21	AC100827.2
MIR4635	2.2947209769800363	2.997080164299019e-21	MIR4635
RPL12P10	1.9086019361446136	2.997378805802028e-21	RPL12P10
AP001029.3	2.283801265736587	3.044041274874297e-21	AP001029.3
AGAP4	1.0854254869545243	3.0558243632276098e-21	AGAP4
LDHAP5	1.3172514134472102	3.0746088476351213e-21	LDHAP5
RNU6-312P	2.072349947325609	3.0792614381761007e-21	RNU6-312P
CPNE7	2.2556769268907804	3.0829633664546428e-21	CPNE7
RNA5SP82	1.6739730493023173	3.0878794534839397e-21	RNA5SP82
CYP1D1P	3.186670040697791	3.100214048151447e-21	CYP1D1P
AC011239.1	-2.9480980309566505	3.1471150950534738e-21	AC011239.1
AC013394.1	1.87228760680618	3.1894663922791317e-21	AC013394.1
GRIP1	-1.2160039639782043	3.192594477667553e-21	GRIP1
AC092053.4	-1.0575094261621982	3.2090892002578357e-21	AC092053.4
DERL3	1.9017617757963792	3.270750857429731e-21	DERL3
AL021707.3	1.817964084494308	3.2715137757413986e-21	AL021707.3
AL118508.3	1.320175598239826	3.2788217233481144e-21	AL118508.3
AC008906.1	1.1413684985129091	3.3903819237848225e-21	AC008906.1
TRBV5-5	2.7628982535421747	3.4199893927996266e-21	TRBV5-5
FAM83B	-3.601128677314791	3.4844533879099245e-21	FAM83B
KCNG2	-1.5142722602338976	3.5129833998624815e-21	KCNG2
CCDC168	1.6427858076694564	3.5646388233366146e-21	CCDC168
LDHB	-1.1871760107379985	3.5911453702462496e-21	LDHB
SNORA33	1.6834057972129457	3.60854012960289e-21	SNORA33
SNHG4	1.2565636811145344	3.6259832405696076e-21	SNHG4
AC104365.2	2.998007078115052	3.725706463343601e-21	AC104365.2
PYGO1	-1.6272224274627058	3.744241847088822e-21	PYGO1
AC010205.1	-1.7276727766518245	3.754131515823289e-21	AC010205.1
AQP8	2.386615948584024	3.771433074824135e-21	AQP8
KCNC1	1.7283731500425004	3.771472941461998e-21	KCNC1
AC073048.1	-2.6755639563487583	3.7745910397869386e-21	AC073048.1
AC079384.1	3.0152743543087093	3.792321889564401e-21	AC079384.1
LINC02273	1.6841539221494648	3.82668204277973e-21	LINC02273
AC087239.1	1.789977589844913	3.8575410497581416e-21	AC087239.1
AP003100.1	4.548342736708471	3.863044683475966e-21	AP003100.1
H2BW3P	2.199667008856089	3.899165083560695e-21	H2BW3P
AC004461.2	1.7085728578400283	3.958862483772992e-21	AC004461.2
CDC37P2	2.4037234861585546	4.007638963167619e-21	CDC37P2
BNIPL	-1.4355228199352	4.0205027299426105e-21	BNIPL
SCIN	-2.058518826883319	4.100192820267489e-21	SCIN
B3GNT4	1.7557314613956747	4.1067407416746335e-21	B3GNT4
TRIM73	1.9613524945702472	4.153897667083372e-21	TRIM73
PLEKHG4B	-2.178669139236322	4.197530388857362e-21	PLEKHG4B
STEAP3-AS1	2.032632332911886	4.2189879518813305e-21	STEAP3-AS1
LINC01117	1.2821226176493847	4.2189879518813305e-21	LINC01117
AC106782.5	1.249723943710526	4.228657964316331e-21	AC106782.5
SLC44A4	-1.9353140701170184	4.275367438882429e-21	SLC44A4
AC011481.1	1.8368385121352973	4.286101690518704e-21	AC011481.1
ALDH1B1	-1.2807785230276514	4.3161464918346616e-21	ALDH1B1
AZGP1P1	-2.730866765372322	4.322869900272998e-21	AZGP1P1
AC010894.4	2.712351420105533	4.336386114968474e-21	AC010894.4
ANKRD36B	1.306736144751779	4.362512871764943e-21	ANKRD36B
ATP11A-AS1	3.2620477051810504	4.3751028588307e-21	ATP11A-AS1
PTPRR	1.5169181127741862	4.4280482915560386e-21	PTPRR
AL645929.2	1.3041808710050855	4.464327262474921e-21	AL645929.2
AL109933.1	-4.065156393619939	4.478208329806905e-21	AL109933.1
MCCD1P1	2.544625805323047	4.4933958986782055e-21	MCCD1P1
SLC25A5	-1.1398251577603793	4.595863386360161e-21	SLC25A5
AC019294.2	1.6134149518148888	4.642125037103082e-21	AC019294.2
MNS1	-1.060252122372113	4.6492641554025815e-21	MNS1
PRAME	2.818251568056931	4.742520744601237e-21	PRAME
C1QTNF7	-1.6267756913224876	4.7922910853963166e-21	C1QTNF7
PCA3	1.5867460403705238	4.7991014707753775e-21	PCA3
AC008770.2	-1.051365787966228	4.8172094921246485e-21	AC008770.2
AL135960.1	1.82530352331849	4.83042310262962e-21	AL135960.1
AL137856.1	2.950321966930016	4.847330335049192e-21	AL137856.1
GK-AS1	1.6698388602816845	4.8635099545206184e-21	GK-AS1
LINC02102	1.6580318965666192	4.874408508378087e-21	LINC02102
AC087257.2	2.0859228512680734	4.8999670789720706e-21	AC087257.2
AC107223.1	1.5365909541483584	4.933008436082666e-21	AC107223.1
AL023881.1	1.4947374840406653	4.934534350945252e-21	AL023881.1
EIF4A2P1	-1.4372038658864053	4.93851972157883e-21	EIF4A2P1
AC012181.2	1.3140293660333917	4.94487289454004e-21	AC012181.2
AC018638.7	1.5261518088025232	4.9494170622670485e-21	AC018638.7
AC002044.2	2.4688541764581	5.002175732268394e-21	AC002044.2
AC012213.3	1.7706584821467009	5.043033281097618e-21	AC012213.3
AC138649.2	1.640295190738713	5.06316876779205e-21	AC138649.2
LINC01237	1.469700671583093	5.2406383271934585e-21	LINC01237
OBP2B	3.350961573658452	5.284792266568972e-21	OBP2B
AC016383.2	-2.796823320162275	5.3057171938244856e-21	AC016383.2
MIR3176	2.027663723880045	5.332950174348568e-21	MIR3176
STIM2-AS1	-1.3401619263897098	5.381777465719861e-21	STIM2-AS1
LINC01611	4.472749457687413	5.6313861786438576e-21	LINC01611
AC004241.3	-1.146985094660645	5.633537697926162e-21	AC004241.3
TTC34	1.266639204240008	5.636643411681705e-21	TTC34
AC128707.1	-3.163120027147755	5.6445336028873534e-21	AC128707.1
AC003681.1	1.3547941169603614	5.708154823478233e-21	AC003681.1
LINC01411	4.388917054396913	5.7154966978716905e-21	LINC01411
LINC01224	-2.440174566800656	5.763706684203449e-21	LINC01224
LINC00222	1.8188147438344515	5.7796000429466084e-21	LINC00222
AC023794.2	-1.5882560553319998	5.8054006900568964e-21	AC023794.2
INO80B	1.433279106052358	5.877219032117699e-21	INO80B
AC099542.1	2.160048549839695	5.888669967640618e-21	AC099542.1
LGSN	-2.086259720741498	5.935864338524651e-21	LGSN
GALNT14	1.1042269944362226	5.997080716822148e-21	GALNT14
MRPS9-AS1	1.519661725759699	6.0395590260284446e-21	MRPS9-AS1
AC003093.1	3.372054270154216	6.184636646408054e-21	AC003093.1
C6orf132	-1.4521631858102648	6.227047904985635e-21	C6orf132
RPL39P38	1.7180643764047463	6.2746250487517735e-21	RPL39P38
AC012254.5	1.8500541250028173	6.328478084849021e-21	AC012254.5
NPY2R	-3.717388228198765	6.4295678609898275e-21	NPY2R
LINC02145	1.6981652829570737	6.4355659393532854e-21	LINC02145
RIPOR2	1.0176381702179629	6.4417986067109104e-21	RIPOR2
AC069528.2	1.1443167281334752	6.604535479543049e-21	AC069528.2
HOXC12	2.258868432807662	6.6235358681978516e-21	HOXC12
CEBPE	1.498062324559844	6.627142972689569e-21	CEBPE
AC243772.3	2.069201768069187	6.668771728920832e-21	AC243772.3
SST	3.5279887073799547	6.6793775424485305e-21	SST
AP001148.1	-1.0506501249875349	6.834804550388424e-21	AP001148.1
IMPDH1P10	2.2241791769742414	6.834931633564045e-21	IMPDH1P10
NKAPL	-1.0852353422562422	6.86087100119985e-21	NKAPL
TUBB3	2.3037257074828967	6.92211177309822e-21	TUBB3
SIGLEC18P	3.1717824997507544	6.969575235523549e-21	SIGLEC18P
H2BC7	2.581890342966457	7.034935722512798e-21	H2BC7
AL121974.1	-3.661408797743831	7.052595552016233e-21	AL121974.1
UGT1A10	4.036323580721029	7.076767533854051e-21	UGT1A10
ACBD3-AS1	1.6925554060572416	7.093023177286613e-21	ACBD3-AS1
H2BC21	-1.20635383020274	7.139853709348335e-21	H2BC21
PPARGC1A	-1.7127767726261225	7.146436408031208e-21	PPARGC1A
AL627422.2	2.172762186314716	7.278559850008218e-21	AL627422.2
PSMD10P1	1.8389760030181168	7.324952738390722e-21	PSMD10P1
AC020659.1	2.073020381775961	7.37715329046613e-21	AC020659.1
AC073869.1	2.174083592539528	7.390846759567515e-21	AC073869.1
AC087289.5	1.3301665158206877	7.495452649023183e-21	AC087289.5
RPS3AP38	1.8129351135671397	7.548814406570158e-21	RPS3AP38
LRRC37A9P	2.045535952934665	7.654857456033835e-21	LRRC37A9P
AC073655.1	2.278352740428953	7.804481431717768e-21	AC073655.1
LINC01513	2.1899735148873867	7.834049108517431e-21	LINC01513
ELOVL3	-1.4519368538829966	7.851649695152054e-21	ELOVL3
TRAV20	2.330584347502115	7.857845501509458e-21	TRAV20
AL162727.2	1.398531501487941	7.997375138706266e-21	AL162727.2
AC020658.5	1.6482901369627825	8.096226598549576e-21	AC020658.5
AL162274.2	1.0206083582611092	8.123515767472115e-21	AL162274.2
AC104758.1	1.6744389345983175	8.253655038306333e-21	AC104758.1
CTAGE6	3.0120819781581907	8.300707767697916e-21	CTAGE6
LINC00685	1.574970785098715	8.308521476311512e-21	LINC00685
LYG2	1.8594861304810395	8.577374960431892e-21	LYG2
SCGB1B2P	1.295672938442594	8.578510244060142e-21	SCGB1B2P
SNORD62B	1.5688876593933097	8.593336625558842e-21	SNORD62B
AL512378.1	3.720173078726658	8.679781894285222e-21	AL512378.1
IGLC3	2.608784814476292	8.736222578393298e-21	IGLC3
SLC22A16	2.04245176844985	8.814304560275081e-21	SLC22A16
AC008870.4	2.031511208451537	8.881104826367553e-21	AC008870.4
AC005274.1	2.2724088861006737	9.035631481680116e-21	AC005274.1
RRM2P3	1.6958391822747347	9.19575377176964e-21	RRM2P3
AC008964.1	2.389735869485669	9.214582304425547e-21	AC008964.1
LINC01508	1.5149203058773957	9.288111362579024e-21	LINC01508
ADAMTS8	-1.4100996249455908	9.391597790327288e-21	ADAMTS8
MTHFD2	1.0330515218531062	9.397273631225327e-21	MTHFD2
SCTR	-1.422423765129929	9.439856700127611e-21	SCTR
AL513164.1	4.588228571782492	9.443093393293019e-21	AL513164.1
LINC01338	-1.9527555783434536	9.550714488764216e-21	LINC01338
AC092611.1	1.5099903273545252	9.558535598973703e-21	AC092611.1
LINC02390	2.992740289431187	9.558535598973703e-21	LINC02390
LAMP3	1.1749520879211297	9.654506707184828e-21	LAMP3
TMPRSS13	-1.699204837558491	9.70507495503934e-21	TMPRSS13
AC138150.2	1.2454177975970735	9.705995022553071e-21	AC138150.2
AC019181.1	-1.3695533034866931	9.746142300578606e-21	AC019181.1
BUB1B	1.2432820970236929	9.850535614287659e-21	BUB1B
TRAV36DV7	2.2747456459150914	9.850535614287659e-21	TRAV36DV7
GPAT2	1.3148134583639222	9.972732483284692e-21	GPAT2
AC068338.3	-1.2279552952634811	9.990211016824736e-21	AC068338.3
CADM4	-1.6843335709860827	1.0024398635524859e-20	CADM4
MOGAT3	2.2655077482602857	1.0182911716316555e-20	MOGAT3
AC010530.1	1.7621828310382175	1.0534534425188092e-20	AC010530.1
AP000763.3	2.519945487260256	1.0552029156250511e-20	AP000763.3
AC025917.1	1.5230516109850387	1.0685091398953911e-20	AC025917.1
MIR548AN	3.018031708864575	1.0756868093608088e-20	MIR548AN
EEF1A1P31	2.778406150465986	1.078074659886565e-20	EEF1A1P31
FREM2	-1.7014104156853382	1.0830396701536431e-20	FREM2
AC007601.1	2.1871232652686587	1.1308973163996447e-20	AC007601.1
CTF1	-1.172891131345238	1.1312485083998836e-20	CTF1
AC024940.1	2.3709032907381267	1.1344669292757098e-20	AC024940.1
AL023882.1	1.4168152543902828	1.1424497042609724e-20	AL023882.1
AC019206.1	2.5475319627945736	1.149225797886898e-20	AC019206.1
ARSH	-3.200562142923728	1.1560015160887505e-20	ARSH
AC092171.4	1.768082374197291	1.1562530616349115e-20	AC092171.4
WNK3	-1.6337171777222024	1.1663751377695483e-20	WNK3
TRAV10	2.5784366489633257	1.170262557232283e-20	TRAV10
C2CD4C	1.4249803505762395	1.2114657977626438e-20	C2CD4C
TCEAL2	-3.136675707518717	1.2218899847617571e-20	TCEAL2
KRT18P5	1.5677339639840542	1.2362631255648323e-20	KRT18P5
AC084809.1	-1.401566820838943	1.2362631255648323e-20	AC084809.1
OR7E108P	-3.6133338992982416	1.2411087442209967e-20	OR7E108P
IQGAP2	-1.132365819775982	1.2526631330848248e-20	IQGAP2
BARX1	3.633470195372244	1.2601491122679931e-20	BARX1
MARVELD3	-1.4068394077875592	1.2650691052574563e-20	MARVELD3
AC008781.2	1.787231672980906	1.2656667812878675e-20	AC008781.2
AC132872.2	1.7277631641470796	1.2691484716896913e-20	AC132872.2
AC117500.2	2.280448543201427	1.2697660295302006e-20	AC117500.2
LINC01664	1.932511992995417	1.2780527564703114e-20	LINC01664
OR56B1	3.812776973284777	1.2838813734879071e-20	OR56B1
LINC02763	2.147671708455469	1.3000144975347568e-20	LINC02763
NXF5	2.024526658585448	1.3083381503881906e-20	NXF5
AC232271.3	-1.1967373374976868	1.3169771330823883e-20	AC232271.3
RASGRF2-AS1	1.53063300816474	1.3217023342624156e-20	RASGRF2-AS1
MIR6753	3.024208815547663	1.3230610131973567e-20	MIR6753
CRYAA	-4.6385030750513065	1.3324094693515922e-20	CRYAA
CPNE4	-2.6208181802961152	1.3366354939029795e-20	CPNE4
AC093311.1	2.0492072023534185	1.337834485855082e-20	AC093311.1
CATSPER3	1.0523535594445692	1.3446133808248732e-20	CATSPER3
OBI1-AS1	1.4981088710139978	1.3486609512677951e-20	OBI1-AS1
EIF4EP1	1.802253177011292	1.3511105307086927e-20	EIF4EP1
HMMR	1.3429914897034108	1.4215391651330983e-20	HMMR
AC090206.1	-1.7422070316992069	1.424251981332968e-20	AC090206.1
CD163L1	1.5129018273875434	1.4289303481313072e-20	CD163L1
LINC02811	3.3206286234404603	1.4531733616224852e-20	LINC02811
COL6A1	1.1057920078667796	1.4659069164594112e-20	COL6A1
PLAAT4	1.2828348592076315	1.4779258594773524e-20	PLAAT4
RN7SKP80	2.2198573464569176	1.484366664557294e-20	RN7SKP80
RPRM	-3.2887924649458142	1.4988785899801594e-20	RPRM
KANSL1L-AS1	1.366629074073364	1.4988785899801594e-20	KANSL1L-AS1
AC010761.3	1.7043029607987423	1.5349549928901323e-20	AC010761.3
LGALS3	1.328327149259854	1.538283698607853e-20	LGALS3
FSIP2-AS2	2.077003253758633	1.5385961372748926e-20	FSIP2-AS2
TICAM2	1.5441799908595562	1.5556147533038283e-20	TICAM2
CBWD3	1.0826535122132352	1.5709866919155894e-20	CBWD3
PADI3	3.6450293577239368	1.5755439637015428e-20	PADI3
AC093063.1	4.7225904046313	1.5932202038486944e-20	AC093063.1
C15orf48	1.5191006116456165	1.5958130511990863e-20	C15orf48
AC011416.3	-1.4140155906330114	1.6129553806339468e-20	AC011416.3
RNU6-88P	2.320857742194259	1.6293600516801774e-20	RNU6-88P
ZGLP1	1.3046635921619003	1.6934475846399682e-20	ZGLP1
RNU4-62P	2.376744421542702	1.717424306313986e-20	RNU4-62P
SCGB3A1	1.7018273834635351	1.7295838380857458e-20	SCGB3A1
NPTN-IT1	1.4822382057352022	1.7371870155927496e-20	NPTN-IT1
AC026333.4	1.7335329658835104	1.8171878072859692e-20	AC026333.4
HMCN1	1.2153995606152634	1.8237344993358827e-20	HMCN1
IGFBP2	-1.8025358415338573	1.8273165271709194e-20	IGFBP2
AP005212.2	2.200496979286459	1.8619632618498974e-20	AP005212.2
TRBJ1-2	3.655136231196785	1.8961604972753704e-20	TRBJ1-2
CLEC18A	2.0471069336899563	1.9052994017729335e-20	CLEC18A
AC006330.1	1.6778785157017084	1.9087436657821788e-20	AC006330.1
PTX4	2.1711271233663725	1.97208328545199e-20	PTX4
RPL29P14	2.412526501602241	1.994223577426156e-20	RPL29P14
AC002066.1	1.5983377846316629	2.051849256759668e-20	AC002066.1
LRRC37A5P	-1.0884238014997034	2.0586703264437477e-20	LRRC37A5P
TUBAL3	-3.8088696491087934	2.0607161068092452e-20	TUBAL3
AC009090.1	1.60997752047987	2.0626266693199542e-20	AC009090.1
AL512383.1	-3.3888013749582373	2.071534199699585e-20	AL512383.1
PRSS22	-3.253828297879911	2.0751466866751707e-20	PRSS22
WT1-AS	-2.7490358454281942	2.0839640859521887e-20	WT1-AS
AC107983.1	1.288158220631556	2.0897670308587594e-20	AC107983.1
SMIM9	3.261524706220824	2.1106397796860646e-20	SMIM9
DHFRP2	3.7928993783731095	2.116667106442872e-20	DHFRP2
AC011815.2	1.570794643019657	2.1194304396719702e-20	AC011815.2
AL450384.1	1.989289582498464	2.1241622678571982e-20	AL450384.1
AC010261.2	2.08354670508686	2.152969509161708e-20	AC010261.2
AL121750.1	2.6013351726835245	2.171086571323333e-20	AL121750.1
AC092902.4	1.707403674761221	2.172167971093313e-20	AC092902.4
AL136380.1	1.9999094075513653	2.1852987419653164e-20	AL136380.1
AL133330.1	2.1654600548990386	2.2592503761533103e-20	AL133330.1
CNN2P9	1.0426078112170163	2.261654032100565e-20	CNN2P9
EPOP	1.1463588842543575	2.2749811955998028e-20	EPOP
MDK	1.740748862906366	2.297036693893052e-20	MDK
AC008780.1	3.4630038145404227	2.3547500482369676e-20	AC008780.1
PBLD	-1.2503006690294038	2.3702811112021208e-20	PBLD
PSCA	-2.9435817635276664	2.385950502298367e-20	PSCA
AC008750.1	3.63706131031876	2.38893065374952e-20	AC008750.1
AC016596.2	1.2009101022419386	2.402370085782726e-20	AC016596.2
AC006207.1	2.6475229644459155	2.402370085782726e-20	AC006207.1
HTR1F	1.613040126133407	2.403181353882816e-20	HTR1F
FXYD3	2.5455716819421776	2.4127131839746188e-20	FXYD3
AC005674.1	1.4304003092073123	2.421264779620456e-20	AC005674.1
AC110373.1	1.145654809126105	2.4262757374970103e-20	AC110373.1
AP001931.2	1.8106204451470764	2.4555709600172703e-20	AP001931.2
RNU7-40P	2.530556981657477	2.4815774825191078e-20	RNU7-40P
AL513523.1	2.008176105376793	2.5021034108914883e-20	AL513523.1
AC116407.1	-1.3977615274055368	2.513490640655556e-20	AC116407.1
LINC01962	1.3139030654891244	2.5694518309703223e-20	LINC01962
MIR6797	2.638764310682139	2.6652720956983736e-20	MIR6797
COBL	-1.2227336845681076	2.672404042124375e-20	COBL
GLI4	1.125704589444918	2.6799271915235804e-20	GLI4
ETV7-AS1	1.7273279543710305	2.708504912843824e-20	ETV7-AS1
TEX29	1.6800063757318735	2.7189509089230197e-20	TEX29
AC023202.1	2.967246144300195	2.726317118584386e-20	AC023202.1
AP005131.5	3.283885625537233	2.7288205973046054e-20	AP005131.5
AC105384.2	3.1802395436129385	2.775758715671473e-20	AC105384.2
Z83843.1	1.4299868588805666	2.788532690477435e-20	Z83843.1
AC044849.1	1.8786276732174525	2.806676973690143e-20	AC044849.1
RPL37P1	3.3936032382842938	2.844747703219153e-20	RPL37P1
KLK14	1.9801455172289644	2.936925540295443e-20	KLK14
AC004080.4	-1.983365646595312	2.983161535643623e-20	AC004080.4
SOX21-AS1	2.5664290488780974	3.001690541253563e-20	SOX21-AS1
LINC01917	-2.021682162740622	3.0310671500228047e-20	LINC01917
TPSAB1	1.6564534874712382	3.055558719222624e-20	TPSAB1
PGA5	2.353507317789593	3.059255208117571e-20	PGA5
AF131215.7	-1.7248918969816531	3.079939052364552e-20	AF131215.7
AC119751.6	3.914855529871947	3.0813876157692513e-20	AC119751.6
AC024145.1	1.59887430523916	3.085349853883488e-20	AC024145.1
ZNF114	2.4639131817975284	3.0875558137001167e-20	ZNF114
AC021683.2	1.5967566386283187	3.155280246580058e-20	AC021683.2
IL2	2.575994699068549	3.1715243486940205e-20	IL2
AC093484.4	1.746865406652836	3.2336395330554784e-20	AC093484.4
TRAV1-2	2.1616215329709494	3.3239137261864216e-20	TRAV1-2
RPS11P5	1.0148088598359797	3.3503625425713945e-20	RPS11P5
NBEAP2	1.223833401143016	3.3974324578962926e-20	NBEAP2
ENHO	-1.4715923607693482	3.413024638776365e-20	ENHO
PYCR1	1.6849328299842448	3.413024638776365e-20	PYCR1
ERICH6B	1.614257663863787	3.420506153212638e-20	ERICH6B
NOG	2.520589759030838	3.436346234185778e-20	NOG
AL353804.2	2.753762760603006	3.4697647929864794e-20	AL353804.2
AC079781.5	1.1115661441090243	3.492713368782365e-20	AC079781.5
AL359510.2	1.506383428788637	3.4992014888260174e-20	AL359510.2
AC244197.2	2.3359380637955307	3.503829192513512e-20	AC244197.2
AC069120.1	-2.377500050130288	3.51450107205904e-20	AC069120.1
AL137002.2	-1.944857930463493	3.5288462779748124e-20	AL137002.2
AC104850.2	-1.052505999450796	3.681006605275645e-20	AC104850.2
SYTL1	1.5550656474847135	3.709795611327059e-20	SYTL1
AP000907.2	1.9343002265062907	3.7428848702604256e-20	AP000907.2
STOX1	-1.711560126927209	3.752108934166705e-20	STOX1
GPR155	-1.135560229144586	3.7734571576529036e-20	GPR155
AC068722.2	1.8165613156787976	3.828168023208875e-20	AC068722.2
CD69	1.2182789401387537	3.8736926861006724e-20	CD69
AC092902.6	1.5107436887598225	3.9132012171746923e-20	AC092902.6
GAPDHP35	1.40284159307965	3.953435680584206e-20	GAPDHP35
AL512652.1	1.8021000135471072	3.953661013167755e-20	AL512652.1
MATN2	-1.1390765231890927	3.9568459182470854e-20	MATN2
AQP7P3	-4.095210447873714	3.964318298458855e-20	AQP7P3
AC133637.1	4.411082911531479	3.990195731657856e-20	AC133637.1
AC124319.3	1.8706908575058752	4.017776427240678e-20	AC124319.3
AC053513.2	1.4719575977612978	4.0623746499034054e-20	AC053513.2
AIF1	1.0421833613857672	4.088481213347172e-20	AIF1
AC005746.2	-1.204372749813794	4.111158959381149e-20	AC005746.2
GOLGA6L5P	1.386690221891537	4.1542900200257246e-20	GOLGA6L5P
MROH5	2.270510294307102	4.1738902139309373e-20	MROH5
CD82	-1.3458145588043269	4.174727049048106e-20	CD82
GFOD1	1.0599490466722508	4.1806395934622704e-20	GFOD1
SERPINA1	1.703723004706024	4.220181717873821e-20	SERPINA1
RN7SKP296	3.061583854935963	4.288612917093819e-20	RN7SKP296
ENTPD8	-1.7338120768572671	4.300101896537935e-20	ENTPD8
LINC02174	-2.844674901349729	4.347821287096618e-20	LINC02174
RAB15	-1.0140955526787925	4.3576050998376995e-20	RAB15
AL117339.4	1.5794398445134867	4.371287292136237e-20	AL117339.4
AC004930.1	3.659724820520599	4.393184476717686e-20	AC004930.1
LINC02325	1.4913473836611233	4.4503837445719093e-20	LINC02325
AC079380.1	2.164216328912513	4.4622262063101256e-20	AC079380.1
AC008610.1	1.4933057463548858	4.493675447394783e-20	AC008610.1
AL589669.1	1.81025640516283	4.4992432775252584e-20	AL589669.1
RPL13P12	1.4502099173587348	4.516979846135395e-20	RPL13P12
LINC01433	2.4981693872039488	4.5262166463480293e-20	LINC01433
ATP6V1C2	-2.299999552428566	4.5457124606589874e-20	ATP6V1C2
STAG3L5P-PVRIG2P-PILRB	2.055300214566874	4.556842171921515e-20	STAG3L5P-PVRIG2P-PILRB
CFAP20DC-AS1	3.791847477722327	4.568744931663577e-20	CFAP20DC-AS1
TRBJ1-1	3.098168011911408	4.6343465968274944e-20	TRBJ1-1
ARGFXP2	2.303516313498095	4.654713605222036e-20	ARGFXP2
AC010327.3	2.8159135712671666	4.6991644070574436e-20	AC010327.3
AC011481.2	1.433193765220819	4.6991644070574436e-20	AC011481.2
AC022706.1	1.0583318788631724	4.7684199105296144e-20	AC022706.1
AC026904.2	-1.156530274304986	4.795117859266413e-20	AC026904.2
AC108925.1	2.017051642157518	4.8237484416063134e-20	AC108925.1
LINC00955	-2.968153953292193	4.8237484416063134e-20	LINC00955
MMP17	2.065052425974507	4.914626066893762e-20	MMP17
BMP3	-1.965001666018263	5.007003153381542e-20	BMP3
AC068790.7	1.6490609364790183	5.0149060603408256e-20	AC068790.7
CCL25	3.146900409973564	5.045970345153855e-20	CCL25
U73169.1	2.118420768370864	5.0578171890012074e-20	U73169.1
LINC01659	-2.25861544407463	5.1383082767213415e-20	LINC01659
EAF2	-1.106577726030986	5.18125246803058e-20	EAF2
AP002812.3	2.178035339863868	5.2361696034800364e-20	AP002812.3
AL596442.3	4.455736351276036	5.2839201829284494e-20	AL596442.3
ACAT1	-1.2332997721293568	5.3186698036673015e-20	ACAT1
AL391056.1	1.967578171893131	5.3938865739986044e-20	AL391056.1
AL049714.1	2.349886477993432	5.41114925060565e-20	AL049714.1
AC106845.1	1.4892713547629008	5.462724492945017e-20	AC106845.1
AC009542.1	1.4720338364433387	5.501936617655502e-20	AC009542.1
SNTG2-AS1	3.781370533475692	5.519590293737384e-20	SNTG2-AS1
RNU4ATAC18P	1.7655324053454935	5.55034047726805e-20	RNU4ATAC18P
ALOX5AP	1.189313379785731	5.581569738706055e-20	ALOX5AP
AL451007.1	1.0093440648657286	5.667027837277662e-20	AL451007.1
TAS2R4	1.400652951373651	5.744169142905864e-20	TAS2R4
FKBP2	1.6079226211476738	5.75579994373335e-20	FKBP2
MTMR9LP	1.4241874185533918	5.763138515453331e-20	MTMR9LP
AC034236.3	3.0416358843587137	5.793060461761243e-20	AC034236.3
ADTRP	-1.8942476359840816	5.801444379057374e-20	ADTRP
BNIP3P22	2.133784405703998	5.941054444435041e-20	BNIP3P22
RPL35AP16	3.31924777343359	5.955981249569189e-20	RPL35AP16
AL162419.1	-1.871675030027072	5.975511603409833e-20	AL162419.1
BDH1	-1.8134649910606828	6.001792333180518e-20	BDH1
MZT2B	1.0446698113587556	6.004931818552437e-20	MZT2B
PDLIM7	1.02409452126484	6.018426298164081e-20	PDLIM7
AC017104.3	1.495987654679557	6.263142571708733e-20	AC017104.3
KIF15	1.2039908590903816	6.334460282128864e-20	KIF15
MIR6728	3.3216618178378896	6.359917920963881e-20	MIR6728
LYNX1	-1.2076904182571733	6.366476801525521e-20	LYNX1
AC007272.1	2.2667790518773185	6.441343144733954e-20	AC007272.1
AC010536.2	2.5205581332761624	6.683489167906695e-20	AC010536.2
AC007216.4	1.4115652223291564	6.694498419273393e-20	AC007216.4
AC079907.1	1.5542584241878632	6.825902511879373e-20	AC079907.1
PRCD	1.072018935161784	6.895348033728729e-20	PRCD
CCDC57	1.0232868297237745	6.939900308470266e-20	CCDC57
PIM2	1.2676672641140052	6.965886479570783e-20	PIM2
AC020558.2	1.5031017655999324	6.983571757765064e-20	AC020558.2
SLC22A15	-1.316423947838264	6.986838826286904e-20	SLC22A15
MRS2P2	2.488865558126962	7.064835954574963e-20	MRS2P2
AC084783.1	3.653848938107887	7.106271919618391e-20	AC084783.1
LINC02613	-1.6580731022861006	7.158520512395075e-20	LINC02613
AL136988.2	1.747573291943724	7.160290256510618e-20	AL136988.2
RPL26P6	1.2634711727129404	7.177640324072058e-20	RPL26P6
AC010642.1	2.19870153476922	7.274135552722636e-20	AC010642.1
AL117340.1	2.31488062402401	7.339848194675611e-20	AL117340.1
TRAV6	2.1834122196992154	7.392107071670297e-20	TRAV6
TRAV8-1	2.240258681719112	7.393893700576351e-20	TRAV8-1
AP002800.1	1.153011780862164	7.433855241432015e-20	AP002800.1
AL390236.1	2.1530364651715903	7.462528062183341e-20	AL390236.1
TLCD4	-1.1301907475755284	7.488841950373655e-20	TLCD4
AL356356.1	1.3993322733920888	7.528005485290241e-20	AL356356.1
AC012213.2	1.8781343096808245	7.654380721056023e-20	AC012213.2
ASS1P13	-1.6457190331047653	7.667151630445698e-20	ASS1P13
HNRNPA1P49	1.5882474575455463	7.76945499167987e-20	HNRNPA1P49
AC091180.2	1.3454873580706963	7.846184576017977e-20	AC091180.2
SVEP1	-1.5905713715718686	7.908365975302631e-20	SVEP1
S100A8	1.5326274726352878	7.93675263917965e-20	S100A8
AC034236.1	1.223368215329043	7.973958053741503e-20	AC034236.1
LINC00942	2.678113163857502	8.04250089915704e-20	LINC00942
SNORD17	2.1812620655259	8.109453632263369e-20	SNORD17
LINC02292	-1.7967773733035757	8.16637354383949e-20	LINC02292
AL117209.1	1.6262568754138629	8.21012642541615e-20	AL117209.1
RN7SL130P	1.5684158380625115	8.271528599978103e-20	RN7SL130P
AC243964.3	-1.5832411475602763	8.283976533909075e-20	AC243964.3
WSCD2	-2.343017767597797	8.317942658987971e-20	WSCD2
AC078980.1	-3.136358862512497	8.365512295377445e-20	AC078980.1
RN7SL663P	2.014394237396233	8.514076154741142e-20	RN7SL663P
AC044840.1	2.6161486179444844	8.562628910976902e-20	AC044840.1
AP001381.1	2.9358986781918555	8.566961729716313e-20	AP001381.1
OGDHL	-1.9433973431765328	8.589092762343653e-20	OGDHL
AL132838.1	1.353252028884169	8.651620114604176e-20	AL132838.1
AC005776.1	2.7700936302198063	8.693454383584265e-20	AC005776.1
Z93403.1	-2.9533338578511144	8.734558399891219e-20	Z93403.1
ENPP2	1.5595708446112593	8.753697454021621e-20	ENPP2
PLAG1	-1.6795755056888686	8.769226272104233e-20	PLAG1
DUX4L26	2.4198670476305084	8.793258340182361e-20	DUX4L26
AP000919.2	2.870497827398253	8.79735108397806e-20	AP000919.2
AC087286.4	2.456591846103743	8.805823190454436e-20	AC087286.4
AC024361.3	2.6714238194758733	8.808831218729842e-20	AC024361.3
CBARP	-1.44966387803014	8.965851403754117e-20	CBARP
AC009120.3	1.429089530871489	9.018279699086082e-20	AC009120.3
XPC-AS1	1.0998954008002346	9.018279699086082e-20	XPC-AS1
TSPAN16	2.3985398011873333	9.061086763494224e-20	TSPAN16
RNF14P3	1.992088439778101	9.081328023381738e-20	RNF14P3
MNX1	2.5018188299838844	9.088226664366513e-20	MNX1
DNAH10	-1.056673438013641	9.11716353474819e-20	DNAH10
AC092919.2	1.0594182818076237	9.14924905854622e-20	AC092919.2
MTDHP1	1.9016961383378823	9.388978061930841e-20	MTDHP1
AC087175.1	1.416604875579544	9.405575436801303e-20	AC087175.1
SERPINA12	4.049992859800678	9.440510872143212e-20	SERPINA12
HLA-K	1.5152393584825932	9.479692376536444e-20	HLA-K
RNF165	1.3864818622404642	9.487314577857628e-20	RNF165
KIFC2	1.201982632062516	9.996417364128978e-20	KIFC2
AC020907.1	3.3411995563025045	1.0218973472379812e-19	AC020907.1
AC008894.2	1.85755426226508	1.022932468567004e-19	AC008894.2
HOXD10	-1.3083944095909414	1.0232759015595599e-19	HOXD10
PSMB3P1	2.537497391950748	1.025636274998017e-19	PSMB3P1
AC016747.3	1.5641208025890712	1.0284469829574332e-19	AC016747.3
AC020604.1	1.710492532885973	1.0309911176775712e-19	AC020604.1
BCL2L15	-1.7688555680179714	1.034735304889906e-19	BCL2L15
ABHD14A-ACY1	-1.272611304049222	1.0424191714741188e-19	ABHD14A-ACY1
GAPDHP72	1.2953194294813168	1.0424235907794616e-19	GAPDHP72
HHATL	4.405859629938764	1.0443514288908844e-19	HHATL
SNX29P1	1.903464434979903	1.0495284776206754e-19	SNX29P1
SCN4A	1.6389076436884078	1.0554888758118759e-19	SCN4A
AL442125.1	1.199535204677133	1.0574134705256707e-19	AL442125.1
AL139002.1	-2.490437482468899	1.0776559212934812e-19	AL139002.1
LINC01160	1.3752527405965334	1.0855441738944308e-19	LINC01160
LHX1	-3.534996788203975	1.0861635735663105e-19	LHX1
HSP90AA2P	-1.1583752184623357	1.0981603345154723e-19	HSP90AA2P
AC012404.2	2.440347813399169	1.1044369885130437e-19	AC012404.2
MZF1	1.0029653964951135	1.1085274791534705e-19	MZF1
AC084018.1	1.4530006591735327	1.118087922927959e-19	AC084018.1
NPAP1	-2.6074761436144795	1.1268877968271986e-19	NPAP1
AC114495.2	1.5767755577985367	1.142164310148111e-19	AC114495.2
AC092681.2	1.5986603510821005	1.1456645844330005e-19	AC092681.2
LINC02672	-1.9306394377232363	1.1512667397205784e-19	LINC02672
AC100803.3	1.4258426969804003	1.1538269456494604e-19	AC100803.3
DNM1	1.4521212221026971	1.154247138330247e-19	DNM1
RNU7-49P	1.773494172519274	1.1579644183427e-19	RNU7-49P
AC114964.2	-2.714101576252641	1.1620024375787455e-19	AC114964.2
TTC39A	1.1742277816914086	1.164618412534291e-19	TTC39A
AC092436.3	3.4829193361797746	1.1810944319206052e-19	AC092436.3
KRT6A	4.334085511634207	1.192874526595931e-19	KRT6A
LINC02078	2.668432131883663	1.192999343194287e-19	LINC02078
AL096712.2	1.8081598152701903	1.207958537495221e-19	AL096712.2
CTXND1	-2.1361493407909062	1.230167517229293e-19	CTXND1
IGHG3	2.613562264258509	1.2347909443379474e-19	IGHG3
TRPM5	-2.10059643320998	1.2632428124935057e-19	TRPM5
AL359834.1	2.8173970624179603	1.2691011811759552e-19	AL359834.1
LINC02798	-1.3318723919726645	1.2704603501484037e-19	LINC02798
PCAT14	-3.202244410924296	1.2833698841952462e-19	PCAT14
THSD1	1.0006795967986366	1.2853806642667053e-19	THSD1
SLC43A1	-1.2915232284532998	1.2996341579893834e-19	SLC43A1
AL132709.8	2.0417515643776896	1.3027656033056532e-19	AL132709.8
AL049840.6	1.4709990010474767	1.3051769947330432e-19	AL049840.6
KRT18P4	1.3257328762811995	1.3076359718953357e-19	KRT18P4
PLA2G4B	1.871826463929657	1.3293185007582624e-19	PLA2G4B
AC002553.2	1.388151325571121	1.3869042185548177e-19	AC002553.2
SLC16A6P1	1.7507997964559194	1.3961326309354953e-19	SLC16A6P1
AC107959.4	1.82659408164304	1.4006660769393857e-19	AC107959.4
AC008750.4	1.6795575223401125	1.4098664392484502e-19	AC008750.4
AC073370.1	2.5043466332637774	1.423846821208571e-19	AC073370.1
PRSS21	2.305901572756305	1.4291670083146936e-19	PRSS21
SLC2A5	1.7200043841144073	1.4348442907524813e-19	SLC2A5
LBP	3.4363032908929934	1.4487172816224045e-19	LBP
AC079145.1	-1.1213980947949145	1.4636041269039616e-19	AC079145.1
BRINP3	-3.935698298670467	1.4788764870525445e-19	BRINP3
AC122719.3	3.224751706282478	1.489919966738837e-19	AC122719.3
MYRFL	1.8836494491496485	1.5148267743245534e-19	MYRFL
ZDHHC20-IT1	1.5612654604626548	1.5552877792259332e-19	ZDHHC20-IT1
AC007016.1	2.468718550276148	1.5929539640102932e-19	AC007016.1
DGKB	-1.4808711963309222	1.6005021050009666e-19	DGKB
AL133523.1	-1.1503959357044105	1.601286629516549e-19	AL133523.1
STX19	-1.727498070180198	1.6078451313118257e-19	STX19
FGA	3.437855735708988	1.6445447992087605e-19	FGA
AC131097.2	-1.7403239140627311	1.6469398244667632e-19	AC131097.2
EBLN2	1.2351780517395965	1.6669731771138102e-19	EBLN2
ME2P1	3.896825004020767	1.6767008286097505e-19	ME2P1
HMX2	-5.434441582341119	1.692172663933914e-19	HMX2
LINC02212	3.09737943730358	1.72773639235432e-19	LINC02212
PKP4-AS1	1.3567849872376834	1.7345916304952358e-19	PKP4-AS1
C1QTNF1-AS1	2.113795960192225	1.7538799795273363e-19	C1QTNF1-AS1
AL355916.2	1.4502921217298828	1.7553768849102078e-19	AL355916.2
KCNAB3	1.4521826446040618	1.7730755231252685e-19	KCNAB3
AC010325.1	2.430750182516223	1.7751187702708638e-19	AC010325.1
DNAI3	-1.348343937465842	1.7895633354180037e-19	DNAI3
AL591441.1	2.504284088844882	1.7981202086974787e-19	AL591441.1
AC107373.3	3.687721394850411	1.8025253997876326e-19	AC107373.3
Z99716.2	-1.3550115846203925	1.8077082674710936e-19	Z99716.2
AC018804.1	1.9647251660194005	1.8157012471714647e-19	AC018804.1
NAIP	1.3279783551187052	1.8234293059810268e-19	NAIP
LINC01561	-2.8884258018346585	1.8269042204987772e-19	LINC01561
HSD17B1	-1.134477441388351	1.8272183252246333e-19	HSD17B1
APOOP1	3.923688961831692	1.8425001047230373e-19	APOOP1
EDRF1-DT	-1.0871747841877066	1.8552151162261558e-19	EDRF1-DT
TRAV1-1	2.6073272430061585	1.861060528452663e-19	TRAV1-1
MOV10L1	1.4158882156303296	1.868875460983891e-19	MOV10L1
CFAP77	-1.690634934827608	1.8718343339063191e-19	CFAP77
AC009226.1	1.516878146096514	1.9129330637529145e-19	AC009226.1
AC093787.1	-4.762233017179351	1.914254729876476e-19	AC093787.1
GPR25	2.122603829898634	1.9413206387628876e-19	GPR25
AL035106.1	2.3404773367187106	1.9428729642551721e-19	AL035106.1
PABPN1	1.3163060767562549	1.949731273039286e-19	PABPN1
AC099329.2	-1.7603142896781945	1.9730970067141945e-19	AC099329.2
AC012186.2	1.5339326485085905	2.040184245190628e-19	AC012186.2
AC099677.1	1.5540445977409143	2.0665407513926892e-19	AC099677.1
SLC16A7	-1.984133230545004	2.0731715290734304e-19	SLC16A7
RNU6-1161P	-4.372677041136781	2.078632135325254e-19	RNU6-1161P
FDCSP	5.17763238007216	2.0826295007610184e-19	FDCSP
HMGB3P24	1.1706668627911825	2.084615892543595e-19	HMGB3P24
SETP17	1.5993329054130208	2.114018431891302e-19	SETP17
LINC02159	-2.098142207480079	2.1146302147899358e-19	LINC02159
DDX50P1	1.2456050669968963	2.165670115510149e-19	DDX50P1
PLEKHF1	1.018190213446729	2.174070594337979e-19	PLEKHF1
VN1R12P	2.46245694815335	2.1951380779788173e-19	VN1R12P
AL513534.1	1.5536254381212002	2.2023500812455863e-19	AL513534.1
IGHV3-48	2.6421080159133195	2.204967900624338e-19	IGHV3-48
AL135786.1	-1.0928140301715517	2.2058810085809223e-19	AL135786.1
AP006545.3	2.163717700181464	2.21530540680937e-19	AP006545.3
SLC9A2	-3.070858855828828	2.2164241826389085e-19	SLC9A2
AMT	1.319395988191104	2.2287082840464666e-19	AMT
MROH2A	2.5918595032288803	2.233800652182464e-19	MROH2A
AC098679.4	2.887967380887696	2.2438002775578603e-19	AC098679.4
PROS1	1.123368603197969	2.277146660204472e-19	PROS1
AP000439.2	3.413482330944132	2.290790010598181e-19	AP000439.2
CDH3	-2.275032059178956	2.309801603333359e-19	CDH3
OR2AT1P	5.084184117418203	2.3135574174313067e-19	OR2AT1P
CD93	1.047016253222593	2.3135574174313067e-19	CD93
ACR	1.296319654240918	2.3145965974142584e-19	ACR
AL357514.1	4.595577390877493	2.3287317958334173e-19	AL357514.1
ZMAT1	1.1311206836070875	2.3545204992408487e-19	ZMAT1
CD1A	2.3914277467901908	2.3826613405898545e-19	CD1A
XYLB	-1.094131740413981	2.473811691819696e-19	XYLB
MEIS3P1	-1.0802481506399946	2.4791887977143267e-19	MEIS3P1
LINC01675	2.963554885010101	2.4957271108743584e-19	LINC01675
LINC02377	3.177664432803448	2.5164317247154174e-19	LINC02377
AC134407.3	1.704828472812967	2.5579061653123346e-19	AC134407.3
SEMA5A	-1.003769938151834	2.5633333675644073e-19	SEMA5A
AC104984.4	-2.944651616868683	2.634552888889728e-19	AC104984.4
AC091181.2	-1.5181260796538267	2.6363955957803266e-19	AC091181.2
LINC02561	1.9416382234806835	2.6425350920935493e-19	LINC02561
SCD5	-1.7567305286363777	2.6495714712481484e-19	SCD5
AC009102.2	-1.98265232882845	2.663301451476576e-19	AC009102.2
LINC02138	-4.122245446115088	2.6765574734344033e-19	LINC02138
MIR4292	1.57265567726524	2.6842672898220893e-19	MIR4292
AC021127.1	3.5541100353154853	2.7063584184498215e-19	AC021127.1
AC097500.1	1.807827224335584	2.71010596195107e-19	AC097500.1
PICSAR	2.459902508986606	2.715954753283014e-19	PICSAR
IL5RA	-1.668890730926674	2.720205673838838e-19	IL5RA
AL390242.1	3.3096734523514404	2.728052746699839e-19	AL390242.1
SNORA59B	2.5506209923205825	2.751731353127236e-19	SNORA59B
PROSER2	-1.1382700461227708	2.754611864981771e-19	PROSER2
AC136489.1	1.9772305806252704	2.759000593387922e-19	AC136489.1
AACSP1	1.644390282613985	2.763799132738368e-19	AACSP1
AC092802.2	1.3090937058788654	2.763799132738368e-19	AC092802.2
AC015818.2	3.4424325286432462	2.7656289368973287e-19	AC015818.2
EGFL7	1.1591354923884234	2.7723731423468292e-19	EGFL7
AC092127.1	2.843665068700396	2.773030715649871e-19	AC092127.1
AC006538.1	-1.149777116054499	2.7884897324692604e-19	AC006538.1
AP003043.1	2.718131687806833	2.8312695047223423e-19	AP003043.1
AL022098.1	1.832418809903293	2.8360079064348683e-19	AL022098.1
MTND5P28	2.0815694756476444	2.845244207001898e-19	MTND5P28
AC008149.2	1.9837638378257885	2.850093527174611e-19	AC008149.2
GOT1	-1.0264840294364583	2.862525599634809e-19	GOT1
GOLGA6L7	3.19473732365363	2.892305678148898e-19	GOLGA6L7
AC234031.1	1.6799415130415334	2.8938269089697546e-19	AC234031.1
CFB	1.2641447293014858	2.9019187800272284e-19	CFB
PAH	-2.935050009725298	2.91784379143048e-19	PAH
JAZF1-AS1	1.2043784982057053	2.920452628077984e-19	JAZF1-AS1
AL731569.1	1.2827978437103935	2.9479689231782604e-19	AL731569.1
AP003419.3	1.6612536671554086	2.9682406191539623e-19	AP003419.3
AP000695.1	1.4628722976572557	2.9762719633580035e-19	AP000695.1
AFP	-2.336935660691184	2.9884615781076795e-19	AFP
H3P37	2.061089439395161	2.9904247542611513e-19	H3P37
TRIML2	3.705120926025288	3.0197025351776207e-19	TRIML2
KCNMB1	1.182976719800444	3.0236792514130647e-19	KCNMB1
KIRREL2	-2.448560072016627	3.0391013423362257e-19	KIRREL2
LINC01356	1.4725803485823852	3.0608648262541247e-19	LINC01356
AC121247.1	1.6469466805670911	3.0951312372831786e-19	AC121247.1
IGLV1-40	2.575686122066823	3.1013624884278536e-19	IGLV1-40
FXYD1	2.5281874690161867	3.110477728568234e-19	FXYD1
ZNF728	-2.672633156688308	3.113740596679797e-19	ZNF728
NAGPA-AS1	-1.5900055647887237	3.1622498763309093e-19	NAGPA-AS1
AL354740.1	1.3239194550827074	3.1994027380415257e-19	AL354740.1
AC025580.2	1.5841408547479174	3.2034637451214296e-19	AC025580.2
AL157931.2	2.07234146175388	3.227880515783061e-19	AL157931.2
AL121782.1	1.804760818639778	3.2354912335773474e-19	AL121782.1
CDSN	2.996490241401301	3.353658740127956e-19	CDSN
AC016737.1	1.5637677629961015	3.354986020536628e-19	AC016737.1
AC023813.3	1.790760988364004	3.3667000360018054e-19	AC023813.3
AC015712.2	1.072591350644664	3.368205519388532e-19	AC015712.2
AF222684.1	-1.80416208312296	3.3825869200942577e-19	AF222684.1
ZNF204P	-1.1713114714597908	3.436995314342415e-19	ZNF204P
INAFM1	1.0435080089358575	3.44598615557354e-19	INAFM1
COILP1	1.7879876722704875	3.456193170886775e-19	COILP1
OCIAD1-AS1	1.2668343257649202	3.5011379647086334e-19	OCIAD1-AS1
AL158163.2	1.4207219856750846	3.525441529250294e-19	AL158163.2
CBWD4P	1.4637405748974923	3.527406859794769e-19	CBWD4P
C20orf203	2.7596001922171185	3.527491738809649e-19	C20orf203
TPO	1.9381596131560608	3.6442049064034295e-19	TPO
RPL10P3	1.554140414724387	3.645320051228496e-19	RPL10P3
GRAMD1B	-1.2663955795524648	3.7481919574511823e-19	GRAMD1B
AL512590.3	-1.2406711049703896	3.764641682331624e-19	AL512590.3
ZNF578	-1.0118806468922994	3.7722605481932353e-19	ZNF578
AC079203.1	1.7137229512399392	3.789650990513618e-19	AC079203.1
AC011461.1	2.146223623757058	3.853805014908668e-19	AC011461.1
AL161773.1	1.9636235862947296	3.854602948553349e-19	AL161773.1
AC007342.4	-2.8993870063106297	3.9536791082060823e-19	AC007342.4
HHIPL2	2.4775136231495427	3.9595669798702155e-19	HHIPL2
NTM	1.7567380889385966	4.0080090985347546e-19	NTM
AL606534.1	1.8508202744317488	4.087716425078153e-19	AL606534.1
AC092964.1	2.193215469409832	4.0946763621690954e-19	AC092964.1
RPS15AP1	1.0064420704592336	4.16338235573399e-19	RPS15AP1
ADGRB3	-1.7134768677489218	4.163464882119695e-19	ADGRB3
AC079907.2	2.95377095067268	4.206088242556697e-19	AC079907.2
RPS2P45	2.5751691750539547	4.310258413463138e-19	RPS2P45
SSXP10	3.734297734147797	4.324672781851703e-19	SSXP10
SNORA2A	2.0245960944385613	4.358843012141611e-19	SNORA2A
AC004448.2	2.6762332711376424	4.428814834305345e-19	AC004448.2
IHO1	1.3291601155223816	4.432156443121334e-19	IHO1
AC005845.1	1.354003604013876	4.43876768252875e-19	AC005845.1
WSB1	1.0053608597955732	4.539004700697106e-19	WSB1
Z82215.1	2.371901690923288	4.625474235182741e-19	Z82215.1
TRBV7-2	1.61733350583521	4.665632662984366e-19	TRBV7-2
ZNF426-DT	-1.153579409388388	4.713577479610313e-19	ZNF426-DT
MIR7111	2.5896233777242514	4.719263592052902e-19	MIR7111
ANKRD29	1.1006425168520797	4.725358172327534e-19	ANKRD29
TRBV10-3	2.0185199906445046	4.728540586419769e-19	TRBV10-3
NCBP2-AS1	1.716421806673378	4.795999642681172e-19	NCBP2-AS1
NLGN1-AS1	3.896925680424315	4.814224745849854e-19	NLGN1-AS1
AL359504.1	1.3684098781097211	4.820350204873894e-19	AL359504.1
COX7A2P1	-2.087948029971976	4.856789182299219e-19	COX7A2P1
SALRNA2	2.2708394348369123	4.884918709723455e-19	SALRNA2
RPL12P12	1.03317863161578	5.003561675166515e-19	RPL12P12
RPL18AP3	1.08148122445221	5.032434965033204e-19	RPL18AP3
SYNGR4	1.993641349929167	5.033620300505818e-19	SYNGR4
CASC6	3.3978603426010503	5.059007325319669e-19	CASC6
LINC00343	-2.2306914778907148	5.067635226632206e-19	LINC00343
ZNF98	-2.1863672050913987	5.067635226632206e-19	ZNF98
AC015631.1	1.6866116947574437	5.08678432489962e-19	AC015631.1
CER1	-2.77947907919723	5.104554584241215e-19	CER1
OR2A1-AS1	-1.0936227541594914	5.110241101338361e-19	OR2A1-AS1
RDH12	-2.0972550986614977	5.149740344735627e-19	RDH12
LINC01205	-2.923763232909737	5.157483855321384e-19	LINC01205
AC010884.1	1.636329453730831	5.160299845153784e-19	AC010884.1
AC012651.1	1.8751264727277808	5.221747714961476e-19	AC012651.1
ESRP1	-3.1448014222386	5.241290120233142e-19	ESRP1
LINC02082	1.8856676757894677	5.2710873306235685e-19	LINC02082
BX293995.1	3.7669746681852674	5.315925956502521e-19	BX293995.1
AL360182.2	3.6109330210526434	5.37450002512312e-19	AL360182.2
RNU6-1016P	1.7012297138304984	5.392705616857274e-19	RNU6-1016P
ATP10B	-2.0811970182698065	5.525567535692257e-19	ATP10B
H4C10P	2.235809236342325	5.564609952297223e-19	H4C10P
PRUNE2	1.3020403438569357	5.590131194545726e-19	PRUNE2
MIR497HG	1.2009032183722046	5.604192984059934e-19	MIR497HG
SNORD117	2.2823206959490583	5.629209758941183e-19	SNORD117
LINC01748	2.604347604661615	5.751541420325518e-19	LINC01748
AL137918.1	1.273314216257159	5.761065705836472e-19	AL137918.1
AC079880.1	1.6483284124869688	5.76850820443699e-19	AC079880.1
AC012409.5	1.9425737243349188	5.801265824880179e-19	AC012409.5
AC108053.1	-1.215484137471695	5.828371782553073e-19	AC108053.1
LGALS9B	2.141484034687385	5.881538982007219e-19	LGALS9B
RPS2P15	2.5603242031127174	5.955268874864038e-19	RPS2P15
HLA-DRB9	1.546894489666254	6.026731731754073e-19	HLA-DRB9
LINC00115	1.261604649270043	6.124095212143865e-19	LINC00115
TMEM132A	1.179803176029752	6.185446538679712e-19	TMEM132A
AL139385.1	-1.190728787139646	6.233090113909951e-19	AL139385.1
CCK	-2.677438453060976	6.256277284751284e-19	CCK
AC007546.3	1.8813528705678888	6.386817383737487e-19	AC007546.3
AC011374.1	1.7849058003798275	6.388464606659459e-19	AC011374.1
ACSM4	1.9310153964303207	6.398033764366065e-19	ACSM4
NRXN2	1.510634196134072	6.446470593914848e-19	NRXN2
AC239800.2	2.2332446084416238	6.566667800580726e-19	AC239800.2
AC005911.1	-1.0533873589785416	6.573074377206399e-19	AC005911.1
GPNMB	1.7429232622286326	6.620964757808785e-19	GPNMB
MIR3685	1.3845625767132097	6.669580888127291e-19	MIR3685
ASB2	1.4206825054916752	6.67614397830098e-19	ASB2
SHISA3	-2.1689399758612256	6.70159602193466e-19	SHISA3
AC079768.4	2.2416793526135224	6.74276502423492e-19	AC079768.4
PNMT	-2.465932451406725	6.898440140527396e-19	PNMT
ZNF812P	1.540854765941196	6.925785109648487e-19	ZNF812P
C18orf15	3.529864974358597	6.931354669604573e-19	C18orf15
AC138470.1	1.3909446885200187	6.973336583617202e-19	AC138470.1
CBR3	1.226759202955047	7.040104459982658e-19	CBR3
ADGRG3	1.594895437295471	7.058978485843461e-19	ADGRG3
AC006026.3	-1.5857250250894968	7.080304921605896e-19	AC006026.3
LINC01583	4.292485357480473	7.089131501186038e-19	LINC01583
SYCE1L	1.5819929096412697	7.11693585141576e-19	SYCE1L
IL22RA1	1.5651089938398353	7.241443393910592e-19	IL22RA1
TM6SF1	1.0324718333982958	7.277093727629041e-19	TM6SF1
ATP6V1A	-1.172007607042533	7.328630656111476e-19	ATP6V1A
AF186192.2	-1.5750642312251957	7.3437524659547265e-19	AF186192.2
KLRF2	3.3936955979827363	7.37642307067421e-19	KLRF2
SCN1A-AS1	2.084378974571285	7.458590697636881e-19	SCN1A-AS1
TREML3P	2.964809952550573	7.482024798411559e-19	TREML3P
AC139099.2	1.7009853357516134	7.549078651138622e-19	AC139099.2
AL357874.1	1.9160167764921332	7.654637637756705e-19	AL357874.1
TRBV7-4	2.7789843555711906	7.658474852564389e-19	TRBV7-4
AC018445.5	1.6665303729095502	7.707992549277069e-19	AC018445.5
RNU6-1280P	2.563868432242225	7.713192566119012e-19	RNU6-1280P
LCK	1.2889866590913188	7.718358546573007e-19	LCK
ST6GALNAC2	-1.6549444151148072	7.7737186491100025e-19	ST6GALNAC2
AL450322.1	3.5028989718891568	7.785028631666146e-19	AL450322.1
AC009154.1	2.837854701039272	7.791317185085822e-19	AC009154.1
HRH1	1.0117756678621164	7.795489890542361e-19	HRH1
TUBA3C	4.735629274425017	7.865568778075379e-19	TUBA3C
EP400P1	1.0406316630022112	7.887808519587791e-19	EP400P1
AL606752.1	-2.2520879942941847	7.925878523434835e-19	AL606752.1
AC064805.2	2.379040101614861	7.990822968664783e-19	AC064805.2
AC097713.1	3.9362860988426096	8.033963075224227e-19	AC097713.1
BX640515.1	4.2962137824576825	8.033963075224227e-19	BX640515.1
AL390066.2	1.5815768166709685	8.153381636585398e-19	AL390066.2
BX284668.2	-1.92114204618808	8.333891655551871e-19	BX284668.2
AC122710.2	3.013789401262763	8.357809864546329e-19	AC122710.2
AC104407.1	-4.046575049750992	8.378335812021648e-19	AC104407.1
KRT8P39	1.3524523664717187	8.388672405915863e-19	KRT8P39
RN7SL19P	2.735157007041913	8.549147593193288e-19	RN7SL19P
AL049795.1	2.109728412885769	8.619701305416866e-19	AL049795.1
COMETT	-1.979576483960797	8.695363826325683e-19	COMETT
TMSB4XP4	1.1471116729023811	8.861724860994865e-19	TMSB4XP4
PPM1AP1	-1.2898262908165894	8.861724860994865e-19	PPM1AP1
AC092718.7	1.664804828187593	8.944924966333234e-19	AC092718.7
AC118344.2	1.3378172313225851	8.947184752209901e-19	AC118344.2
AC123768.1	1.477376307519011	9.009642544705597e-19	AC123768.1
NRXN2-AS1	1.9166542592812577	9.021297839850834e-19	NRXN2-AS1
AC008060.4	6.021710876905672	9.054903096022538e-19	AC008060.4
FLJ38576	-1.0428797971611574	9.315409957152868e-19	FLJ38576
AL118505.1	-2.0151384828629486	9.441193994618814e-19	AL118505.1
TSC22D3	1.123363967868661	9.60816414420136e-19	TSC22D3
AC110772.2	2.545802170949462	9.648634120199345e-19	AC110772.2
TCL6	-2.5812425088194013	9.671868084478125e-19	TCL6
AC010894.2	1.7116206853208638	9.678272530950736e-19	AC010894.2
AL031670.1	1.327590296377683	9.811669871684898e-19	AL031670.1
PF4V1	2.0924988006819145	9.861092937328786e-19	PF4V1
LINC02586	-1.257311234662757	9.871141906979197e-19	LINC02586
AL691432.1	1.345305363030071	9.892360006951388e-19	AL691432.1
H3C6	1.3304596372477575	9.924894060237436e-19	H3C6
YTHDF3-AS1	-1.014154272176994	9.984012889100645e-19	YTHDF3-AS1
RPL13AP25	1.2302397098452282	1.0020620943582805e-18	RPL13AP25
SKIDA1	-1.2814425652502623	1.0020620943582805e-18	SKIDA1
LYPLA2P3	4.446760628709675	1.0053352069993576e-18	LYPLA2P3
AC013391.3	4.540816273058214	1.0105210625059617e-18	AC013391.3
NAP1L3	-1.318781361197192	1.0250966664865002e-18	NAP1L3
PNMA8C	-1.4845212965480743	1.0250966664865002e-18	PNMA8C
RPL21P136	2.8521218073101697	1.0262643811018577e-18	RPL21P136
AC015909.1	2.389825362249015	1.0333818869774205e-18	AC015909.1
RPL11P3	1.449781997045308	1.0441074896961353e-18	RPL11P3
SNORD124	2.3952095011867502	1.0594543071072077e-18	SNORD124
ADAMTS18	1.484745683208945	1.059666461171047e-18	ADAMTS18
AC103810.1	1.566444504506315	1.060510099274459e-18	AC103810.1
KLHL3	-1.6762814249456073	1.0809219579981124e-18	KLHL3
CATSPER2	1.2533514339976093	1.0874413860855036e-18	CATSPER2
HOXC13	1.9108159396991355	1.100566989891743e-18	HOXC13
LINC00892	1.4482165224845711	1.1114458300001194e-18	LINC00892
AL021937.3	3.024796541672613	1.1233167660736065e-18	AL021937.3
Z95114.1	2.373222442782817	1.1418089983481193e-18	Z95114.1
BASP1P1	3.1145543637205044	1.157088392170468e-18	BASP1P1
CFAP58-DT	1.1488721023063535	1.1594042493386626e-18	CFAP58-DT
GLYCTK	-1.0300706530399242	1.1638412898768304e-18	GLYCTK
WT1	-2.482487483562969	1.1816095777408599e-18	WT1
AC024451.4	2.2392156225448243	1.1816095777408599e-18	AC024451.4
AC134407.2	2.0053983583052237	1.1887620093336871e-18	AC134407.2
AC037487.1	1.6993648340260012	1.194955688934774e-18	AC037487.1
AC068196.1	3.381605445556703	1.2166108098643205e-18	AC068196.1
AC011933.2	3.311391868349775	1.2209995691207222e-18	AC011933.2
TMEM116	-1.1573333210226386	1.225328966339361e-18	TMEM116
RSPO1	-2.985769537550463	1.2418769402252393e-18	RSPO1
CCR4	1.413394320111366	1.2495194400460368e-18	CCR4
TRAV23DV6	1.9007952368454129	1.2613077058191552e-18	TRAV23DV6
AC092656.1	-1.1899560216601577	1.2618412696237029e-18	AC092656.1
TDRD10	1.268050161823117	1.2645210463850717e-18	TDRD10
FAM183A	1.7811732451942777	1.268145008693695e-18	FAM183A
KRT14	2.85822907582946	1.2687330738783585e-18	KRT14
HMHB1	2.7950916856967614	1.3121937468290245e-18	HMHB1
GABRR1	1.695615221711993	1.3216542275274897e-18	GABRR1
AL162718.1	3.374067841556734	1.3277975699741793e-18	AL162718.1
FABP5P7	1.8710006985320855	1.3291331447500897e-18	FABP5P7
MIR3605	2.0052792808470468	1.3424419748358945e-18	MIR3605
AC104667.2	-1.489573686970293	1.346736376652451e-18	AC104667.2
RPS20P33	1.3381501088240462	1.3560818989751945e-18	RPS20P33
CLDN9	-1.7327270621897497	1.3643942139208758e-18	CLDN9
SNX15	1.401009406947679	1.3694230823690052e-18	SNX15
KCNMB2	-2.0989797481952635	1.373665921583383e-18	KCNMB2
SLC22A6	-2.915175132069881	1.3792586343029897e-18	SLC22A6
PLAC9	1.232384405615732	1.3835160278699108e-18	PLAC9
IGHJ6	3.101522352576474	1.388367587080956e-18	IGHJ6
GRID1	1.4515161688821632	1.404216063396498e-18	GRID1
GNGT1	2.2749802326618047	1.4257344803542954e-18	GNGT1
AC092139.2	2.3112660615372347	1.4263237441510504e-18	AC092139.2
AC109361.1	1.8841669199071476	1.4428950641533477e-18	AC109361.1
AC091516.1	1.8197675407171867	1.4451630478696898e-18	AC091516.1
LINC00705	3.628435796265801	1.4520711054598422e-18	LINC00705
ANKRD61	1.2166924918331985	1.4526228637683331e-18	ANKRD61
HSPE1P18	2.441183764052921	1.4675838503621733e-18	HSPE1P18
AL359314.1	3.311265582181525	1.478368283314339e-18	AL359314.1
AC004837.2	1.6471865227294882	1.4913975625696065e-18	AC004837.2
EDNRB-AS1	2.355225630926532	1.4975105980467217e-18	EDNRB-AS1
SYT12	1.9650631574540465	1.5217798973757274e-18	SYT12
RPSAP20	2.2459729842776897	1.543117747022054e-18	RPSAP20
AC015982.1	1.8970633222259623	1.555690316741696e-18	AC015982.1
PI4KAP1	1.4772026667444624	1.5593674009105572e-18	PI4KAP1
SARDH	-1.245533842088979	1.561182419316124e-18	SARDH
PLCXD3	-1.9252436203378949	1.5638830474294405e-18	PLCXD3
GJB1	-1.475810981689873	1.6027988567527577e-18	GJB1
AL138767.3	-1.3589349657917504	1.6055623148427645e-18	AL138767.3
AL354751.2	3.9191580533968966	1.6676828802600085e-18	AL354751.2
AC026316.3	-2.570642554159769	1.6861985777206006e-18	AC026316.3
MPP4	2.06452379663963	1.6892603632063825e-18	MPP4
SORL1	-1.1063254644135292	1.6955549132007986e-18	SORL1
RPL31P52	1.910870338369006	1.7006279701089485e-18	RPL31P52
LINC01732	3.399545949462476	1.7018453088283829e-18	LINC01732
SLC30A10	3.3385593264479403	1.7019270978189468e-18	SLC30A10
GJC2	1.3646977039099304	1.7091818473796674e-18	GJC2
RERE-AS1	1.389629233783494	1.7322475941316476e-18	RERE-AS1
AC092145.1	2.4525342070038785	1.7394478924820352e-18	AC092145.1
RHOA-IT1	1.6668256716813832	1.746034290230248e-18	RHOA-IT1
SLC14A2-AS1	-2.0911216009669014	1.7654677176647882e-18	SLC14A2-AS1
TMPPE	-1.0396159889065355	1.7847968576787412e-18	TMPPE
GABPB1-AS1	1.301085527159933	1.7859031491511627e-18	GABPB1-AS1
CACNA1C-AS2	1.4325196040149393	1.7921303516026347e-18	CACNA1C-AS2
AL645940.1	1.608216899249637	1.8249779223593428e-18	AL645940.1
AC126118.1	1.6274118148597814	1.850930302356442e-18	AC126118.1
CAPN3	1.4364189920808204	1.877163613023877e-18	CAPN3
AC087289.1	2.386434347031979	1.8813590918449542e-18	AC087289.1
RPL10AP6	1.1423128952353092	1.900271073108263e-18	RPL10AP6
GOLGA6L10	1.4482271609751958	1.9233303499789776e-18	GOLGA6L10
AC007546.1	1.6913748267742108	1.948332764903441e-18	AC007546.1
GAD2	2.9868516206932103	1.9787872978024224e-18	GAD2
PLSCR3	1.9235913539851133	1.979978479863172e-18	PLSCR3
OR7E94P	1.5488354386482233	1.9816932563314537e-18	OR7E94P
RAET1L	-2.322213678097367	1.9884527423605167e-18	RAET1L
AMBP	-1.842825981326321	1.990372437856733e-18	AMBP
HMGCS2	-2.628999493375262	2.010580779864888e-18	HMGCS2
TOX3	-2.207290283415316	2.0184677194789254e-18	TOX3
AC009041.3	1.0604215192663555	2.020885529179951e-18	AC009041.3
CACNA1I	1.8206003120045529	2.0288140432812134e-18	CACNA1I
CXCL12	-1.2484163065276326	2.0878086873913653e-18	CXCL12
AL157996.2	-2.244711843324977	2.0881301055427583e-18	AL157996.2
RPL13AP12	1.761398405928416	2.1232796314164072e-18	RPL13AP12
AC012313.10	1.8045055750290784	2.1395329603495807e-18	AC012313.10
AL353637.1	4.092832655122746	2.139740061902108e-18	AL353637.1
AC141002.1	1.4826103713211003	2.143367230351315e-18	AC141002.1
IPCEF1	-1.0102931656115557	2.146858233771992e-18	IPCEF1
GTF2IP20	1.0950526294872844	2.1580030900589814e-18	GTF2IP20
LAMC1-AS1	1.3673701029073595	2.1615222349615967e-18	LAMC1-AS1
AC008663.3	2.493770290873411	2.1649721998631672e-18	AC008663.3
AC010422.2	1.7190900737854635	2.1820873651079946e-18	AC010422.2
AL356218.2	-1.6376225997528508	2.186942900775423e-18	AL356218.2
GRM2	1.307522212787608	2.1902643035711677e-18	GRM2
NKAIN2	-2.173981578436732	2.2439867198410727e-18	NKAIN2
RNF223	-2.799009256677446	2.295631068767609e-18	RNF223
APCDD1L-DT	-2.2152888403612305	2.296795278459461e-18	APCDD1L-DT
AC087163.2	1.753232700609544	2.305096584452349e-18	AC087163.2
MYOSLID	1.5062683830838175	2.357272512604052e-18	MYOSLID
HSPD1P6	1.4310329409424207	2.4091462517709888e-18	HSPD1P6
C2orf27A	1.0661116481365236	2.4419703182843705e-18	C2orf27A
AC092813.1	2.8144326304313463	2.4526736480975037e-18	AC092813.1
AP002748.6	1.682889747732855	2.455157098861272e-18	AP002748.6
AC004687.2	1.6064175420685376	2.4572983469877887e-18	AC004687.2
ARX	3.569452381356892	2.4702507837378854e-18	ARX
AC092384.2	2.0089661593472563	2.4741843880717284e-18	AC092384.2
AC034199.1	1.9959735917617367	2.500020046325689e-18	AC034199.1
IL34	1.27877412486712	2.5112903587803362e-18	IL34
AC004870.4	-2.998056659288711	2.5204293019336898e-18	AC004870.4
GABRP	-2.2081262665841623	2.568183349836772e-18	GABRP
AC015660.2	1.8936223259563596	2.583623273398726e-18	AC015660.2
AC004801.2	1.5544798224034808	2.5852729412254943e-18	AC004801.2
AC064801.2	1.832858307355223	2.5862454405342913e-18	AC064801.2
GCNT7	1.6341433307829072	2.5961063814895255e-18	GCNT7
AC138466.5	2.301821427518244	2.602595396606636e-18	AC138466.5
HOXB13	3.7398328790005215	2.6251496474498156e-18	HOXB13
HNRNPCP7	1.0427311174632563	2.6376704784232244e-18	HNRNPCP7
H4C5	2.117062233413008	2.6414832320737305e-18	H4C5
AL162458.1	1.2415573412094931	2.6943292427500597e-18	AL162458.1
AP001056.1	2.47914995054206	2.6978539715735912e-18	AP001056.1
DMRT3	4.329964120499459	2.735667840984424e-18	DMRT3
LPL	-1.2329134030675977	2.751798520151788e-18	LPL
TNNT3	2.347737523421152	2.7693355493763586e-18	TNNT3
AC005954.1	2.322563549682536	2.7784410923585746e-18	AC005954.1
SCAT2	1.7492924441662685	2.7834027364072313e-18	SCAT2
AC073150.1	2.14137722622184	2.831027972991825e-18	AC073150.1
AC097532.3	1.471834578706536	2.831038099075088e-18	AC097532.3
AC126182.3	2.1969701704004816	2.888800984006017e-18	AC126182.3
TRAV38-1	2.480893397522313	2.9200199267909047e-18	TRAV38-1
HOXA11	-1.4223397437400898	2.9358253714679708e-18	HOXA11
RPS15P4	1.1842211076249547	2.9632893780315784e-18	RPS15P4
MYH14	-1.86438112812012	3.0508066118883044e-18	MYH14
SOWAHB	-1.2514393765324436	3.0581813703333297e-18	SOWAHB
AC004951.3	1.6343650092265376	3.0584050752649525e-18	AC004951.3
AL157827.2	1.963549364762164	3.0909953605442473e-18	AL157827.2
AC032044.1	1.623867766084016	3.09415629460541e-18	AC032044.1
AC133644.2	1.6567272387392205	3.122619654005055e-18	AC133644.2
AC100793.3	2.016474632196537	3.129763378203788e-18	AC100793.3
AC055839.1	2.1503022448543505	3.1331050186563168e-18	AC055839.1
AC096708.3	2.4384647774977446	3.144339948365112e-18	AC096708.3
MEI1	1.427576944802561	3.1798852672444333e-18	MEI1
RN7SL368P	2.439280630219999	3.2103616614506693e-18	RN7SL368P
GOLGA6L4	1.57112171542646	3.2247661844966584e-18	GOLGA6L4
CYP3A43	1.814142408189528	3.2393906498406067e-18	CYP3A43
RPL23AP32	2.206898191381766	3.2403588315112026e-18	RPL23AP32
AC124798.1	1.187900139253808	3.2475850273274514e-18	AC124798.1
RAB3C	1.4009581373413085	3.282879847902305e-18	RAB3C
AL121672.1	-1.3245861768435858	3.293190755755557e-18	AL121672.1
CBLC	-1.9525280438401311	3.317575009562476e-18	CBLC
AP003175.1	3.931637689075445	3.3234569157639198e-18	AP003175.1
ADGRL4	1.0065463989663053	3.3844509450384907e-18	ADGRL4
AC134407.1	2.20438083558694	3.3902428693336225e-18	AC134407.1
AC105118.1	3.499037714740491	3.406395011945097e-18	AC105118.1
AL645929.1	1.0313328094865089	3.4101336761538722e-18	AL645929.1
AL354798.1	2.5344581828322634	3.412753627200486e-18	AL354798.1
AC002044.1	2.858694409849278	3.4216624862279094e-18	AC002044.1
DSP	-1.4687922505059503	3.459048455234272e-18	DSP
AC004925.1	2.336917668373801	3.4605870219200322e-18	AC004925.1
AC105021.1	-1.7982184056484307	3.4705594272169415e-18	AC105021.1
LINC02371	1.3883382368002912	3.490070284688963e-18	LINC02371
LIPG	-1.5669079446644747	3.5171729747292894e-18	LIPG
CCDC146	2.0016625045210814	3.580664965878473e-18	CCDC146
RSPO4	2.2280169612632674	3.5941557372204234e-18	RSPO4
AC092376.3	1.330379984550563	3.6113509531374975e-18	AC092376.3
AC008147.4	2.5723943860551124	3.612163457846049e-18	AC008147.4
AL096816.1	1.3414871481595627	3.6168012988634786e-18	AL096816.1
LINC00519	1.7169846420009525	3.636221343382085e-18	LINC00519
ARG2	-1.967192939158908	3.674969521978159e-18	ARG2
AC012378.2	-2.1383866834923344	3.68777278662313e-18	AC012378.2
HDHD2	1.0027773407380012	3.748738927834054e-18	HDHD2
AC093535.1	1.3279805933627518	3.767538966306094e-18	AC093535.1
RNF213-AS1	1.0118179946483523	3.76957014153367e-18	RNF213-AS1
PCDHB19P	1.3841568669087192	3.774517860425571e-18	PCDHB19P
AL356740.1	-2.441203539579666	3.789722357871995e-18	AL356740.1
AC007224.2	1.846406476722277	3.802037914016584e-18	AC007224.2
LINC02857	-3.0407696271905547	3.806568888863163e-18	LINC02857
Z84485.1	1.333404106416532	3.821414959396735e-18	Z84485.1
LNX1-AS2	-1.8839643805373747	3.8586951445474875e-18	LNX1-AS2
POU5F1P4	2.7918227863929554	3.8707706091132105e-18	POU5F1P4
U2AF1	1.6304569545143044	3.8747361840102664e-18	U2AF1
SLC16A10	-1.5284262269011215	3.885667042219937e-18	SLC16A10
AL032819.2	1.8660473551416408	3.9082854332499494e-18	AL032819.2
AC007496.2	2.860393898490393	3.908526936765916e-18	AC007496.2
AC006566.1	1.439151354474397	3.919335595149746e-18	AC006566.1
AL627309.6	1.883713227142978	3.9316710959341974e-18	AL627309.6
AC004221.1	-1.905973339681888	3.9545370334351365e-18	AC004221.1
IRF6	-1.5944549635706564	4.067118321550462e-18	IRF6
AC005220.1	-2.022987986883272	4.069245465889544e-18	AC005220.1
AC078983.1	1.857681493630747	4.1096470278188295e-18	AC078983.1
AC012485.3	1.5827813211725434	4.116490594876763e-18	AC012485.3
U3	1.7095291938486326	4.133039684868087e-18	U3
AC073575.2	1.5425430159787596	4.161336097643288e-18	AC073575.2
AC003077.1	2.388918121410059	4.164681001476231e-18	AC003077.1
PVRIG	1.5891074113896475	4.168586302150243e-18	PVRIG
SLC26A10	2.9315725530774754	4.179306825001971e-18	SLC26A10
ATP5MFP4	2.4752341446273505	4.187495319387279e-18	ATP5MFP4
AC009974.2	2.353306750986754	4.22770068150342e-18	AC009974.2
MUC13	-2.528657518300411	4.303358739354467e-18	MUC13
C10orf105	1.5104488581198396	4.325447104384323e-18	C10orf105
AL356433.1	-2.010092232737944	4.3442878509726346e-18	AL356433.1
ZNF767P	1.034351384820135	4.384923368982808e-18	ZNF767P
AC072022.2	1.3533651622128486	4.3964137974951925e-18	AC072022.2
AL136981.3	2.1194435813782677	4.419433650002087e-18	AL136981.3
PDCD1LG2	1.082697345956647	4.428064648133941e-18	PDCD1LG2
AC015727.1	1.6385997214941277	4.4294648325401975e-18	AC015727.1
MIR3941	2.633873264740167	4.494330303816859e-18	MIR3941
AC243562.2	1.7484060767016156	4.532691257686139e-18	AC243562.2
AC087392.3	1.475563464440636	4.587189530526473e-18	AC087392.3
AC107993.1	2.104812509972747	4.595513490909891e-18	AC107993.1
RPS6KL1	1.1693609323422325	4.6208455884385854e-18	RPS6KL1
AC011472.5	1.6731615827559156	4.648225908639329e-18	AC011472.5
ADAM12	1.8995307002224	4.670893831210211e-18	ADAM12
LINC01624	1.1130719248727297	4.6714179733549196e-18	LINC01624
AC129510.1	1.3896776226374217	4.675090471311931e-18	AC129510.1
FGL2	-1.0142684163393232	4.675109048441249e-18	FGL2
SLC2A3P2	2.00570798186372	4.681859298569346e-18	SLC2A3P2
AP000919.1	1.7651652848397992	4.75772539354474e-18	AP000919.1
KIAA0895LP1	2.4820164199905883	4.7894549598151984e-18	KIAA0895LP1
BNIP3P19	3.503854076940627	4.799008113025312e-18	BNIP3P19
AL133445.3	-1.1105949215464812	4.826795279557631e-18	AL133445.3
IRS4	-3.2138641628769564	4.856799407682335e-18	IRS4
LRRC7	1.5452016369984196	4.875013283551277e-18	LRRC7
AC006270.1	2.988108182866331	4.881015859699593e-18	AC006270.1
XBP1P1	1.4552971648943505	4.886577900651394e-18	XBP1P1
AMZ2P2	3.4539085561127263	4.9103350653411476e-18	AMZ2P2
POU5F1P6	2.1838373891060634	4.938310159678567e-18	POU5F1P6
AC005064.1	-2.137216207734597	4.9605404299381285e-18	AC005064.1
RNVU1-3	2.304822094551977	4.9605404299381285e-18	RNVU1-3
CCR2	1.3088449938919364	4.979598624256346e-18	CCR2
AC127526.5	-2.597331628892995	4.9820612723645925e-18	AC127526.5
NLRP2B	1.572903002540586	5.0612222873036776e-18	NLRP2B
AC009228.1	1.4022996860567312	5.076858402171965e-18	AC009228.1
AC125618.1	-1.8160729756227385	5.147451314667055e-18	AC125618.1
BTLA	1.4661302796437323	5.228656725731479e-18	BTLA
SAGE1	3.61748191404676	5.2943768127855946e-18	SAGE1
FAIM2	-1.5728200761884246	5.3813733994572474e-18	FAIM2
AC092338.1	1.7569963632881145	5.4015520856457866e-18	AC092338.1
IRF8	1.0621501591505478	5.445810684196869e-18	IRF8
SLC51B	-1.5452279942499678	5.4920268811502295e-18	SLC51B
PIK3IP1-DT	1.4916409907467545	5.493658239505583e-18	PIK3IP1-DT
AC010255.2	3.4246932751396795	5.533092828736268e-18	AC010255.2
AF228727.1	2.4329929772434924	5.555580146810737e-18	AF228727.1
KCNH6	-2.007584624881581	5.556368245200858e-18	KCNH6
AP001767.2	1.393451616178321	5.565783214828772e-18	AP001767.2
FMR1-IT1	1.4378084757563443	5.597197048254396e-18	FMR1-IT1
AC009509.4	1.094591566526672	5.615010597362205e-18	AC009509.4
AC135983.4	2.703193890568905	5.629180498090932e-18	AC135983.4
AL392172.1	1.6635186652762093	5.708641405470908e-18	AL392172.1
LINC02244	1.8457278551631209	5.719603527523872e-18	LINC02244
EEF1B2P6	1.135568923465115	5.750760457870321e-18	EEF1B2P6
AL512662.1	-1.5006984704206912	5.75907429597739e-18	AL512662.1
SPOCD1	1.7593258771859208	5.7886808914867574e-18	SPOCD1
SLC45A2	1.720966960228902	5.912876765339943e-18	SLC45A2
PRTN3	2.7159586466837693	5.9299786635449894e-18	PRTN3
VAT1L	-2.4029103958311158	5.9703738305228624e-18	VAT1L
AL031772.1	1.9208869904206576	5.998235303184246e-18	AL031772.1
AC137894.4	1.6102575251058502	5.999839006146148e-18	AC137894.4
LINC02177	2.0344129735277408	6.120234650315994e-18	LINC02177
AL359851.1	2.8250108115249315	6.2137030989082096e-18	AL359851.1
NUSAP1	1.1348133230574808	6.223629212277862e-18	NUSAP1
GLYATL2	1.3569602067500173	6.3179205643106474e-18	GLYATL2
CLEC9A	1.410021871873633	6.327296624644124e-18	CLEC9A
AL021707.1	1.8514875758677147	6.438857195317929e-18	AL021707.1
SOCAR	1.7033206544471338	6.496225330452867e-18	SOCAR
OR11H7	2.059785128180434	6.564997789831604e-18	OR11H7
AC026748.3	-1.1843276446320663	6.568447759388466e-18	AC026748.3
PNPLA3	-1.6240032895945749	6.67937764842312e-18	PNPLA3
AL591002.1	1.9078875593005225	6.852959905721106e-18	AL591002.1
TDO2	1.8678489074341813	6.8658859475447316e-18	TDO2
EIF1P6	1.7272183781256865	6.879128921970738e-18	EIF1P6
ECE1-AS1	1.4074323775987108	6.883369037844398e-18	ECE1-AS1
SYN3	-1.09044928426624	6.925957592115152e-18	SYN3
AC090164.3	2.2120780906561803	6.986469314464187e-18	AC090164.3
SMAD9-IT1	1.6616156988347113	6.997693150436848e-18	SMAD9-IT1
NARF-AS1	2.076726085658907	7.03286552978377e-18	NARF-AS1
SAXO2	-1.0393427128416812	7.08367752430194e-18	SAXO2
SIGLEC16	1.31163557280091	7.08367752430194e-18	SIGLEC16
AC010976.2	1.7182160208958364	7.111062131366978e-18	AC010976.2
RPL31P61	1.6674667209822818	7.156468559526152e-18	RPL31P61
AL355303.2	3.4896533102899228	7.199397407665109e-18	AL355303.2
AL157823.2	2.1458981196711817	7.276364630039604e-18	AL157823.2
LONRF2	-1.8982944580139665	7.4026485948583e-18	LONRF2
CNTN5	-2.516571140803728	7.445815039136514e-18	CNTN5
AC129507.2	-1.0669855443774077	7.657610669587897e-18	AC129507.2
AC008674.1	-2.581248444745188	7.724238982776122e-18	AC008674.1
AP001994.2	-1.8977817664639072	7.759829058510185e-18	AP001994.2
AC027271.1	1.2962341818449243	7.76180794611175e-18	AC027271.1
C17orf107	1.096762969715548	7.784199776138906e-18	C17orf107
AL035404.2	2.922857302415428	8.000543537226057e-18	AL035404.2
LINC00589	2.7359788556423394	8.086001708759773e-18	LINC00589
AC012313.3	1.4658572524315214	8.177287043615049e-18	AC012313.3
CLDN4	-1.203288871727538	8.199054578539771e-18	CLDN4
MTND4P23	2.313146343679426	8.20368693638454e-18	MTND4P23
HMX3	-2.461216203408218	8.378180539202581e-18	HMX3
AC243965.2	-1.068505216724553	8.411851096342317e-18	AC243965.2
AC105233.4	1.6760239162772206	8.442984349185747e-18	AC105233.4
OR10A2	2.5153628888578115	8.479740909069185e-18	OR10A2
AC009533.2	3.041132974277711	8.565186927544381e-18	AC009533.2
AP000688.2	-1.5043999140261073	8.580313039119827e-18	AP000688.2
AC005899.5	2.217436951531156	8.662748002039975e-18	AC005899.5
RNU6-226P	3.554976285404545	8.668434376426258e-18	RNU6-226P
RN7SL659P	3.206241842771694	8.668434376426258e-18	RN7SL659P
NLRP7	2.1481791658764893	8.711416854750478e-18	NLRP7
UBE2CP2	1.3843649795703583	8.794038293050577e-18	UBE2CP2
AP003557.2	2.40302779582235	8.836111645089213e-18	AP003557.2
AC114939.1	1.5154558486795244	8.901386437953049e-18	AC114939.1
LINC02207	1.5509653186320258	8.905786610830423e-18	LINC02207
AC003092.1	3.183984300838385	8.932888102388968e-18	AC003092.1
AC120057.4	2.066552371917036	9.014544156074516e-18	AC120057.4
LINC00928	3.9332226091832334	9.172361995506812e-18	LINC00928
AC023424.2	1.687606155226512	9.190610852239729e-18	AC023424.2
KCNA3	1.3456733389223658	9.204559816023906e-18	KCNA3
MIRLET7A1HG	1.195480508291442	9.240518913467593e-18	MIRLET7A1HG
AC145285.3	1.795368020642449	9.242445587057812e-18	AC145285.3
PLGLB2	1.847463894329321	9.296160716866325e-18	PLGLB2
GPR62	-1.5937261153498217	9.4278606909545e-18	GPR62
NUTM2G	1.3696013370885338	9.450865460810649e-18	NUTM2G
MIR1249	2.574011834665174	9.508344086839786e-18	MIR1249
RHPN2P1	1.7175295711352958	9.510928921895405e-18	RHPN2P1
IFITM5	3.7627872568707783	9.530677236862628e-18	IFITM5
MFSD3	-1.059871737186343	9.547585373729656e-18	MFSD3
LINC00924	-1.4156450446504942	9.564495286881577e-18	LINC00924
AC106818.2	1.2745817424066894	9.657671330969597e-18	AC106818.2
AC127502.3	2.662965819009817	9.698861077519932e-18	AC127502.3
AC093525.8	1.3003520021734334	9.73270063987897e-18	AC093525.8
PRDM7	-2.2263440736359352	9.763433236815929e-18	PRDM7
AC104257.1	4.018876608580144	9.961603222219816e-18	AC104257.1
ATP6V0CP4	2.5571341757833284	9.969123115790745e-18	ATP6V0CP4
KRT85	-1.9952079066282884	9.97400592190139e-18	KRT85
AP001033.1	-1.312758132476642	1.0008010766499705e-17	AP001033.1
KLHL33	-1.2535306781446771	1.0025245596796012e-17	KLHL33
AC008026.3	2.4131533232361946	1.0088169448984202e-17	AC008026.3
AC069200.1	1.1944369888940742	1.0103576788862392e-17	AC069200.1
FKBP9P1	1.8657070908084956	1.0252060007071408e-17	FKBP9P1
AL162586.1	1.258717392807135	1.0301300399055525e-17	AL162586.1
MIRLET7BHG	1.3537520155283962	1.0301300399055525e-17	MIRLET7BHG
LINC02257	4.366243216095161	1.0348291024104377e-17	LINC02257
RHOXF1	1.6531631939107958	1.0401895670430705e-17	RHOXF1
ADRA2C	-1.427538862444874	1.0411915066192397e-17	ADRA2C
AL391422.1	1.0548103029003004	1.0541599989247064e-17	AL391422.1
AL356124.2	2.7165537066429217	1.0597582275767756e-17	AL356124.2
LINC01956	4.0184786613559655	1.0597582275767756e-17	LINC01956
CNTD1	-1.225857497582807	1.0616325666098158e-17	CNTD1
AL133373.3	2.5707624821255872	1.064201971645749e-17	AL133373.3
TPSB2	1.682291779739668	1.067627025170117e-17	TPSB2
GABRA4	-2.9746976846160598	1.0745875399010993e-17	GABRA4
RPL3P4	1.2827660578784144	1.0773389795045372e-17	RPL3P4
AL139407.1	1.329816345523381	1.0981904919307849e-17	AL139407.1
AC116158.3	1.327539720460406	1.1080705037075819e-17	AC116158.3
AC146507.3	1.4585224130474022	1.1093892035860125e-17	AC146507.3
TRAV35	2.156633064259022	1.1253670937344061e-17	TRAV35
DMBX1	3.472800426847832	1.1360217865298945e-17	DMBX1
BMP7	-3.107932960415128	1.1523716986103205e-17	BMP7
PPIAP53	1.2742396116166084	1.1633060529459869e-17	PPIAP53
FAM43B	-1.5902440967483078	1.1722429309753488e-17	FAM43B
AP002807.1	1.479077569443121	1.1781643098004059e-17	AP002807.1
AC146507.2	2.2282588881474306	1.1785681744731216e-17	AC146507.2
AL049697.1	1.366356027939331	1.1857348893196597e-17	AL049697.1
NMUR1	1.0584900328804907	1.1857912173842303e-17	NMUR1
AL121957.1	-2.315100764734046	1.2258786100909844e-17	AL121957.1
AL449403.2	3.4057397500539603	1.2290454491310601e-17	AL449403.2
AC138932.4	1.4242259986420336	1.2333202968620585e-17	AC138932.4
LINC01114	2.0503314888478053	1.2351614986923597e-17	LINC01114
SERPINA2	-2.8104298388961886	1.2361631261788205e-17	SERPINA2
MIR4422HG	2.762588710525949	1.2446519930483882e-17	MIR4422HG
AP000873.2	1.0116875466242452	1.2475795842131083e-17	AP000873.2
CATIP-AS2	-1.596113676340723	1.251856391359588e-17	CATIP-AS2
RPS15AP6	2.991067056896629	1.258486297881525e-17	RPS15AP6
IBA57-DT	1.416646014164689	1.271476004920555e-17	IBA57-DT
AL662797.1	1.3291052036209123	1.2719490023111781e-17	AL662797.1
AC091825.2	2.0760663172263536	1.2895792427014538e-17	AC091825.2
ZDHHC15	-1.3147006481571284	1.2999089337918369e-17	ZDHHC15
TRABD2A	1.6562799065549625	1.3073915112224044e-17	TRABD2A
SRARP	-3.1178311073779827	1.3086628797214174e-17	SRARP
AC067817.2	1.5577506066371882	1.3097459545169761e-17	AC067817.2
ULBP2	1.0391878865310211	1.3186141467806229e-17	ULBP2
AC093458.2	1.3668200518883038	1.3453909203944132e-17	AC093458.2
MS4A15	3.361546354205966	1.350873341327981e-17	MS4A15
CKLF	1.8387271968921723	1.3543591169466439e-17	CKLF
AC233280.2	1.7479321992432433	1.3594765906610004e-17	AC233280.2
AC015871.6	1.5679488829168438	1.3665815551324037e-17	AC015871.6
AP005229.1	-3.69609180995574	1.4272283150238964e-17	AP005229.1
SNHG22	1.451275315778732	1.4315537476948088e-17	SNHG22
Z84480.1	1.7440211649386252	1.4379338884653276e-17	Z84480.1
LINC00939	1.7874211089194778	1.4624862743078478e-17	LINC00939
BCL2L1-AS1	1.6718613023250095	1.4684526273118238e-17	BCL2L1-AS1
AC025434.1	3.743989834315873	1.472841170699629e-17	AC025434.1
IFNA14	-4.43674156304565	1.4766045648887316e-17	IFNA14
SLC4A9	-3.171404288921856	1.4786214382037982e-17	SLC4A9
B3GNT8	-1.326567276283932	1.485379913465179e-17	B3GNT8
KRT86	1.4075273389344147	1.4858827824337586e-17	KRT86
AC064807.2	-1.5274584574328545	1.489426902481078e-17	AC064807.2
CTXN3	-3.4006639668232683	1.4901229801937226e-17	CTXN3
MUC1	-1.5480218480612833	1.4951860871938373e-17	MUC1
CES3	1.751689685730978	1.4963393096215045e-17	CES3
TPM1-AS	1.5464677805138842	1.511836659429057e-17	TPM1-AS
LINC01315	1.2853256843407597	1.513692934335283e-17	LINC01315
AC055811.2	1.8470365541543887	1.5138718519164102e-17	AC055811.2
RNU7-159P	-4.879367838006197	1.5331866545448788e-17	RNU7-159P
AC007610.4	1.824976179878405	1.5348125160298857e-17	AC007610.4
LINC02313	1.6924542441577426	1.549619650700194e-17	LINC02313
AC026150.2	2.930272327586288	1.5561855414121437e-17	AC026150.2
NUS1P2	1.981249821648542	1.5750983556375837e-17	NUS1P2
COX6B1P5	1.9452688237929887	1.5765125562392058e-17	COX6B1P5
AF111169.4	1.8865685512171009	1.602708728253361e-17	AF111169.4
LINC02809	2.250967955857095	1.6185288867779018e-17	LINC02809
ZBTB40-IT1	1.6790050272557062	1.619586619725192e-17	ZBTB40-IT1
LINC00525	2.0589303033033253	1.6230371224542397e-17	LINC00525
AC009403.2	1.843417228598147	1.627270823240006e-17	AC009403.2
SENP3-EIF4A1	2.506788020564738	1.6275361408999544e-17	SENP3-EIF4A1
AL356234.3	2.283237538174115	1.6299327198929888e-17	AL356234.3
NOX4	-1.3248060294321893	1.634158852679356e-17	NOX4
AC097717.1	2.179603131007494	1.6404821924798354e-17	AC097717.1
AP001160.4	1.7138548237927325	1.6461277980363266e-17	AP001160.4
RGS17	1.5320043691565055	1.646741002511661e-17	RGS17
ORM1	3.430470999038083	1.6555903794393174e-17	ORM1
AC006994.1	-1.0076801754604865	1.6610819768119628e-17	AC006994.1
CRACR2B	1.1721861239074978	1.6684525123101904e-17	CRACR2B
AL162253.2	1.4285869153750814	1.6728312910493378e-17	AL162253.2
AL356234.1	2.487784056594704	1.6927126378034206e-17	AL356234.1
AL133410.1	1.3623946582923634	1.7004889627690865e-17	AL133410.1
AC026403.1	1.4252972200309486	1.7121109267590818e-17	AC026403.1
MTND4P26	2.142879211620162	1.7268038905915726e-17	MTND4P26
RPL9P2	1.7821698560650128	1.7399831406958098e-17	RPL9P2
RBFADN	1.548367454948332	1.7497663336150204e-17	RBFADN
EMP2P1	2.4313075917333262	1.7538263593252027e-17	EMP2P1
RPL29P24	1.520183686362532	1.77472329388063e-17	RPL29P24
AC103739.2	1.8290487326269391	1.777138374357986e-17	AC103739.2
AC099684.1	-2.791135215844194	1.7841795016477225e-17	AC099684.1
AL078582.1	1.9428138358433784	1.7926549964929458e-17	AL078582.1
AP001341.1	4.05694068567028	1.800557681412746e-17	AP001341.1
AC092645.1	1.462321178940037	1.805638589018525e-17	AC092645.1
BEAN1-AS1	1.847859489600103	1.805638589018525e-17	BEAN1-AS1
LINC01770	1.2633400817364162	1.808122922816945e-17	LINC01770
DTX2P1	2.8196600937724967	1.8119458077131706e-17	DTX2P1
MIR659	-1.1168282789846995	1.829032389276008e-17	MIR659
AC132192.1	1.918684069089472	1.8308863035559105e-17	AC132192.1
AP000355.1	1.692933507605869	1.8326001606270137e-17	AP000355.1
LINC00871	-3.843392586951067	1.8456945152244214e-17	LINC00871
AL592293.1	-1.3044386754664052	1.8587789308071048e-17	AL592293.1
RIMBP3C	2.5731873804891814	1.8673420883014e-17	RIMBP3C
CRX	3.0664362663387617	1.868662021151996e-17	CRX
PHBP19	1.8962747489305225	1.9194714127452865e-17	PHBP19
LAMA2	-1.5546910967089569	1.9319166268885528e-17	LAMA2
TNNT2	-2.0050591972790945	1.9498418911042864e-17	TNNT2
AC006511.5	2.0414800264782222	1.975438330102805e-17	AC006511.5
DUSP23	1.033775243336106	2.0053208696385385e-17	DUSP23
TLCD1	-1.228853661240562	2.037429603782169e-17	TLCD1
PTPRH	2.5519150500414365	2.052964863217061e-17	PTPRH
AL031186.1	1.4030617504667202	2.0547131666497297e-17	AL031186.1
LINC01630	3.3193999186002983	2.0585838598711965e-17	LINC01630
NOC2LP1	-1.7560720504599356	2.068916589578408e-17	NOC2LP1
TAS2R19	1.5410577563194556	2.0748743104998585e-17	TAS2R19
AC012066.1	2.6773114500264925	2.082658496604718e-17	AC012066.1
AC021818.1	3.3627925340158438	2.0948947422677424e-17	AC021818.1
LINC01431	-1.1954935629231391	2.106289322683309e-17	LINC01431
AC005520.5	1.5286148916610365	2.1106115146212552e-17	AC005520.5
AC012157.2	2.4487639953204847	2.1150827284149224e-17	AC012157.2
AL391832.3	1.140718979983704	2.1893139255546545e-17	AL391832.3
SPINT1-AS1	-1.1699792592891674	2.2074694877275938e-17	SPINT1-AS1
SLC1A7	2.1107164499671733	2.2145956027198657e-17	SLC1A7
AC021683.6	1.900315206181031	2.2197671596113544e-17	AC021683.6
FAM172BP	2.0222050494935977	2.2540902394842305e-17	FAM172BP
APELA	-3.2425254604688174	2.2600560951000908e-17	APELA
AL355581.1	1.2992939680593638	2.2638324760081138e-17	AL355581.1
SOCS5P4	1.1113433083081088	2.2663185188193546e-17	SOCS5P4
AL445647.1	4.381054881204369	2.272538517330681e-17	AL445647.1
AMD1P4	3.5252541159013617	2.2830928989065408e-17	AMD1P4
AC008734.1	2.267728345501543	2.2862589914563158e-17	AC008734.1
ZNF385D	-1.3203674514958326	2.293511040369964e-17	ZNF385D
NCMAP	-2.000066677408166	2.3052148923868818e-17	NCMAP
AC022973.5	1.4561556064350347	2.310181242093192e-17	AC022973.5
CNR1	1.673595421431678	2.3521985768433985e-17	CNR1
AL450313.1	-1.8652094113294349	2.3681478981430986e-17	AL450313.1
U6	2.467802669537555	2.37783576225428e-17	U6
CDC42P3	2.424557768055577	2.4026591083340604e-17	CDC42P3
CA6	2.867095921593094	2.424210608635177e-17	CA6
AC133552.5	-1.0949127507077467	2.4278274962926708e-17	AC133552.5
PPM1J	-1.1304095294462992	2.4373988241346854e-17	PPM1J
AP000437.1	1.731026465591082	2.4745153283312337e-17	AP000437.1
FGF11	1.906165859917836	2.4851513868017364e-17	FGF11
CYP2C8	1.8483476485812311	2.517552523867699e-17	CYP2C8
AC011447.6	1.5561444145376564	2.530393932002269e-17	AC011447.6
AC005837.4	2.7310739271645765	2.5389150575197162e-17	AC005837.4
AL161793.2	-4.659332208934249	2.5779622598350956e-17	AL161793.2
HSPB9	-1.3631805832548682	2.607960252979101e-17	HSPB9
IL1RL1	-2.094962536002897	2.6104186479367144e-17	IL1RL1
EAF1-AS1	1.453599268588613	2.612889046340872e-17	EAF1-AS1
RNU6-1053P	1.6229864077958571	2.6206991193375466e-17	RNU6-1053P
RN7SL600P	2.1614561404509964	2.6690136814116164e-17	RN7SL600P
SCN10A	3.620144344345632	2.67642834661274e-17	SCN10A
AC022509.5	3.4765267323305333	2.6823018902006057e-17	AC022509.5
RPL23AP3	1.8301529741090343	2.7268558525831453e-17	RPL23AP3
CDC42P4	2.503519333810421	2.7415734275912218e-17	CDC42P4
SPDYE1	1.3346610569058004	2.746028145486179e-17	SPDYE1
AC067752.1	4.378194860548136	2.756429157623163e-17	AC067752.1
CPA4	2.651204251005172	2.7564576751115872e-17	CPA4
AL356299.2	1.7190961653924328	2.78017687465966e-17	AL356299.2
DPYSL4	2.3066219101880776	2.7807477029129425e-17	DPYSL4
AC090589.1	1.7631464011378768	2.822992511810401e-17	AC090589.1
CYCSP40	2.3814038056370754	2.8761973436242106e-17	CYCSP40
AL137025.1	-1.3617944186533122	2.897741330367416e-17	AL137025.1
SMARCE1P6	2.0187345769091105	2.958388876793848e-17	SMARCE1P6
PCSK6-AS1	4.050861652264202	3.03099426442749e-17	PCSK6-AS1
AL009178.1	-3.368279750261685	3.032364346717208e-17	AL009178.1
RSPH4A	-1.0530736377785572	3.0500112590537857e-17	RSPH4A
AL355102.4	-2.504620172569912	3.0511560897572056e-17	AL355102.4
IL26	2.705308045443565	3.060015763916391e-17	IL26
WDR45P1	1.5124403742539083	3.06239909054122e-17	WDR45P1
AC012368.2	1.9179491109064064	3.065524909118391e-17	AC012368.2
AC009159.3	1.205813423956826	3.0671671161687024e-17	AC009159.3
AP003465.2	3.4177217495595187	3.067794098709051e-17	AP003465.2
AC022966.2	1.5802539902782202	3.151023227140872e-17	AC022966.2
AC130466.1	1.832532639292606	3.151223961541138e-17	AC130466.1
AP000553.7	2.2185684335560287	3.160478550345757e-17	AP000553.7
TGFB3	1.000849817719451	3.176841179130386e-17	TGFB3
Z98885.2	2.045526330782641	3.186428715025533e-17	Z98885.2
AC135050.1	1.0521737110587617	3.2288426372587786e-17	AC135050.1
AL354733.3	1.5016752687351689	3.2326931365359744e-17	AL354733.3
AP002812.2	1.8669882985240107	3.290326910890968e-17	AP002812.2
LINC01880	2.7846118926475127	3.302787377018354e-17	LINC01880
AGAP5	1.8943818695942816	3.31355766775494e-17	AGAP5
AC123023.1	-2.9314537134959515	3.3359903371608606e-17	AC123023.1
AC010857.1	4.022174395498268	3.3396818390853703e-17	AC010857.1
AC119396.1	1.1962598426160933	3.34428529183006e-17	AC119396.1
LINC01928	-3.567452482496275	3.359753458498485e-17	LINC01928
PGM5-AS1	-1.507423054046961	3.359842904973859e-17	PGM5-AS1
LINC02227	2.419873247323854	3.365542821902658e-17	LINC02227
AC008667.3	2.689202683372361	3.378991219130274e-17	AC008667.3
ELF3	-1.197531971441905	3.39122442844546e-17	ELF3
TDGF1	-3.411842612764195	3.395890533740799e-17	TDGF1
TBX4	1.813748790958284	3.4008973442388845e-17	TBX4
AL358216.1	2.246395770021959	3.408295485297576e-17	AL358216.1
ZDBF2	-1.0070991032313843	3.4118945138510403e-17	ZDBF2
PLG	-3.2516687574116263	3.4231631693058784e-17	PLG
PROX2	1.3343368154977813	3.444352159607595e-17	PROX2
AL008707.1	1.619292963390794	3.457770111430113e-17	AL008707.1
AC103705.1	3.65075617328718	3.5203053017636415e-17	AC103705.1
PLP2	1.052581828710082	3.5613370760617304e-17	PLP2
AC073912.1	2.057227232265989	3.564509960705739e-17	AC073912.1
VAMP1	1.0788362606854018	3.5728005917974625e-17	VAMP1
RNU6-1098P	1.9480211132328096	3.6073601554643486e-17	RNU6-1098P
B3GAT2	1.216041298238857	3.6080158358586646e-17	B3GAT2
LINC02532	1.0650835139361166	3.6371487650084026e-17	LINC02532
SIX4	-2.281290011623526	3.64041081246496e-17	SIX4
AC007952.6	1.8932510973396268	3.64790336963201e-17	AC007952.6
AL121956.7	-2.6441124083172918	3.6645251184442164e-17	AL121956.7
AC011933.1	1.766458668641133	3.6824959802234266e-17	AC011933.1
LINC00339	1.1435454236273102	3.682725998365536e-17	LINC00339
AC025271.1	-2.2813839719502838	3.688089867510222e-17	AC025271.1
AC002116.2	1.3378763691607043	3.696123186506406e-17	AC002116.2
AL391416.1	1.6231502223352317	3.714062890949556e-17	AL391416.1
H1-10-AS1	1.1424050223745117	3.727858862211621e-17	H1-10-AS1
ENAM	-1.758916414924146	3.7718529148280426e-17	ENAM
DCLRE1CP1	2.9519622226321576	3.779835690194888e-17	DCLRE1CP1
AC107956.1	1.006639906036131	3.793139057662097e-17	AC107956.1
EXTL1	-1.3528396876633484	3.795121542982363e-17	EXTL1
AC133561.1	2.3137573998964838	3.802916060607762e-17	AC133561.1
KCNJ5	-1.3917742977664445	3.839176776451888e-17	KCNJ5
AC016705.2	-1.4408292581194937	3.862045154658292e-17	AC016705.2
RRN3P2	1.6987396181933556	3.8911867246603496e-17	RRN3P2
RPL37P23	1.237504112840495	3.898209891867492e-17	RPL37P23
ZSCAN4	1.6449806888459453	3.9095348681658985e-17	ZSCAN4
RPS17P2	1.9081001624226768	3.9108435328500916e-17	RPS17P2
RNU6-611P	2.2767432859439216	3.937596976176645e-17	RNU6-611P
AD000090.1	2.3623187842552404	3.965543831244895e-17	AD000090.1
LINC01393	1.408309274808036	3.9668750018071234e-17	LINC01393
AC005329.3	1.435992111881489	4.0167394086384276e-17	AC005329.3
AC007792.1	2.4455985321109943	4.0239562668826754e-17	AC007792.1
LINC01625	-1.39382975899653	4.0239562668826754e-17	LINC01625
AC036103.1	1.6744525770315084	4.036691472271754e-17	AC036103.1
LINC01556	1.7634172284462364	4.0394557478179067e-17	LINC01556
AC090398.2	-1.0955887444573464	4.039585949143122e-17	AC090398.2
IGHV3-30	2.381619159155365	4.062164979342162e-17	IGHV3-30
AC068669.1	1.9916031360599535	4.079123431855872e-17	AC068669.1
AC074366.1	3.4228339289320644	4.101126723990226e-17	AC074366.1
CLDN6	-1.7307715470511624	4.148168319616362e-17	CLDN6
AC104623.1	2.6052031636049	4.243569047156376e-17	AC104623.1
KCNJ15	-1.3762912276390926	4.262825183721044e-17	KCNJ15
AL512283.3	4.068350699402635	4.302397523492186e-17	AL512283.3
AC099684.2	-2.159995435136558	4.330032811383856e-17	AC099684.2
AL157838.1	1.2489772060677875	4.3408858969410433e-17	AL157838.1
PCDHGA1	1.335861155322435	4.3463522341157885e-17	PCDHGA1
TAC4	1.3219630991379214	4.351141283926595e-17	TAC4
PTPRK-AS1	2.665658419228813	4.368330998566485e-17	PTPRK-AS1
AC026495.1	-2.2706700456657845	4.40774444376052e-17	AC026495.1
FOXC2	1.2617214667339611	4.518327853034356e-17	FOXC2
AKR7A3	-1.5699394856726547	4.546355120395839e-17	AKR7A3
TRAV8-2	-1.5630942889644803	4.562747163895668e-17	TRAV8-2
UROC1	2.028402352701141	4.623562669101624e-17	UROC1
AC004834.1	1.4223734645556705	4.7147309765742605e-17	AC004834.1
AC046130.2	1.02845101413939	4.7510464881790515e-17	AC046130.2
AL132642.1	2.229331413317257	4.7608288303697147e-17	AL132642.1
LINC00954	1.4814804954659182	4.766771016873325e-17	LINC00954
AC023302.1	-1.76715535062542	4.788029208473056e-17	AC023302.1
AC010168.2	1.1707218406380302	4.8593112895584e-17	AC010168.2
AC009948.1	1.6237460028708357	4.9412718211298766e-17	AC009948.1
AC125611.1	2.755385145291789	4.9434585445553875e-17	AC125611.1
AL022724.2	2.509559821182045	5.0332153581341116e-17	AL022724.2
LINC02863	2.278759350089614	5.051207028031007e-17	LINC02863
AC103982.1	1.7277045903888468	5.116799963099263e-17	AC103982.1
HMGB3P10	1.445909824382453	5.116799963099263e-17	HMGB3P10
MIR5010	1.7912441263942862	5.15222971073336e-17	MIR5010
AC012615.4	2.297761522776588	5.210049710094652e-17	AC012615.4
TRIB1	-1.0016738701582104	5.232052523418717e-17	TRIB1
AC015853.1	2.0682836830195126	5.285214598092694e-17	AC015853.1
RPS28P4	1.015375726811871	5.296475902826197e-17	RPS28P4
AC008083.3	1.3269828899694198	5.297480939266282e-17	AC008083.3
LOXL4	-1.140724570705153	5.303305201898559e-17	LOXL4
VEZTP1	1.4908883696617738	5.368776507893517e-17	VEZTP1
AC016526.2	-1.3660164754551498	5.477654094058288e-17	AC016526.2
CLEC18B	1.6569014015511716	5.5020091468732505e-17	CLEC18B
AL354989.1	1.572687303079486	5.5075490469783615e-17	AL354989.1
NKX2-5	4.504959213720895	5.548589453329729e-17	NKX2-5
AP001020.2	1.718753963211038	5.553120098049448e-17	AP001020.2
AL513128.3	1.3032870925270144	5.617651615619778e-17	AL513128.3
SDR42E1	-1.29821585169756	5.69024901981697e-17	SDR42E1
AC010533.1	2.735699089891469	5.69024901981697e-17	AC010533.1
MUC22	2.6259654597302866	5.700631589387873e-17	MUC22
FAM102A	-1.091285622279829	5.703595902009245e-17	FAM102A
MALAT1	1.2678318111957134	5.829415507339421e-17	MALAT1
AC018665.1	1.2633177446424826	5.846799582684803e-17	AC018665.1
AC027644.1	1.2866070054798209	5.851476772975131e-17	AC027644.1
TRBV21-1	2.626459161851248	5.85822944271126e-17	TRBV21-1
AC011306.1	1.8091186981359857	5.875293655256593e-17	AC011306.1
SSBP3-AS1	1.1629523546291975	5.95690921124076e-17	SSBP3-AS1
CSPG4P10	1.13239565837863	6.012826107873048e-17	CSPG4P10
AL132655.2	2.961548969596115	6.020832162334943e-17	AL132655.2
THEM7P	2.512502529587052	6.047548783606363e-17	THEM7P
HAR1A	1.3779805881915883	6.215775698708669e-17	HAR1A
SERPINA4	-2.862108652916964	6.387144139749918e-17	SERPINA4
INE1	1.0131129349664734	6.400868063974732e-17	INE1
AL513523.2	1.8736208510311665	6.414340547301305e-17	AL513523.2
AIFM3	1.151717163067256	6.417697218677917e-17	AIFM3
LINC01842	1.863237847118799	6.467029629492862e-17	LINC01842
ACTG1P22	3.257050297545666	6.561556750246368e-17	ACTG1P22
PRLR	-1.84313831335454	6.712307991572978e-17	PRLR
AC005034.6	-1.0169145517797136	6.732296560912442e-17	AC005034.6
AP001972.4	4.221195979957522	6.810508451992722e-17	AP001972.4
RDH8	-3.8334600517816817	6.893437725449337e-17	RDH8
SEZ6L	2.0409012868197687	6.978139262717575e-17	SEZ6L
AL583832.1	1.5790478042245346	6.978445401749908e-17	AL583832.1
AC020915.1	1.287049756245349	6.980156373598031e-17	AC020915.1
ZNF804A	-1.3788482743690242	6.99141526976997e-17	ZNF804A
XK	-1.8626112377681965	7.069262502092285e-17	XK
AC097382.1	2.715617780678451	7.105469825238448e-17	AC097382.1
HPGD	-1.920680057922846	7.118866946605201e-17	HPGD
ERC2	-1.674878163025377	7.13899615920098e-17	ERC2
AC015845.2	-1.7448526835145182	7.192927721679551e-17	AC015845.2
AC005487.1	-1.4537026103079045	7.229682792450346e-17	AC005487.1
RTN4R	1.1085265476475354	7.40563699876554e-17	RTN4R
SNCB	3.2578534381471584	7.42617261595979e-17	SNCB
KCNQ2	-2.5150493826273244	7.434297155278732e-17	KCNQ2
RFPL2	1.7595665918023529	7.474528790837678e-17	RFPL2
LINC02268	2.6657118386757443	7.507419211098417e-17	LINC02268
TRGV1	2.6455339788742998	7.540348616745021e-17	TRGV1
SLC13A4	1.2754309194900393	7.545031386390754e-17	SLC13A4
AC092681.1	1.3887774888416613	7.594645834393308e-17	AC092681.1
AC104619.1	1.5839900081852911	7.630281613151033e-17	AC104619.1
AC103858.1	2.2570399159479533	7.631993933238259e-17	AC103858.1
RNU6-343P	1.729368571057389	7.651699861365357e-17	RNU6-343P
BTF3P3	1.8110134454098497	7.656364485711845e-17	BTF3P3
AC124319.1	1.9330311239593208	7.769106101282794e-17	AC124319.1
AC097709.1	4.5829310897768325	7.895162206744141e-17	AC097709.1
AL365205.1	1.1816326102932329	7.941000080233272e-17	AL365205.1
GAPDHP32	1.5890937533042533	7.992263003247771e-17	GAPDHP32
AC092720.1	2.946034583322693	8.034354514390872e-17	AC092720.1
AC106892.1	-4.73152883058831	8.067116112543212e-17	AC106892.1
CLEC4O	2.5889729626240707	8.194830396020596e-17	CLEC4O
SCRN1	-1.0625902098940727	8.233502431106267e-17	SCRN1
AC120498.3	2.40232799448696	8.275453673762862e-17	AC120498.3
RNU6-1011P	1.940416666488438	8.305901636423992e-17	RNU6-1011P
AC020663.3	1.953854789176921	8.320548786237297e-17	AC020663.3
UGT1A2P	2.5897204340879107	8.395270262595854e-17	UGT1A2P
AC020913.3	2.70519635515377	8.487899178497328e-17	AC020913.3
AC096576.7	1.4886338549273903	8.538427172981433e-17	AC096576.7
AC013452.2	2.2396111998226207	8.624903841577002e-17	AC013452.2
MGAT4C	-2.103122617101193	8.640896177491638e-17	MGAT4C
H2AC11	1.6887745192443513	8.676805858338907e-17	H2AC11
AP000553.2	2.1643540402505423	8.814579276489664e-17	AP000553.2
LINC02827	1.788532036534938	8.821350243210641e-17	LINC02827
LINGO2	-2.43032702702496	8.839960929077151e-17	LINGO2
PLA2G4E-AS1	-1.384990114742435	8.867311137005091e-17	PLA2G4E-AS1
AL513190.1	1.4806739638856352	8.888162272350582e-17	AL513190.1
PPIAP72	1.674809087971591	8.981725910018036e-17	PPIAP72
CCN2	-1.2023293291023618	9.002323977576396e-17	CCN2
AC004678.1	1.7950776472621288	9.014326756302116e-17	AC004678.1
AC159540.2	2.3336593858039447	9.1467538451664e-17	AC159540.2
AC016925.3	3.110882626131357	9.443313416625947e-17	AC016925.3
TFDP1P2	-2.513751899731428	9.453341004734658e-17	TFDP1P2
AC233280.36	1.909390728531524	9.550100872445167e-17	AC233280.36
MIR4668	2.193986346296123	9.553021449595239e-17	MIR4668
TRPC7-AS1	-1.939548914524424	9.592674682479748e-17	TRPC7-AS1
AC234782.1	2.8676180635488797	9.692346983255867e-17	AC234782.1
RPL23AP77	3.766602443686816	9.708723398345652e-17	RPL23AP77
TRNP1	-1.8840513919661928	9.863008150758388e-17	TRNP1
AL031429.2	-1.958123774719699	9.91090377379822e-17	AL031429.2
AL132875.3	-3.035782088184683	9.962606945298192e-17	AL132875.3
OR2T6	-3.195366562666125	1.0004152418760744e-16	OR2T6
ARSDP1	-2.980614315010829	1.0120912897166164e-16	ARSDP1
AC005081.1	-1.1783982414177536	1.0124412275291511e-16	AC005081.1
AC093525.9	1.676260993489747	1.012752804174688e-16	AC093525.9
AL390719.3	1.7511471817801323	1.0151020722273411e-16	AL390719.3
LINC01320	1.186957347325534	1.0232458041433385e-16	LINC01320
TRDJ1	2.025768389907217	1.0255155943291366e-16	TRDJ1
HEXD-IT1	1.454997131523347	1.037567131535246e-16	HEXD-IT1
TNFSF11	2.085138501305134	1.0412059266382423e-16	TNFSF11
RNU6-1048P	1.6379237169527958	1.0468909820771708e-16	RNU6-1048P
GHRHR	-1.6153861831503449	1.0470281335661011e-16	GHRHR
AL391650.1	-1.0814225417497183	1.0551960754935715e-16	AL391650.1
RPL35P5	1.3919578701686712	1.0559130307796378e-16	RPL35P5
AC008945.2	1.4928040425850573	1.0608054065729003e-16	AC008945.2
VIPR1-AS1	1.7903465009405075	1.080839166374202e-16	VIPR1-AS1
GOLGA8IP	1.9295089032590416	1.1052638031015011e-16	GOLGA8IP
AL139022.1	1.5723118825407456	1.1114303653285314e-16	AL139022.1
AC244517.3	1.866376900333426	1.1164922472337541e-16	AC244517.3
OSBPL6	-1.398906113573121	1.1390119840802218e-16	OSBPL6
PSKH2	-4.16977277986178	1.1390119840802218e-16	PSKH2
SHISA6	-1.686808739922704	1.142237871635243e-16	SHISA6
AL590822.3	1.1037301341052772	1.145808395018997e-16	AL590822.3
LINC01483	1.832189756561886	1.1546655978236872e-16	LINC01483
AC100827.4	2.0888371042828515	1.1814742581191552e-16	AC100827.4
CBLN1	2.0997787960333523	1.1840884837212164e-16	CBLN1
AC080038.3	2.271847130908303	1.1903178423484075e-16	AC080038.3
TCP10L	1.6379421592737462	1.1907921673445792e-16	TCP10L
AL031283.1	1.428494483496694	1.197484469557725e-16	AL031283.1
IL21	3.479915578195598	1.206687279821313e-16	IL21
RPL9P32	1.654922723138247	1.2090126842285038e-16	RPL9P32
AL592166.1	1.69665855948719	1.2139957387436492e-16	AL592166.1
AC100821.1	1.3172250880311085	1.220331993008025e-16	AC100821.1
AP001628.1	1.9966608268786417	1.2224564551282638e-16	AP001628.1
EP300-AS1	1.0383614571889834	1.2324961954964412e-16	EP300-AS1
AL109741.2	1.891031989093769	1.235858056027884e-16	AL109741.2
AC090907.2	1.5264058423755922	1.238952581672779e-16	AC090907.2
CD109	1.0471060616535568	1.2551538883214792e-16	CD109
LINC00032	1.5348408979567616	1.2608705699754846e-16	LINC00032
TPSG1	2.4008170009892726	1.2789671705051794e-16	TPSG1
AL645608.8	1.8400678115689135	1.2797590351048372e-16	AL645608.8
LINC00051	-3.0358485384993235	1.2821138112726583e-16	LINC00051
AC027682.7	1.4679469577190698	1.2899251980704126e-16	AC027682.7
AC093010.1	2.428628271376329	1.292745544695436e-16	AC093010.1
RNF126P1	-1.2986435648872152	1.3082596215960596e-16	RNF126P1
AC103591.2	1.1770576475576713	1.313984440042341e-16	AC103591.2
C6orf141	2.149861738148564	1.3143062715540081e-16	C6orf141
IGHG1	2.4512640143158784	1.3200258641035383e-16	IGHG1
AL159996.1	-3.3026208879306664	1.321980063896037e-16	AL159996.1
AC135178.2	2.3053887037809644	1.3278301777600329e-16	AC135178.2
CHL1-AS1	-1.9632135572770668	1.342130730478074e-16	CHL1-AS1
AC092567.2	3.05532848227605	1.362346926666805e-16	AC092567.2
AC025287.3	1.2086867318932626	1.364422572876811e-16	AC025287.3
PSD2-AS1	2.5419260254021565	1.370019808617298e-16	PSD2-AS1
AC099518.2	1.5083433615962851	1.373147686931493e-16	AC099518.2
LINC02544	2.0789885438947606	1.3755311456483678e-16	LINC02544
AL354760.1	1.2901371500331769	1.390419926342499e-16	AL354760.1
NACA4P	1.0593864590595854	1.392117152460195e-16	NACA4P
GOLGA2P5	1.1768897029949517	1.3956249482657008e-16	GOLGA2P5
AL022334.1	3.170509639030094	1.404892507982909e-16	AL022334.1
NPY1R	-1.194760608718376	1.4097717287574943e-16	NPY1R
UGT1A4	3.349490156537416	1.4104771417550742e-16	UGT1A4
AC005550.2	3.5277007152268487	1.4205592848275252e-16	AC005550.2
BCL2L2-PABPN1	1.516116190717953	1.428167966052119e-16	BCL2L2-PABPN1
LINC00511	1.5003225566359009	1.429273858125278e-16	LINC00511
AC008731.1	1.57159911480202	1.4443176137038288e-16	AC008731.1
AC011825.2	1.5201794538560498	1.4479654863722594e-16	AC011825.2
AL359921.1	1.6574541754691217	1.4532130646042759e-16	AL359921.1
FBLN1	-1.5348635398817758	1.4697523174967098e-16	FBLN1
AP001178.2	2.075795058596907	1.4769276006665575e-16	AP001178.2
AL110503.1	-5.413183692763826	1.4788595520211236e-16	AL110503.1
ZHX1-C8orf76	1.5281614892633664	1.4883495998500808e-16	ZHX1-C8orf76
C1GALT1P2	2.6113769903873227	1.514765135812297e-16	C1GALT1P2
C9orf152	-1.7804910799373526	1.52389318327103e-16	C9orf152
ZDHHC11	1.4312431438469813	1.5449647431545963e-16	ZDHHC11
AC004967.1	1.5723240489152928	1.547723404407096e-16	AC004967.1
AC018868.1	1.226133211299744	1.5523181221030215e-16	AC018868.1
MROH3P	2.238400655012587	1.5976865860909475e-16	MROH3P
PPEF2	2.0440583037054565	1.602004630576633e-16	PPEF2
AL354813.1	2.1225243986531988	1.6029175918278602e-16	AL354813.1
TAFA5	1.3686200164230715	1.626592477914077e-16	TAFA5
AL445490.1	1.753710895859853	1.63889410732643e-16	AL445490.1
AC096861.2	-1.5467466829735883	1.650229671184599e-16	AC096861.2
HMGB3P7	3.869395250480768	1.6647390564633584e-16	HMGB3P7
AC009145.4	2.522336349834853	1.6757322640480514e-16	AC009145.4
AL109811.2	1.1092807332311394	1.6820171422651098e-16	AL109811.2
AL391095.1	1.651200021329886	1.6949147468483962e-16	AL391095.1
ANAPC1P1	2.052997867017345	1.7100401632015558e-16	ANAPC1P1
AL513477.2	1.1862814756000082	1.710430888459196e-16	AL513477.2
RASGRP3-AS1	1.5186955602551897	1.7294213834997006e-16	RASGRP3-AS1
FYB2	-2.156489927535082	1.7374000131757823e-16	FYB2
FAM9B	2.4387114942717747	1.7630585546377155e-16	FAM9B
AL117328.1	1.5232995702585692	1.7637215586237456e-16	AL117328.1
RNU1-103P	1.8348044280629212	1.7667298247535394e-16	RNU1-103P
AL161449.2	1.7553976970461278	1.772129696290225e-16	AL161449.2
RPL26P35	3.1262654663858185	1.81125568294869e-16	RPL26P35
AC093515.1	2.6322231935293927	1.8271076270803275e-16	AC093515.1
HCG4P8	3.8598913753140143	1.8459752030174143e-16	HCG4P8
RPS2P4	1.2692958218182435	1.877753558619221e-16	RPS2P4
PDE6A	1.6146526289905196	1.8828443562780119e-16	PDE6A
CEACAM20	3.033547104130073	1.888136911634254e-16	CEACAM20
KLRC4	2.128312771675307	1.891371417584761e-16	KLRC4
IGLV1-47	2.492804179634737	1.893100742575285e-16	IGLV1-47
ANKRD63	-2.3386758792231044	1.9050747016537032e-16	ANKRD63
AC009093.7	2.740856956338363	1.9065067676553355e-16	AC009093.7
CYP4B1	-1.5870968862746802	1.9183623038223064e-16	CYP4B1
AC093817.2	3.536030479024253	1.921760830892193e-16	AC093817.2
KCNA4	-2.7462148954129653	1.9637359919845171e-16	KCNA4
AC078778.1	2.070301008369785	1.9805783722202435e-16	AC078778.1
AL445248.1	1.535502942615603	1.985035560089828e-16	AL445248.1
AATBC	1.1463204878593956	1.987917525461592e-16	AATBC
AC117503.2	1.4552355577921392	1.990609593750864e-16	AC117503.2
MYH16	1.8024097120192093	1.9939736210212114e-16	MYH16
PLA2G4C-AS1	2.883929534798092	1.995863120855877e-16	PLA2G4C-AS1
AC016876.2	2.2092892633081807	2.0070657501463922e-16	AC016876.2
AL133243.4	1.6406413793313044	2.028838107263851e-16	AL133243.4
AC022558.1	1.4318774591208423	2.0346599241279916e-16	AC022558.1
AP003108.2	1.2460867443205568	2.0357455602623651e-16	AP003108.2
TTYH1	1.529414174313851	2.0472842720196994e-16	TTYH1
CD79B	1.0465742337858233	2.0637991733740842e-16	CD79B
CHST1	1.4821050653117112	2.0690307098690587e-16	CHST1
FAM30A	2.0490241819709825	2.0973893905827876e-16	FAM30A
AL139275.2	-2.4704512987111937	2.0974260962032542e-16	AL139275.2
CCDC13	-1.316431169596099	2.1125990552185636e-16	CCDC13
AC011476.2	1.9803345755082609	2.1285313631767268e-16	AC011476.2
RNF207	1.151414542919754	2.1441104212952827e-16	RNF207
AC005757.1	3.5465380130012325	2.153320464018021e-16	AC005757.1
C1orf87	-2.780590967831554	2.1583630097029807e-16	C1orf87
GREM1	-2.4214153321785234	2.1583630097029807e-16	GREM1
AL133255.1	2.326993270795977	2.1665538156249854e-16	AL133255.1
AC105910.1	3.202087469107424	2.167549778539814e-16	AC105910.1
GPR63	-1.0321365076984568	2.168384845101133e-16	GPR63
MTATP6P26	2.35693179942575	2.1976707901740583e-16	MTATP6P26
Z98200.1	1.6852797802943498	2.206125485343433e-16	Z98200.1
AC091729.1	1.9901700576631287	2.207860877716035e-16	AC091729.1
AC010761.6	-1.354997469481792	2.2100215919705351e-16	AC010761.6
TMEM262	1.806303443601669	2.2106900643630742e-16	TMEM262
AL109933.4	-2.9784897760171787	2.2180999849531155e-16	AL109933.4
AGAP9	1.2336638153671342	2.2221223442993416e-16	AGAP9
AC011676.5	-1.5130119528204142	2.257992695621014e-16	AC011676.5
AC010999.1	1.5597707481293557	2.2714475084840853e-16	AC010999.1
DNAJB5-DT	1.722644395275044	2.2873351470716096e-16	DNAJB5-DT
LINC02316	3.039116012505112	2.297588891943981e-16	LINC02316
LINC01841	1.630917500455011	2.324530611588108e-16	LINC01841
PI3	2.6992673946734613	2.3260765519459323e-16	PI3
AL356489.3	2.191038485852232	2.338149434753877e-16	AL356489.3
AC093583.1	-1.870573992353959	2.3433620986516313e-16	AC093583.1
AL512306.2	1.536445925444302	2.3629925549092865e-16	AL512306.2
P2RY14	1.0994470416644633	2.36493673489365e-16	P2RY14
PRPH2	-1.2622289749125633	2.3669189350871275e-16	PRPH2
H4C9	1.1429746621860164	2.3754799050178387e-16	H4C9
LRRC3B	1.9869097173807928	2.38893027856236e-16	LRRC3B
RNU6-485P	1.373262016016517	2.4155665924021753e-16	RNU6-485P
PHGDH	-1.4049357778972291	2.417063882711851e-16	PHGDH
LRRTM4	2.431778635999488	2.451209910970925e-16	LRRTM4
AL121936.1	2.081503658634668	2.4521545246895423e-16	AL121936.1
AC027682.4	1.5566565717336611	2.4552786564554875e-16	AC027682.4
AC104248.1	2.5738393471370493	2.477406324746771e-16	AC104248.1
AC100778.2	1.3739973143548685	2.4854255338390265e-16	AC100778.2
LINC01013	1.6300214713661343	2.491038234393594e-16	LINC01013
AL365330.1	1.0557860160702928	2.5214380264062954e-16	AL365330.1
AC023509.5	3.603149513620686	2.5331664857536597e-16	AC023509.5
IGKJ4	3.2840258100159194	2.543023692193666e-16	IGKJ4
ZNF474	1.3635257937816196	2.545938413543723e-16	ZNF474
AC130462.2	2.3090846939466148	2.5555061508562885e-16	AC130462.2
AC116021.1	2.9262143048369404	2.595889124119325e-16	AC116021.1
AC026992.1	-1.325637163708695	2.6088889597223053e-16	AC026992.1
ACOT6	-1.5494105104875644	2.6367205014240865e-16	ACOT6
EPHA1-AS1	1.1892161954059788	2.6450943937369555e-16	EPHA1-AS1
PROC	-1.984844075952616	2.646166208958932e-16	PROC
AC092896.1	1.5748685653473251	2.664703140482761e-16	AC092896.1
ACTG2	1.66255575956775	2.68032179241524e-16	ACTG2
DISP3	1.6503082995574692	2.6891489051397983e-16	DISP3
AC012409.1	-1.1499299031267882	2.691001739681951e-16	AC012409.1
DHDDS-AS1	1.1985738958884278	2.700024280315188e-16	DHDDS-AS1
AC079154.1	4.56010139480865	2.700884511095231e-16	AC079154.1
NR1I2	1.5148759108923742	2.72242861890453e-16	NR1I2
ODF3L2	1.1773298140814106	2.730005810043246e-16	ODF3L2
CCL11	-2.410470513798717	2.738389233196016e-16	CCL11
AL031777.1	1.8965466607020007	2.7511277218245853e-16	AL031777.1
AC110285.2	1.6371800000530707	2.755012722444207e-16	AC110285.2
FRY-AS1	-1.6619699918574606	2.760940187594682e-16	FRY-AS1
KDR	1.1218962370144208	2.767238860915417e-16	KDR
RNU6-1157P	1.891363265331024	2.7806511996852203e-16	RNU6-1157P
AL121894.2	1.105576641951549	2.7925425301494915e-16	AL121894.2
RNU6-44P	3.371067711665609	2.829722353367122e-16	RNU6-44P
AC139491.1	2.5512745407497994	2.832405918852033e-16	AC139491.1
AC073912.2	2.342677038877544	2.8325974100845325e-16	AC073912.2
AL359881.1	1.8465956022293837	2.8361889721370267e-16	AL359881.1
ADCY10P1	1.192523911778126	2.847256578923617e-16	ADCY10P1
MS4A6E	2.606052606468514	2.849649039133962e-16	MS4A6E
APLNR	1.3334512225668047	2.8701700718813747e-16	APLNR
AC144548.1	1.6030874406528466	2.8854458604836963e-16	AC144548.1
LINC01449	1.9080373134268411	2.9011099808620723e-16	LINC01449
CALML6	2.092113790155259	2.9011099808620723e-16	CALML6
AC073316.2	1.660600687197822	2.921227066135494e-16	AC073316.2
PIGHP1	1.2121385624916472	2.9276405025943817e-16	PIGHP1
AC099501.1	1.683852732212913	2.935464692699456e-16	AC099501.1
RPS12P20	2.91886796833954	2.940483737933306e-16	RPS12P20
PPIAP78	-1.981582541795909	2.9451016020158325e-16	PPIAP78
Z98745.1	2.8639659858576265	2.9451016020158325e-16	Z98745.1
AC024267.3	1.3495182762117592	2.957618673817193e-16	AC024267.3
AC005740.3	2.0142546902680225	2.958735884376903e-16	AC005740.3
FAM209A	2.2096043388576265	3.0171593330705874e-16	FAM209A
RPS29P16	1.410039154887963	3.041527582035545e-16	RPS29P16
RN7SL809P	1.6292446207650335	3.04944232984649e-16	RN7SL809P
AL035661.1	-3.2027232903625884	3.0503103908656046e-16	AL035661.1
LINC02843	3.2908936390867765	3.0576005046795086e-16	LINC02843
DBIL5P2	2.2539525317680487	3.0914400604466197e-16	DBIL5P2
LUNAR1	1.7576469928645455	3.0998242570068476e-16	LUNAR1
LINC01885	2.3712454979791	3.1040101696269223e-16	LINC01885
AC090695.1	1.294498952630565	3.129911040115434e-16	AC090695.1
ALMS1P1	1.0376890764961588	3.1508055891190323e-16	ALMS1P1
VXN	1.8473387837390765	3.162019084711915e-16	VXN
PRH2	1.2285280802898024	3.1722917998777357e-16	PRH2
RN7SL333P	1.3574325935992495	3.187667609713485e-16	RN7SL333P
FTH1P11	1.0254987201407657	3.1928867563643794e-16	FTH1P11
MALRD1	-1.9041317454950744	3.1930608267349967e-16	MALRD1
AC087501.1	2.277256880593367	3.217104937053776e-16	AC087501.1
AC087273.2	1.7885205169235558	3.228442191303454e-16	AC087273.2
ZDHHC11B	1.6223855079035563	3.232400506044366e-16	ZDHHC11B
AC006487.1	2.780273500410733	3.265822716593834e-16	AC006487.1
PDYN-AS1	-2.072008575785738	3.268597399443924e-16	PDYN-AS1
LDHBP2	-1.3721739708887832	3.27038917271534e-16	LDHBP2
WNT4	-1.8337781148287435	3.309773248010971e-16	WNT4
LINC02160	2.642837560695038	3.316539650379493e-16	LINC02160
LINC01182	-1.590855234672045	3.3424599708584427e-16	LINC01182
RNF152	-1.238850393830126	3.354582745403856e-16	RNF152
AL035425.1	-2.615140846471903	3.361457748612847e-16	AL035425.1
RAB39A	1.382137450635934	3.3720375414405284e-16	RAB39A
AL358334.2	-1.4664633983741486	3.4091812208563333e-16	AL358334.2
FRAS1	-1.290251720293757	3.4111353031756463e-16	FRAS1
AL390208.1	1.6115240623585154	3.4769361894792616e-16	AL390208.1
TMPRSS11A	3.831513766308402	3.4969204929862593e-16	TMPRSS11A
AC068946.1	1.5194610489066975	3.501972599275812e-16	AC068946.1
AL079338.1	3.4131814783126213	3.542131268273964e-16	AL079338.1
AC009078.3	1.37269761886561	3.5426078881783634e-16	AC009078.3
COL6A4P1	-1.6706567262334344	3.5784512540255373e-16	COL6A4P1
AC004908.1	1.2042156124865366	3.5816573534683284e-16	AC004908.1
AC093802.1	-2.2130828563591622	3.5865728208636033e-16	AC093802.1
AP000866.6	1.32000372095734	3.598994547916775e-16	AP000866.6
GABBR1	1.1431455761585363	3.6065539643329353e-16	GABBR1
TRIM7-AS1	1.5472036965341156	3.717563614635204e-16	TRIM7-AS1
PP2672	-1.7204522915931464	3.747090875681127e-16	PP2672
RERGL	-1.5732391221650148	3.8308575075979454e-16	RERGL
AC103563.2	-2.435478447099017	3.834614883442824e-16	AC103563.2
AC012673.1	-1.3794029952489015	3.8349313326040252e-16	AC012673.1
LRP4-AS1	1.500672822099138	3.836812092070555e-16	LRP4-AS1
AC090772.1	2.3321502567349	3.8597575896255397e-16	AC090772.1
S100G	5.542320697544542	3.9235946387828483e-16	S100G
AL133444.1	2.168566098642224	3.9235946387828483e-16	AL133444.1
AC091390.3	1.8708584346586243	3.9283250273914797e-16	AC091390.3
AC073592.1	1.7345544158646655	3.932407036015556e-16	AC073592.1
SLN	3.120397326913616	3.9392945079881833e-16	SLN
LINC00499	2.526248690843349	3.9520553427375013e-16	LINC00499
TCTE1	1.4749363506756803	3.967023060723015e-16	TCTE1
AL023755.1	1.90278701124438	3.983523202980303e-16	AL023755.1
TRIM34	1.708769722444925	3.9865948951233856e-16	TRIM34
RLN1	-1.120688457720403	3.989974379886906e-16	RLN1
HOTAIR	1.2723256597531376	4.003181726581041e-16	HOTAIR
ALDH1L2	1.2633909292158136	4.054455520586606e-16	ALDH1L2
FAM95B1	1.9681000860142064	4.092920909276666e-16	FAM95B1
AL121748.1	1.5465028955444071	4.146428099066619e-16	AL121748.1
AC011479.3	1.7102284355010162	4.182852680805278e-16	AC011479.3
RN7SL68P	2.5023633915988595	4.189991435342644e-16	RN7SL68P
SAG	2.3805715815408863	4.2129938264147104e-16	SAG
AC007342.9	-2.439302066586968	4.24110154753119e-16	AC007342.9
RNU6-117P	1.80782590700247	4.2427442420146414e-16	RNU6-117P
AC002401.1	-2.0025663776793627	4.2568154580606583e-16	AC002401.1
AL359885.1	2.262507013118912	4.350856403934333e-16	AL359885.1
CERKL	-1.510842066511694	4.3615338173081903e-16	CERKL
LNCOC1	1.1959130361951362	4.362320207293454e-16	LNCOC1
AC005280.2	2.125768528854066	4.37832521912331e-16	AC005280.2
SYN1	1.486050798085356	4.382755678859402e-16	SYN1
AC025043.1	2.1245850305902256	4.396863438283311e-16	AC025043.1
AL033519.5	2.3737515596299854	4.397039829786098e-16	AL033519.5
AGBL1	2.93676490262025	4.4196643444668356e-16	AGBL1
AC108471.3	1.403344630491845	4.448074586227071e-16	AC108471.3
TAS2R10	1.4267210083433006	4.45413565938435e-16	TAS2R10
AP001931.1	1.347285038877036	4.456061451657183e-16	AP001931.1
KCNMA1-AS3	3.0366546979024123	4.4835412919809905e-16	KCNMA1-AS3
RPL10P1	1.3275261356520145	4.541804079007719e-16	RPL10P1
LYPD3	-1.3049321544147905	4.542827194442826e-16	LYPD3
DLEU2L	1.317993742713682	4.5521471008942e-16	DLEU2L
AC005086.2	2.594708382603463	4.554649133132597e-16	AC005086.2
AC032044.2	2.083073183130854	4.602020283191674e-16	AC032044.2
CLRN1-AS1	2.1691533797268714	4.639972580685498e-16	CLRN1-AS1
H2BC17	2.0280576447352754	4.681763779544931e-16	H2BC17
IGHV3-73	2.353243502046511	4.689438963581104e-16	IGHV3-73
AC211476.2	1.861579473207313	4.71609700234249e-16	AC211476.2
AC080013.2	1.746242306730173	4.738420979968376e-16	AC080013.2
RPS7P3	1.5022799233816249	4.738453363989331e-16	RPS7P3
AC087289.2	1.1458921183241024	4.757848319958357e-16	AC087289.2
AC139149.1	-1.24908130831522	4.765595580355929e-16	AC139149.1
PRELID1P6	1.2133519434817943	4.811438736970922e-16	PRELID1P6
LINC00167	-1.136089067720714	4.812848535820373e-16	LINC00167
AC006480.2	1.3404622090145704	4.853822407442068e-16	AC006480.2
ZNF451-AS1	1.1068360623925366	4.888517817358119e-16	ZNF451-AS1
AF196972.1	-1.2188049032860973	4.893646874330598e-16	AF196972.1
AL080276.2	1.349716960134342	4.894492382717092e-16	AL080276.2
GRPR	1.9140314136814764	4.909558275192642e-16	GRPR
GAPDHP71	1.7316740651460525	4.934177401071175e-16	GAPDHP71
AL355578.1	4.2645462380369485	4.97675261067545e-16	AL355578.1
RPL21P44	1.5075856438083337	5.053615314043744e-16	RPL21P44
AL451050.2	1.5236145630134663	5.101813570811469e-16	AL451050.2
C18orf63	1.9224539574785064	5.19462532142264e-16	C18orf63
NRAD1	-2.588716653375956	5.208125104509401e-16	NRAD1
BX322557.2	1.6068857067399993	5.236032216795586e-16	BX322557.2
LINC02542	1.664835059014208	5.2389408804605245e-16	LINC02542
AL033384.2	1.3891314748558636	5.261131576931246e-16	AL033384.2
TSKS	1.4573284504509456	5.307729043088637e-16	TSKS
ZBTB8B	-1.596102283391209	5.349428273554584e-16	ZBTB8B
PCDHA12	-2.0187070644034333	5.410421322916162e-16	PCDHA12
AC080023.1	1.0229425239580856	5.413231645007909e-16	AC080023.1
ADAMTS12	1.3581136338927873	5.42417335962443e-16	ADAMTS12
AL160287.1	2.804695371263481	5.475201647118402e-16	AL160287.1
AP003108.5	-2.513544146732759	5.523843881787519e-16	AP003108.5
AP000867.4	2.6745431618153783	5.539016885466012e-16	AP000867.4
ZBTB20-AS1	1.3073889010061457	5.553673420705395e-16	ZBTB20-AS1
AL135978.1	1.760142108227013	5.5879249935313445e-16	AL135978.1
TRIM7	1.4277999901426783	5.616785205698636e-16	TRIM7
C11orf86	2.487476410019691	5.633507797309385e-16	C11orf86
OR56B2P	2.3601535361448494	5.639052148698759e-16	OR56B2P
DIAPH1-AS1	2.3623896804468085	5.69370543427734e-16	DIAPH1-AS1
PPP2R5CP	1.5741001408332456	5.694049995054479e-16	PPP2R5CP
CASK-AS1	1.9660941067861608	5.719115321124458e-16	CASK-AS1
AC025470.2	-2.0930740933561	5.784404745129093e-16	AC025470.2
APOC2	2.594406529882652	5.785164782212524e-16	APOC2
UGT2B7	-1.3322559160875307	5.810095792481663e-16	UGT2B7
AL031432.4	1.2579620202836117	5.810929494070558e-16	AL031432.4
UGT2B27P	2.0048065507647066	5.850524980515903e-16	UGT2B27P
AL031587.1	2.447216835308062	5.881335312423142e-16	AL031587.1
PCSK2	-2.385432941638214	5.895022589096475e-16	PCSK2
RN7SL23P	1.8414019504968715	5.920600815354427e-16	RN7SL23P
AC104463.2	1.6751861691261345	5.945359048464729e-16	AC104463.2
AL445985.2	3.436048762049316	5.958969270214433e-16	AL445985.2
HS1BP3-IT1	1.4214150461423334	5.97775464425586e-16	HS1BP3-IT1
AC112496.1	1.443480041140722	6.01778915848733e-16	AC112496.1
LRRK2	1.0322039390392257	6.021424298399808e-16	LRRK2
LRRC37A4P	-1.1976451137169517	6.111198400651096e-16	LRRC37A4P
KLK5	-3.5065761232566164	6.142619427141162e-16	KLK5
GRM4	2.000631813591117	6.142619427141162e-16	GRM4
AC141586.5	1.4842497505424963	6.163309156417488e-16	AC141586.5
CLEC4F	1.5220103702660317	6.193402969166888e-16	CLEC4F
HMGB3P4	1.909085558560074	6.199058516482414e-16	HMGB3P4
AGAP12P	1.833340986982992	6.283173994690928e-16	AGAP12P
AL357874.2	1.6803945637379665	6.284213686873788e-16	AL357874.2
APOH	-2.4992525655895546	6.293103940321239e-16	APOH
AL358334.3	2.990734263161936	6.364605496908894e-16	AL358334.3
SNHG3	1.033488427320445	6.389251887931258e-16	SNHG3
AC008915.1	2.3817985991999904	6.409903609583698e-16	AC008915.1
LINC00303	2.1105921813026	6.441363553581069e-16	LINC00303
AC018685.2	2.547249610580393	6.510475069991255e-16	AC018685.2
AL590064.1	1.1121285384236437	6.540364539086759e-16	AL590064.1
AL353803.2	-1.6059389984473718	6.5459112273297355e-16	AL353803.2
RAB11FIP1	-1.0184679545947044	6.608891158751249e-16	RAB11FIP1
SLC5A1	2.117303679550749	6.6247974788802255e-16	SLC5A1
AC106782.4	1.2783315894600291	6.667395434335865e-16	AC106782.4
RNU5B-4P	1.1893723022004328	6.749685316099355e-16	RNU5B-4P
LINC01018	-2.0091755151331028	6.764945587344798e-16	LINC01018
EMILIN3	-1.2834941576676493	6.773485807416759e-16	EMILIN3
LINC02139	-1.1902343705549976	6.78403523189763e-16	LINC02139
AC015871.4	2.7653266769594254	6.800822730607959e-16	AC015871.4
POLR2CP1	2.6754228908146844	6.854432994691738e-16	POLR2CP1
DDN-AS1	1.1530480452849592	6.948647905463011e-16	DDN-AS1
PPP1R42	-1.688325014407707	7.001520753402964e-16	PPP1R42
AL161669.3	1.4446708921642015	7.007149394489786e-16	AL161669.3
SELP	-1.1241690144932073	7.070101534316009e-16	SELP
LINC01524	2.1447209666091007	7.07321543528765e-16	LINC01524
WNT5A	-1.2870781937337448	7.165479461777171e-16	WNT5A
AC024580.1	1.0974139058976782	7.187762902110408e-16	AC024580.1
PHEX	1.318893936074483	7.202070259045897e-16	PHEX
SRGAP2D	1.0803302860477682	7.214665924637167e-16	SRGAP2D
AC013565.3	-1.4591445267188383	7.241269554751072e-16	AC013565.3
KLF1	2.231327617827524	7.243267188381928e-16	KLF1
AC068790.4	1.5546913765028805	7.34063962313853e-16	AC068790.4
AL139351.2	2.173981530153528	7.450442574581531e-16	AL139351.2
AC124283.5	1.7573115503795405	7.451133429669162e-16	AC124283.5
SLC23A1	-1.6064164746727674	7.453404221122671e-16	SLC23A1
BNIP3P27	2.002402973670319	7.55817416724078e-16	BNIP3P27
AL133405.2	3.7450571755430224	7.588077270034654e-16	AL133405.2
AC005593.1	-1.3436473299941156	7.69171356306222e-16	AC005593.1
SNORD83A	2.153221687508189	7.69871017347386e-16	SNORD83A
OLAH	-1.2355224320875815	7.787367545533786e-16	OLAH
RORB	-2.2272726106573817	7.796854595405774e-16	RORB
GUCA1B	1.0962037550077837	7.857231560327205e-16	GUCA1B
FAM183DP	-1.6737886820888177	7.94826567915466e-16	FAM183DP
AL359710.1	-1.112583045494299	7.952417294707236e-16	AL359710.1
GABRB2	-1.8607778978769616	7.988827078031467e-16	GABRB2
RNU6-1223P	2.275066890327884	8.065042615899503e-16	RNU6-1223P
IZUMO1	1.5059491346207634	8.125474758401198e-16	IZUMO1
AC004908.3	1.37349793636114	8.149675137931749e-16	AC004908.3
AC118553.2	1.4796009985099394	8.198605326863309e-16	AC118553.2
LINC01186	-1.121390410285506	8.213596666905659e-16	LINC01186
LIX1L-AS1	1.1592422437750147	8.235329344135997e-16	LIX1L-AS1
LINC01714	1.370117618595999	8.282307453129436e-16	LINC01714
AC004678.2	1.9507006942594705	8.35234011596218e-16	AC004678.2
AL590560.3	1.3609829028142524	8.438224657861039e-16	AL590560.3
AC073114.1	2.741852838446925	8.454627594124393e-16	AC073114.1
SOWAHD	1.0761291050026065	8.537926729753572e-16	SOWAHD
SOX2-OT	-1.2745948747776723	8.561506839882728e-16	SOX2-OT
AL359095.1	2.4850149236247345	8.607522019051455e-16	AL359095.1
AC093866.1	2.7958003790383144	8.732506091531802e-16	AC093866.1
GATA1	1.6211981327882825	8.748604692616894e-16	GATA1
AC004066.1	-2.2280067329117563	8.800380676243178e-16	AC004066.1
ADAM29	2.3202781892215607	9.001854610036273e-16	ADAM29
CHRNA4	-3.14017270925284	9.037368418788229e-16	CHRNA4
GABBR2	1.841127429379506	9.19452011693753e-16	GABBR2
LSMEM2	-1.3395342143888016	9.238121988001821e-16	LSMEM2
IGDCC3	-1.7590721750814873	9.37394012243477e-16	IGDCC3
AC099791.2	1.965285319881284	9.383573460771965e-16	AC099791.2
ADAM32	1.317583075567721	9.39260381382196e-16	ADAM32
WDR11-AS1	-1.0234459396670226	9.509729414638716e-16	WDR11-AS1
AC012447.1	-1.1541437468051603	9.516657202860504e-16	AC012447.1
KRR1P1	1.6353118095262165	9.53329489966536e-16	KRR1P1
CCDC74B	1.2604269259109886	9.5387376854941e-16	CCDC74B
IL20RB-AS1	4.390013171428045	9.561216301460286e-16	IL20RB-AS1
ADGRD1	-1.2807244264886697	9.566930241031235e-16	ADGRD1
AL021368.3	1.8557099106544463	9.72356734339283e-16	AL021368.3
LINC01322	1.7440766086892086	9.824017631229613e-16	LINC01322
AC010463.3	1.3664592585807402	9.961996178422737e-16	AC010463.3
AC109597.2	2.71396539985382	1.0027787928399777e-15	AC109597.2
LILRP1	2.496040796950708	1.005921323587725e-15	LILRP1
SMCO2	1.4520578357303366	1.0069375244838077e-15	SMCO2
TACR1	-1.4352621691743903	1.0093386160680682e-15	TACR1
ATRNL1	-1.998996270382725	1.0124879443025464e-15	ATRNL1
AL033381.3	1.737563771037247	1.016518772574891e-15	AL033381.3
AC067852.4	2.5802299339887127	1.0224026575093564e-15	AC067852.4
AC074029.3	1.4586974330265434	1.0289260730476273e-15	AC074029.3
AL354892.3	1.0896895082833775	1.033235746659706e-15	AL354892.3
MIR1285-1	1.7359233650181995	1.0345301713573076e-15	MIR1285-1
CCL3L3	1.6509239929304584	1.0462393012530613e-15	CCL3L3
AL161669.4	1.7401953549516018	1.048583001355532e-15	AL161669.4
AP001453.3	1.1156502133463155	1.0504192938803539e-15	AP001453.3
ONECUT3	2.5237680980725905	1.0544681199829157e-15	ONECUT3
AL391825.1	1.134830831338137	1.057877241867953e-15	AL391825.1
TUBAP14	1.728422321788372	1.0662673682802601e-15	TUBAP14
SFTA2	-2.480230547539433	1.075338487387908e-15	SFTA2
ADH1A	-1.8639793547102503	1.0808017422836178e-15	ADH1A
AC083841.1	-2.9086545192772992	1.0912652551754957e-15	AC083841.1
AC104109.4	1.5083226856218932	1.1002061757642454e-15	AC104109.4
AL359644.1	1.0865729165240494	1.1005779680530785e-15	AL359644.1
AC008555.1	1.2462848990199933	1.1009324347833353e-15	AC008555.1
SCARNA5	2.414728805946699	1.1199896928832181e-15	SCARNA5
RPL21P10	1.435601059230079	1.1223779561091653e-15	RPL21P10
AL133372.2	-3.283325625951321	1.1293080407499468e-15	AL133372.2
AC015961.2	1.4580829296922646	1.1413209775026865e-15	AC015961.2
NRXN3	1.3660871525395204	1.152057897363265e-15	NRXN3
SERPINE2	1.3028705696933731	1.1594667383605826e-15	SERPINE2
AC063977.1	2.9116929343969558	1.1626172271391368e-15	AC063977.1
ZNF410	1.1295981798006434	1.1821534852179949e-15	ZNF410
CPLX2	3.6304696631662874	1.1829888357327186e-15	CPLX2
AC245884.11	1.9794369990796676	1.1835983895966373e-15	AC245884.11
UNC5B-AS1	1.8496627699217003	1.1889272615027265e-15	UNC5B-AS1
LINC01890	2.14064471381428	1.1897426641547704e-15	LINC01890
AC109446.2	2.917000364327824	1.1934735977728098e-15	AC109446.2
AC023494.1	1.0116146819837888	1.1958215269735437e-15	AC023494.1
LIF-AS1	2.867618965265068	1.2104694178715245e-15	LIF-AS1
CD22	1.278985185365277	1.2110265716209026e-15	CD22
KCNJ4	1.795729057118235	1.228610234187602e-15	KCNJ4
TMPRSS11CP	1.797615167124466	1.230993912389999e-15	TMPRSS11CP
AC103739.3	1.4997839254926768	1.2490080585336617e-15	AC103739.3
CLCNKB	-3.180923512068544	1.2638291735712286e-15	CLCNKB
SNORD93	2.740832432969197	1.2655644109434384e-15	SNORD93
AC011444.2	2.432754255102469	1.2663949561267053e-15	AC011444.2
AC006254.1	1.4692292634718076	1.2663949561267053e-15	AC006254.1
SNORA9B	1.958215595111626	1.2665372905757669e-15	SNORA9B
SSUH2	-1.274085296763979	1.2766473469407825e-15	SSUH2
MFSD13B	1.418729364853272	1.2904403084386657e-15	MFSD13B
AC060766.6	1.098837140467393	1.2953825120804965e-15	AC060766.6
AL645949.1	2.215627728017124	1.305532245504341e-15	AL645949.1
AC055876.2	2.143157832825582	1.321115183215891e-15	AC055876.2
REG1A	2.627983117882412	1.3229853860597913e-15	REG1A
AC234917.2	3.1519173811637304	1.3256316578602392e-15	AC234917.2
TST	-1.0593172391616343	1.3337242833769908e-15	TST
AC010198.2	1.708094920416921	1.339728809323229e-15	AC010198.2
SLC22A4	1.063743443561913	1.3402001616965954e-15	SLC22A4
PDC-AS1	1.1722888082960738	1.349065343209463e-15	PDC-AS1
SCARNA8	2.6798302333592288	1.3502353724686336e-15	SCARNA8
ST3GAL4	-1.1816493809862816	1.3589315958357657e-15	ST3GAL4
Z82195.2	2.474651557511673	1.3687282963606125e-15	Z82195.2
LRRC43	-1.47684550091694	1.3697072421436966e-15	LRRC43
AC113346.1	5.004881756844408	1.3699894172924013e-15	AC113346.1
AL109936.2	1.098375747187585	1.3847808451548844e-15	AL109936.2
SPDYE2	1.4413926612731631	1.4026330858839304e-15	SPDYE2
HTR3D	-2.7112154183841786	1.403227295442687e-15	HTR3D
RPL7AP50	1.0998443456309606	1.4098200314961028e-15	RPL7AP50
FCF1P7	2.150120465457281	1.4189013346708048e-15	FCF1P7
AL035420.3	-1.291573650399431	1.4204188352916341e-15	AL035420.3
MRTFA-AS1	1.8476047957318444	1.4312492615836218e-15	MRTFA-AS1
LINC01907	1.2557214911054255	1.433816406697317e-15	LINC01907
AC006460.1	-1.56176053573702	1.4415201682059652e-15	AC006460.1
EMCN	-1.1263475917589154	1.4569327984545585e-15	EMCN
AC104335.1	1.2478573376715851	1.467052752082519e-15	AC104335.1
LINC01151	2.6139177313276	1.4789561638872324e-15	LINC01151
SH3GL2	-2.7143141288812127	1.486450169925147e-15	SH3GL2
AC138230.1	1.3087714632590042	1.4979032186151132e-15	AC138230.1
AC092296.4	-1.576949338182548	1.5024271121750252e-15	AC092296.4
TRGV5P	1.7757110236679154	1.5314417707945338e-15	TRGV5P
ALKAL2	1.653838773611218	1.5442043340034945e-15	ALKAL2
SMIM33	2.1634152281967105	1.5486724928672892e-15	SMIM33
UBD	3.0270753897392217	1.5491262679339726e-15	UBD
LARGE2	-1.407893488850529	1.5552315418660745e-15	LARGE2
TRBV7-7	2.910592486602337	1.5574201920882968e-15	TRBV7-7
AL512643.1	-2.551091896069868	1.5766089921296901e-15	AL512643.1
NPY4R	2.864689510523194	1.5807327841256173e-15	NPY4R
AL158800.1	-2.410544387847004	1.5833916897978039e-15	AL158800.1
AC004951.4	1.127094630719297	1.5950446397819205e-15	AC004951.4
AC103691.1	1.770693203180956	1.6002603856752845e-15	AC103691.1
AC105339.5	1.9114460390022887	1.6049228441352865e-15	AC105339.5
AC017104.5	1.2124826691525648	1.6338146289630597e-15	AC017104.5
ARHGEF26-AS1	-1.860258094871864	1.6341922432106617e-15	ARHGEF26-AS1
ANKRD44-IT1	2.050118184171616	1.6646110394592659e-15	ANKRD44-IT1
AP003096.1	1.6096057270084931	1.664992210011041e-15	AP003096.1
VN2R9P	3.1640385360786047	1.6723337764815944e-15	VN2R9P
AC015983.2	-2.226400938737908	1.689331472911751e-15	AC015983.2
AC112255.1	2.6302241436711324	1.691660313290005e-15	AC112255.1
CILP	-1.635260562017091	1.691660313290005e-15	CILP
RPS4XP1	1.1676929722786002	1.6964900125648778e-15	RPS4XP1
LINC00161	2.469980705034642	1.7083076403065876e-15	LINC00161
PDC	1.8061966739276083	1.7101434440729825e-15	PDC
TRPC7-AS2	-2.6371007767169465	1.729239877071975e-15	TRPC7-AS2
DISP2	1.3249382961327545	1.7307668092360924e-15	DISP2
AC002519.1	1.656600146295528	1.744790594831485e-15	AC002519.1
LGR5	-2.566351607283754	1.7529217983476105e-15	LGR5
FOXH1	1.872924205664709	1.7814174868886132e-15	FOXH1
PTGFR	-1.6804351625096992	1.78356629089141e-15	PTGFR
AC092718.6	1.9927041899732203	1.842471128595162e-15	AC092718.6
AC005041.2	-1.6216873923703228	1.8462863890200755e-15	AC005041.2
CCDC144CP	1.727629638118985	1.846696176779961e-15	CCDC144CP
AC020978.4	-1.9452709760501312	1.8529340056498845e-15	AC020978.4
AC078820.2	1.817763233062168	1.860527829590638e-15	AC078820.2
WWTR1-IT1	1.953755991735652	1.8627357729160704e-15	WWTR1-IT1
AL121999.1	-2.063576447558675	1.882087605497879e-15	AL121999.1
DPT	-2.235144331637544	1.886231945052529e-15	DPT
RN7SL381P	1.7593038702418915	1.8947515697438245e-15	RN7SL381P
AC102953.1	1.631638527230499	1.899577145452347e-15	AC102953.1
SLITRK3	-2.6565023480232792	1.9057256778688137e-15	SLITRK3
AP001793.1	1.357308232457778	1.938725857274908e-15	AP001793.1
SCDP1	2.3422881727459077	1.975909628355064e-15	SCDP1
AC138951.1	1.9227738754798105	1.9807132286140203e-15	AC138951.1
LINC01936	-1.3332292823220506	1.999279734156816e-15	LINC01936
ATP6V0CP1	2.9377851913510087	2.0260237343515546e-15	ATP6V0CP1
RPL12P4	1.2985719149636237	2.0380064899586696e-15	RPL12P4
NFILZ	2.934622241804817	2.0454599905895027e-15	NFILZ
MIR4420	3.240778026973656	2.0497970288410407e-15	MIR4420
IMMP1LP1	2.1447458605314025	2.0644410085678525e-15	IMMP1LP1
FAM124A	-1.128920444915973	2.0994154761602997e-15	FAM124A
AC006539.2	2.4112180767926708	2.1003998404742087e-15	AC006539.2
HSPA8P19	2.1086201563532248	2.104486890611281e-15	HSPA8P19
AC008080.1	1.931590250804324	2.11697555653949e-15	AC008080.1
AL034550.1	1.2858051114038629	2.12009291949545e-15	AL034550.1
SLC46A2	1.2494120267916062	2.123549251964183e-15	SLC46A2
CH25H	-1.2961493630674727	2.1277558194216534e-15	CH25H
AC103770.1	3.386554855102592	2.131875382951312e-15	AC103770.1
AC104063.1	2.464925940044989	2.156807699247249e-15	AC104063.1
BRCA1P1	1.355156340290634	2.1763749246501613e-15	BRCA1P1
KLKB1	1.4415272814135878	2.1880865045056302e-15	KLKB1
PAGE4	-3.571052388471219	2.196562676304439e-15	PAGE4
RTL1	4.286637545199728	2.2053166666712e-15	RTL1
STEAP4	1.2984895222856103	2.251326733324263e-15	STEAP4
SLCO4A1-AS1	2.07706209329049	2.2666835095692564e-15	SLCO4A1-AS1
PCDHGB2	1.6013316741874293	2.2779364605578445e-15	PCDHGB2
PPP1R1A	-2.6408505839922563	2.2804988639988425e-15	PPP1R1A
RPL23AP93	3.227478383683388	2.2829656183903255e-15	RPL23AP93
AC005005.4	1.8650362381403476	2.2978679972774576e-15	AC005005.4
TGM5	2.482810329449596	2.3055959811042934e-15	TGM5
LINC02080	1.538195768089576	2.323478448468157e-15	LINC02080
LINC01621	-1.9058211434333137	2.33473201826742e-15	LINC01621
ENTHD1	2.2153615310407044	2.352838605813456e-15	ENTHD1
GAS8-AS1	1.3827262869935488	2.3685050125299227e-15	GAS8-AS1
OR10AH1P	3.048361710842235	2.3746640532429522e-15	OR10AH1P
TRBV10-1	3.346678175941832	2.37948268012268e-15	TRBV10-1
SLC6A7	1.9851539035296888	2.382281549889691e-15	SLC6A7
AL136982.6	2.153386129869486	2.4016692031618803e-15	AL136982.6
FOXD4	1.124401648374542	2.430300639147463e-15	FOXD4
RPL5P11	1.716300592827127	2.4428654497722478e-15	RPL5P11
AC016405.1	1.576638240414239	2.4794974670377e-15	AC016405.1
AC005306.1	2.638206122571139	2.4808071263898257e-15	AC005306.1
AC023090.2	1.7916594606326286	2.4821503804009838e-15	AC023090.2
DNER	-2.5052725668959144	2.5371080442123944e-15	DNER
AC010336.2	-1.5671909561817192	2.5381633019287866e-15	AC010336.2
FAM242C	-1.3567247143706664	2.5506257242821857e-15	FAM242C
PHF21B	-2.255147814676495	2.56427792125254e-15	PHF21B
AL136531.2	1.9063924031621344	2.5712120262028688e-15	AL136531.2
H2BC12	1.1024596254542502	2.579625146006172e-15	H2BC12
TRAV8-5	2.571012286035521	2.594278792977252e-15	TRAV8-5
AL353662.1	1.5976118800847816	2.6027677827169848e-15	AL353662.1
SLC4A1	-3.232684373341401	2.617332398517997e-15	SLC4A1
CCDC113	-1.181376423144625	2.6584867108228333e-15	CCDC113
GOLGA8N	1.0244557131374776	2.6595040955691245e-15	GOLGA8N
RPL17P36	1.016394711573565	2.67525948246705e-15	RPL17P36
PPM1N	1.1514164226324195	2.687818818838405e-15	PPM1N
MYH7B	1.1749894203782252	2.6883143179911705e-15	MYH7B
NELL2	1.3644447905988464	2.6894961234373e-15	NELL2
CYP51A1	-1.065808988514283	2.7062553679584244e-15	CYP51A1
AC005632.6	1.5810377791863013	2.711346580601359e-15	AC005632.6
MGAT3-AS1	1.5192471868277948	2.711346580601359e-15	MGAT3-AS1
AC019226.1	1.4769645404575105	2.750495025542755e-15	AC019226.1
AKT3-IT1	2.3025716747133087	2.7629660347255536e-15	AKT3-IT1
GJA1P1	2.076300383588966	2.772454452781351e-15	GJA1P1
AC004623.1	1.944453356749701	2.8062888648586818e-15	AC004623.1
RPL35AP17	2.969053679962921	2.8095588459144804e-15	RPL35AP17
TSPEAR-AS2	2.0604229616118688	2.834041990689952e-15	TSPEAR-AS2
RNU6-1160P	3.027585701292676	2.841644846054977e-15	RNU6-1160P
LINC01485	-2.143344968377705	2.8658604058645465e-15	LINC01485
AC244394.2	2.61809729795096	2.867375177227563e-15	AC244394.2
RSRP1	1.0316138084989654	2.87659082064328e-15	RSRP1
AC007953.2	3.100147445712145	2.8852878081564388e-15	AC007953.2
RN7SL648P	2.8398497850757	2.89974954129595e-15	RN7SL648P
ENTPD2	1.2334981413074977	2.9067610714071694e-15	ENTPD2
CCDC17	1.2244314048419405	2.929321385338576e-15	CCDC17
AC009065.2	1.4003211014654762	2.9519332231266258e-15	AC009065.2
AC006065.4	3.866474406973811	2.979773449074132e-15	AC006065.4
AC005342.2	2.7099192759041326	2.9798927680163066e-15	AC005342.2
KRT18P57	2.5576682849623555	2.9886207780616657e-15	KRT18P57
AL807752.5	1.2330730935004028	2.9929335776223295e-15	AL807752.5
BMP8B	1.200232962466887	2.9929335776223295e-15	BMP8B
AL035425.3	-2.5866795119289643	2.9956090289885044e-15	AL035425.3
CLEC4E	1.2513697536350297	3.0412186873368348e-15	CLEC4E
AC008273.1	2.976951933201789	3.0440946587577974e-15	AC008273.1
CXCL2	1.6361881885251133	3.0580687723169395e-15	CXCL2
AC007342.8	-2.7893480369170813	3.0674824143403362e-15	AC007342.8
OXGR1	-2.7065221626361278	3.125195079525737e-15	OXGR1
GAPDHP37	3.332707329127996	3.1425096374901064e-15	GAPDHP37
AC104971.2	3.2732160642424133	3.1725972898889197e-15	AC104971.2
AL139090.1	2.4771947232690983	3.2242874201220205e-15	AL139090.1
FLT1P1	2.2422597741294195	3.2328965086023266e-15	FLT1P1
Z83847.1	-1.2979162697093791	3.2589183254839808e-15	Z83847.1
TRBV11-3	2.7590640716437465	3.263045893846538e-15	TRBV11-3
CLCA3P	-1.943076980153173	3.2831073600694256e-15	CLCA3P
AC090181.3	1.3907686918059257	3.2948703206501888e-15	AC090181.3
YBX1P4	1.838494978941588	3.2957495226813095e-15	YBX1P4
UBA52P8	1.5080141463564007	3.3052209094866964e-15	UBA52P8
AL583722.2	2.9729356513978957	3.3189150134334145e-15	AL583722.2
SETP20	1.6034789274054178	3.323104148612053e-15	SETP20
LINC00824	2.455896462544509	3.3562842777500005e-15	LINC00824
LINC02033	1.37342563184651	3.3562842777500005e-15	LINC02033
AL358473.1	1.730597493793702	3.3640288382845014e-15	AL358473.1
POSTN	1.5561888855848631	3.369605571734082e-15	POSTN
AC010266.2	1.9856181438456169	3.4107948397265744e-15	AC010266.2
PKD1L3	1.40113165799579	3.4749371967373227e-15	PKD1L3
AP000919.3	1.285660831098259	3.4925718413767042e-15	AP000919.3
BACH2	-1.0390243348903052	3.5089168090107026e-15	BACH2
AC093151.5	1.9208575252687368	3.512268405044028e-15	AC093151.5
ADCYAP1R1	1.7994112092961891	3.561731734777887e-15	ADCYAP1R1
TFAP2A	-2.056168311183274	3.5693920042110474e-15	TFAP2A
AC027601.5	1.0954544659090997	3.629765532784883e-15	AC027601.5
AC005324.2	2.277761261647536	3.630360450141051e-15	AC005324.2
CILP2	1.9439074015632731	3.6308492790992506e-15	CILP2
ODAPH	2.115173742852272	3.6742859759267474e-15	ODAPH
GPR15	2.15384873229097	3.676437926347257e-15	GPR15
LRRC4B	1.02041683185233	3.701398607147744e-15	LRRC4B
HRH4	1.202740278088266	3.702973904705953e-15	HRH4
AP000357.2	-2.766525800183285	3.7126575491231364e-15	AP000357.2
AL022724.3	1.5583525060164565	3.728385668187319e-15	AL022724.3
AC084759.3	-2.7496218951435614	3.744111461458466e-15	AC084759.3
CCR1	1.1166995974515015	3.790189877359242e-15	CCR1
AC009139.1	2.2031827129109964	3.791480096937053e-15	AC009139.1
AC104126.1	2.130179388100097	3.807457488458125e-15	AC104126.1
AC007387.1	3.390462666708925	3.807649756985158e-15	AC007387.1
AL391261.2	-1.4143479147373583	3.839236731878776e-15	AL391261.2
AC111182.1	2.4244783137750234	3.879965579322558e-15	AC111182.1
GXYLT1P6	-2.030055579839462	3.88480783655288e-15	GXYLT1P6
TUBBP6	3.917787339376969	4.023601948963967e-15	TUBBP6
AC108488.2	1.6866461476015069	4.0339000302382205e-15	AC108488.2
AC073288.2	1.7411184886309616	4.0489949081987705e-15	AC073288.2
AC004466.1	2.0639610485343383	4.049941152222417e-15	AC004466.1
AC007834.1	-2.2699513709697627	4.0557880099614704e-15	AC007834.1
AP000941.1	1.2913304937889996	4.056218978721496e-15	AP000941.1
HAR1B	1.9164414765433837	4.0970801558478526e-15	HAR1B
RDM1P3	1.605425005153358	4.124580820932534e-15	RDM1P3
AC126121.2	4.835894674472687	4.129150360738761e-15	AC126121.2
RNU6-431P	1.909620627576735	4.131989763272177e-15	RNU6-431P
AC053545.1	1.7052173297512283	4.217860760235992e-15	AC053545.1
C1QTNF1	1.1966605388740703	4.2678344740340806e-15	C1QTNF1
LYPD6B	-2.7804474453964736	4.293713495844687e-15	LYPD6B
AC073283.1	1.88688627509508	4.295800052292847e-15	AC073283.1
AC099336.2	1.146140106403523	4.373941604060725e-15	AC099336.2
AC005921.3	1.831038524805542	4.383533726503271e-15	AC005921.3
AL158136.1	3.948540323528596	4.404531147253584e-15	AL158136.1
AL513320.1	1.5033282540297537	4.411661516663952e-15	AL513320.1
SEMA3B	-1.336316407315607	4.416458875705229e-15	SEMA3B
RPL7P18	2.3199852844767843	4.451529430431936e-15	RPL7P18
AC005703.5	1.406778211278065	4.4740375365062e-15	AC005703.5
SH2D6	-1.9063829164363004	4.477886681986653e-15	SH2D6
SMIM31	-3.397310544747284	4.5009955947606726e-15	SMIM31
SGCG	-1.3755295378199066	4.567665111791967e-15	SGCG
AP001178.1	1.8424900920604208	4.594703984373975e-15	AP001178.1
AL117350.1	1.881843248084717	4.601614591136942e-15	AL117350.1
AC009996.1	1.4372566176317736	4.601801418012672e-15	AC009996.1
CAVIN4	1.0984868054656465	4.605977902937074e-15	CAVIN4
HCP5B	1.5940313044079009	4.61672926484555e-15	HCP5B
CALY	2.2025954909178966	4.6344690671845806e-15	CALY
TMPRSS12	-2.0594838186835744	4.64075687839099e-15	TMPRSS12
COL3A1	1.3257843356841683	4.6478761418940306e-15	COL3A1
AC007365.1	1.002725940229178	4.6527928147183095e-15	AC007365.1
AL157762.1	1.6869921244039734	4.654731692528315e-15	AL157762.1
AC080162.1	1.150386843761193	4.7097342114708976e-15	AC080162.1
C8G	1.5687193031210689	4.744492146081933e-15	C8G
SERPINA9	3.4010121821732824	4.774513000629747e-15	SERPINA9
KLK4	3.89718195305824	4.803054450455742e-15	KLK4
AC007342.5	-2.4442536117286706	4.811607806852555e-15	AC007342.5
LINC01206	3.009233194638292	4.813151888448376e-15	LINC01206
SLC35G3	3.725891684869632	4.8241459301095705e-15	SLC35G3
SPDYC	-2.1280311142996324	4.848219741978025e-15	SPDYC
AC091059.2	2.9083713774181605	4.89642719802407e-15	AC091059.2
AC095032.1	-1.2387294512522748	4.906552380167486e-15	AC095032.1
AC010735.2	-1.0344181496702718	4.926336067373638e-15	AC010735.2
DYNLL1P4	2.3728045478962403	4.9416055571534186e-15	DYNLL1P4
AC010653.1	1.8140243803391487	4.957820086028838e-15	AC010653.1
AC079331.1	2.302617749320784	4.989590818341741e-15	AC079331.1
GCAT	-1.0743896186027515	5.021171437597342e-15	GCAT
IGHGP	2.315068365789589	5.062676472079268e-15	IGHGP
AC012065.2	1.351954123704188	5.0713791385745056e-15	AC012065.2
TRGV5	1.7444867398894697	5.1058248590304266e-15	TRGV5
MMP21	1.1853591447530527	5.116637698399768e-15	MMP21
ZNF90	1.090636656201312	5.143088044681413e-15	ZNF90
AC097636.1	-2.167350439125355	5.169459610812076e-15	AC097636.1
NIPAL4	2.21955194452932	5.208360708057151e-15	NIPAL4
AL158824.1	-1.9153398868275373	5.324166691124861e-15	AL158824.1
AC099811.6	2.145410288034351	5.339619094884559e-15	AC099811.6
LINC00315	1.136822151611079	5.347031825310033e-15	LINC00315
SPATA46	-1.6399823712168708	5.391111035016337e-15	SPATA46
AC064799.1	1.0738190666485206	5.394705114484692e-15	AC064799.1
BGN	1.089892083077796	5.394705114484692e-15	BGN
YBX2P1	3.187992362666822	5.421392165965081e-15	YBX2P1
AL356495.1	1.1582086266335143	5.5155191080132896e-15	AL356495.1
OR9N1P	3.3495551984256915	5.545957936416705e-15	OR9N1P
AL138721.1	2.019050523257804	5.606173832970501e-15	AL138721.1
AC109479.1	1.5902140052178846	5.611580665054935e-15	AC109479.1
PKP1	2.104195929399216	5.612127955501241e-15	PKP1
ELFN1	-1.0076599320201318	5.635044500213047e-15	ELFN1
CEROX1	1.7104671844272186	5.867636367424544e-15	CEROX1
TCP11	-1.3247357781268814	5.9038114886350755e-15	TCP11
AC114744.1	1.2955976869102264	5.918757636640903e-15	AC114744.1
AC103957.2	-2.801999558982021	5.997207601931046e-15	AC103957.2
AC022306.3	1.0890910122649948	5.997397579552767e-15	AC022306.3
HERC2P7	1.3872314836141797	6.002229360649467e-15	HERC2P7
AC008073.2	1.4176591043366789	6.014374531463466e-15	AC008073.2
AC135050.4	1.851390024849508	6.0235182903868606e-15	AC135050.4
AL358075.2	-1.5661074510587427	6.076859194583182e-15	AL358075.2
GPT2	-1.115511187357017	6.079279144347133e-15	GPT2
SUMO4	1.5768397036367665	6.096840494014104e-15	SUMO4
CCDC144B	1.5808793353552997	6.1309814203274836e-15	CCDC144B
NAV2-AS3	-2.816100270703972	6.1449039888957606e-15	NAV2-AS3
RNA5SP40	3.5078589040431902	6.164219854125136e-15	RNA5SP40
AL354872.1	-1.0595393257797918	6.184015746746413e-15	AL354872.1
BNIP3P15	2.278805482442314	6.200606914200592e-15	BNIP3P15
RNU6-610P	1.9135014470766616	6.214971141446859e-15	RNU6-610P
AF067845.1	-2.325856413079768	6.2273356676063135e-15	AF067845.1
IGHM	2.10783238426576	6.267678649886993e-15	IGHM
MIR4653	1.2926312158178208	6.281277493360828e-15	MIR4653
HSP90AB4P	1.6476652892642667	6.288167653372241e-15	HSP90AB4P
LINC01559	2.848533484920959	6.299295329663905e-15	LINC01559
GAPDHP76	2.1410755920122515	6.334278251850542e-15	GAPDHP76
CLRN3	1.461320972430865	6.355471014516004e-15	CLRN3
IGLV3-19	2.2263417835436647	6.369042924799583e-15	IGLV3-19
AC120498.1	2.23277266923164	6.370566966429133e-15	AC120498.1
AL138693.1	1.5783821243565923	6.407587938781228e-15	AL138693.1
HSPA8P11	1.0710362917025442	6.438347410741751e-15	HSPA8P11
AL449283.1	2.400843955704027	6.524991153613115e-15	AL449283.1
SNORD15B	2.170083906967322	6.570657329842584e-15	SNORD15B
ZIC5	3.713539562415979	6.595666459763243e-15	ZIC5
AC004540.2	-1.0522479678696337	6.596953560066567e-15	AC004540.2
CATSPERD	3.318586860453073	6.624535760121307e-15	CATSPERD
IGHV2-70D	2.7083563064213494	6.74305869780854e-15	IGHV2-70D
NPSR1-AS1	-3.1388941757584585	6.759235471932469e-15	NPSR1-AS1
CLEC17A	1.5501011589028468	6.809563504947857e-15	CLEC17A
AL023806.3	1.231988550264284	6.8370967018087204e-15	AL023806.3
PLEKHA3P1	1.0621071217628553	6.845449789951417e-15	PLEKHA3P1
GCM1	-1.997610396421684	6.8731625970239956e-15	GCM1
MYBPC3	1.5653962043222165	6.927795972164399e-15	MYBPC3
LY6K	-1.9353074863491744	6.9836206947872e-15	LY6K
LINC01503	-1.2478161712432594	7.0669340666983535e-15	LINC01503
AC018529.2	1.177531807907896	7.0814196015502835e-15	AC018529.2
AL136982.1	1.6324218467083662	7.089619257095545e-15	AL136982.1
LINC02492	3.110704208953939	7.158359664220464e-15	LINC02492
AC064847.1	2.467480440990143	7.17821494259968e-15	AC064847.1
SNORD100	1.5423337422292942	7.187653078252023e-15	SNORD100
RCCD1-AS1	1.4353109617314466	7.230029837563282e-15	RCCD1-AS1
AL158166.2	1.4177838987426572	7.274262687094336e-15	AL158166.2
RNU6-652P	1.686227636081997	7.325131861635149e-15	RNU6-652P
AL645944.2	3.2987535669420858	7.33557018467223e-15	AL645944.2
CST2	2.4386713989369966	7.378644114229548e-15	CST2
AC017104.2	2.9697159919267806	7.387004572212126e-15	AC017104.2
SORCS1	-2.2508662979501777	7.414296461551348e-15	SORCS1
AC073842.2	1.2930821608755847	7.49971825557815e-15	AC073842.2
TREML4	2.596123096737535	7.57518547105953e-15	TREML4
AL358334.4	3.2430552185161226	7.684101037995558e-15	AL358334.4
ARNTL2	1.0034110024386966	7.761525412102871e-15	ARNTL2
AC024028.1	2.9595689444076	7.771499215533024e-15	AC024028.1
AC007496.1	2.277682505744916	7.803259093499301e-15	AC007496.1
AC068870.1	1.2614485332570549	7.810642977253711e-15	AC068870.1
AC024084.1	2.813704503278403	7.815122325157747e-15	AC024084.1
RPL21P16	1.347536672497481	7.865752315325556e-15	RPL21P16
CWH43	-2.79330559434963	7.920656950654429e-15	CWH43
CCR9	-1.5041938377916957	7.921059360925568e-15	CCR9
LINC02408	1.5006962690930583	8.027882042568392e-15	LINC02408
AL731559.1	2.329095198046253	8.043159908054751e-15	AL731559.1
TMEM174	-2.255796996861667	8.044770501887428e-15	TMEM174
AC096720.1	1.72530287154523	8.045303615343426e-15	AC096720.1
DDC	-1.7086771962762244	8.099369792351943e-15	DDC
RN7SL704P	2.42622990422576	8.101767326939941e-15	RN7SL704P
AC087359.1	2.687568940500473	8.176393447300181e-15	AC087359.1
AL022238.1	2.3505897185426736	8.285776298247053e-15	AL022238.1
ANKRD45	-1.3091189456295826	8.288232248173897e-15	ANKRD45
AC069503.2	2.5029745333061	8.314068489578727e-15	AC069503.2
RN7SL477P	2.6315689076934543	8.408221872917076e-15	RN7SL477P
AC207130.1	2.6183793511094127	8.51561067325733e-15	AC207130.1
GAPDHP44	1.23142387862468	8.561033483303103e-15	GAPDHP44
AL031123.1	-2.107180590051984	8.81203066255038e-15	AL031123.1
AC022898.2	1.547778732304547	8.81260826138915e-15	AC022898.2
OR2B6	2.352796216170773	8.956470872610208e-15	OR2B6
AC011389.1	2.493775304545512	9.043456337659836e-15	AC011389.1
GK-IT1	2.356279048746001	9.086651680481731e-15	GK-IT1
AC026780.2	2.2326108625321512	9.147681586673972e-15	AC026780.2
EML5	-1.3811065583867193	9.234070396379108e-15	EML5
AL161665.2	-1.0679199603398826	9.261604419808204e-15	AL161665.2
LINC01415	1.107295375399909	9.283688162711379e-15	LINC01415
LINC01655	3.7078059799468623	9.336242219975142e-15	LINC01655
MIR5690	2.9517368473405945	9.385905728280203e-15	MIR5690
AC105052.2	1.050493287383522	9.426565602962976e-15	AC105052.2
AL035446.2	2.007307727326857	9.436827865238311e-15	AL035446.2
MAPK12	1.2516522299236457	9.439127546322346e-15	MAPK12
MEIS3P2	-1.1438192979060366	9.550461058642924e-15	MEIS3P2
AC078842.1	2.5500199527584826	9.567653517211584e-15	AC078842.1
CASP12	1.2118859101060184	9.589873662708671e-15	CASP12
VAC14-AS1	1.5310352709053705	9.63191786802253e-15	VAC14-AS1
AL359313.1	3.62246374983696	9.652411944350057e-15	AL359313.1
H3C8	1.8320025785136211	9.691381370913723e-15	H3C8
RPS12P26	1.1174458476336893	9.782222080191312e-15	RPS12P26
AC022819.1	1.506329921296371	9.794471441809844e-15	AC022819.1
U4	1.4079489700285086	9.811325545730056e-15	U4
RPL7AP10	1.5176213704369166	9.861291666931971e-15	RPL7AP10
AC090907.1	1.1151905251398473	9.874792585738864e-15	AC090907.1
AL354928.1	-1.0755406916182335	9.887730795450526e-15	AL354928.1
KLC3	-1.97438124978374	9.951274376901508e-15	KLC3
PTMAP1	1.7255344003777544	9.954410422282584e-15	PTMAP1
AL357497.1	2.039792408426638	9.998809507801904e-15	AL357497.1
MROH9	2.840606982158115	1.0122433813173004e-14	MROH9
DIRAS1	-2.230160642186261	1.0126242367067843e-14	DIRAS1
PRL	-2.042872047109966	1.0139732352568398e-14	PRL
AC131971.1	1.4050662752661462	1.025303885890332e-14	AC131971.1
AL360182.1	3.138437539990909	1.0286524029868972e-14	AL360182.1
CFD	1.2679715128132392	1.0296355128786731e-14	CFD
AC025176.1	2.2631739389535848	1.0338577000496891e-14	AC025176.1
AC092811.1	2.557382808470785	1.0405359262104084e-14	AC092811.1
AL160400.1	2.9896598208160934	1.0445484073447252e-14	AL160400.1
ACE	1.0587889728663635	1.0478932796045364e-14	ACE
FAHD2B	-1.0554056120715196	1.047974525411165e-14	FAHD2B
AC092597.1	-1.0810031473652422	1.04826903061626e-14	AC092597.1
AL121852.1	2.081952705013839	1.0498831729335026e-14	AL121852.1
AL357134.1	2.2447709944560463	1.0526186994742381e-14	AL357134.1
AC093591.2	1.2607486357486868	1.0531850534991926e-14	AC093591.2
SULT4A1	2.5275068204931705	1.0556181220340544e-14	SULT4A1
STPG3	1.7843460817023074	1.0589664316088982e-14	STPG3
AC026956.2	3.0792941195188117	1.0618773818455487e-14	AC026956.2
ZNF969P	2.1173753907225854	1.0659047973811091e-14	ZNF969P
FRMPD3	1.513906955039107	1.0727912164059116e-14	FRMPD3
UBA52P5	1.421964367781599	1.0727912164059116e-14	UBA52P5
AP005262.1	2.6119352161840865	1.0740870172968466e-14	AP005262.1
AC116158.1	1.2982420239849524	1.0781913754221807e-14	AC116158.1
RNU6-762P	1.649241168086498	1.0830721208949388e-14	RNU6-762P
AC112484.1	1.0271937484966671	1.090109759006146e-14	AC112484.1
STH	3.1430868284365285	1.0925937074923084e-14	STH
FAM32BP	2.939990091895241	1.1022939649714867e-14	FAM32BP
AP001107.3	2.350417215598088	1.122773821506838e-14	AP001107.3
RPS2P48	1.2447514602351852	1.1362146014340947e-14	RPS2P48
MCF2	-1.298390395296098	1.1397307111176183e-14	MCF2
SBSN	3.4225297028767288	1.1470200263768684e-14	SBSN
KIF26B	-1.2754134382357851	1.1481150437426027e-14	KIF26B
TRBV12-5	2.655120140183672	1.1530692470018242e-14	TRBV12-5
AC108673.3	1.05566116081927	1.1531806942887432e-14	AC108673.3
AC012435.2	2.3064523681693183	1.1561778472013954e-14	AC012435.2
BMS1P1	1.014157722954839	1.1571709448515868e-14	BMS1P1
RAET1K	1.2702107477806464	1.1571709448515868e-14	RAET1K
AC068506.1	3.3946020313561265	1.1581508382713275e-14	AC068506.1
NXNL2	1.0966196502687189	1.1584130854026356e-14	NXNL2
RPH3A	1.4083544315092658	1.1608607788207407e-14	RPH3A
AC055811.3	2.306556049595937	1.175719171430866e-14	AC055811.3
MTATP6P27	1.9839451171849627	1.1798252253214802e-14	MTATP6P27
AC122688.3	1.121439823931826	1.1924478901358418e-14	AC122688.3
C1orf210	-1.4293613207321645	1.1931148682651896e-14	C1orf210
ERVFRD-3	1.684877265699159	1.2088590686460956e-14	ERVFRD-3
PHEX-AS1	2.5207852387565564	1.2219635304631579e-14	PHEX-AS1
TMLHE-AS1	1.5965324312191955	1.2282079804178347e-14	TMLHE-AS1
GPR141BP	3.050786467775173	1.246099221793463e-14	GPR141BP
AL671883.3	2.083092853681596	1.2504841704169032e-14	AL671883.3
SPAG16-DT	-1.1472427712174378	1.25056583865272e-14	SPAG16-DT
AL049757.1	1.762714428444363	1.2636022168304107e-14	AL049757.1
AC004223.2	2.388843141396096	1.2665552309754024e-14	AC004223.2
AC078922.1	1.9930320526792	1.2832300517788501e-14	AC078922.1
MIR514B	1.705686876752935	1.2860788274820264e-14	MIR514B
AC110992.1	2.872038828939603	1.2874742400566979e-14	AC110992.1
GPD1	-1.672247341641026	1.2882032537681441e-14	GPD1
AC007000.1	1.0316789947923202	1.2890680009957012e-14	AC007000.1
FOXO6-AS1	1.8001126129258618	1.29042171658728e-14	FOXO6-AS1
GAPDHP39	2.7604510238900164	1.2918324705249966e-14	GAPDHP39
CSGALNACT2P1	1.522006129587483	1.2920893564325146e-14	CSGALNACT2P1
LINC00427	2.200929947186355	1.2999769864126606e-14	LINC00427
AL807752.4	3.2237545576738373	1.3020835033763172e-14	AL807752.4
FAM83E	-2.3739657188902545	1.3042529172412555e-14	FAM83E
AC012462.1	3.06125453377184	1.3081960089037643e-14	AC012462.1
CELA1	2.246730884266797	1.3090532337583411e-14	CELA1
AL139246.4	2.7214727037941167	1.3101124652635856e-14	AL139246.4
ISL2	2.509246828111064	1.3137386056191831e-14	ISL2
AC002378.1	2.329651839912697	1.3151600336329146e-14	AC002378.1
ANXA13	1.8141523592826705	1.3207650214683555e-14	ANXA13
AC087392.4	1.5189562239018533	1.3217796226124926e-14	AC087392.4
AC025884.1	1.6590934738609668	1.3231638351529298e-14	AC025884.1
AP001781.1	1.394295129030274	1.323514745367189e-14	AP001781.1
RPS15AP10	1.2550314342453868	1.3365847586355335e-14	RPS15AP10
LINC01252	1.3167482943114237	1.3417606092428442e-14	LINC01252
LINC02427	-1.382568264904266	1.3432193387792848e-14	LINC02427
DNMT3L	-2.287653520242079	1.3570589592711186e-14	DNMT3L
AL021154.1	1.3488634357778526	1.3636996204509492e-14	AL021154.1
AC020910.3	3.067335856112287	1.3640205180236991e-14	AC020910.3
CARMIL3	1.2304015041118852	1.3718985967184974e-14	CARMIL3
LINC02538	1.7113236251919333	1.3730945350146784e-14	LINC02538
IL10	1.2618110654374437	1.3769094936608108e-14	IL10
AC037487.3	1.8243376631829789	1.4021979095041672e-14	AC037487.3
MSTN	1.381534099180198	1.4029843481385662e-14	MSTN
LINC00265	1.1348381832608612	1.40642236520088e-14	LINC00265
DLGAP1	-1.7450443234975546	1.4111773260482924e-14	DLGAP1
IGKJ1	2.3681487635060154	1.4134616159033687e-14	IGKJ1
MOB1B	-1.0706995135484876	1.4265597619497703e-14	MOB1B
PKD1P2	1.8016664626656056	1.4301097725102615e-14	PKD1P2
AC020917.1	1.5077185278814564	1.4509440677609366e-14	AC020917.1
AL022067.1	1.671761579620879	1.4691169708832383e-14	AL022067.1
AL158196.1	1.5136737193627592	1.4752654398923276e-14	AL158196.1
LINC01239	1.280209103414695	1.4839651032937883e-14	LINC01239
AC068533.3	1.8260516377583509	1.4844101944769623e-14	AC068533.3
AC005480.1	1.6519206049032145	1.4888826725984365e-14	AC005480.1
AL022323.4	2.981484575172161	1.49238706250657e-14	AL022323.4
AC021683.1	1.3454525159523845	1.5109388796822378e-14	AC021683.1
GABRQ	1.4715623938636944	1.5130963436305472e-14	GABRQ
RPL9P7	1.0255696828334266	1.536200602407537e-14	RPL9P7
FAM71F2	1.264181631224612	1.5467858538521978e-14	FAM71F2
AC139256.1	1.305118279341028	1.5496681694216603e-14	AC139256.1
MIR3164	2.128134763864336	1.5596214233535314e-14	MIR3164
AC011700.1	-3.337023961801858	1.5652433127862465e-14	AC011700.1
AL359091.2	2.185604958200928	1.5664540012575414e-14	AL359091.2
RPL7P9	1.056728573670514	1.567581975908418e-14	RPL7P9
LINC00930	2.065674508752166	1.569739119989258e-14	LINC00930
ZNF750	-1.378401379727288	1.5938027917733307e-14	ZNF750
AC073840.1	1.6453175117139198	1.5986878159325707e-14	AC073840.1
AP002518.2	2.3005452815357845	1.5988442048349862e-14	AP002518.2
AOAH-IT1	2.701924474688001	1.6399154825262503e-14	AOAH-IT1
AC013553.1	2.755438664434993	1.6442887164993873e-14	AC013553.1
GNG3	1.3828573557614814	1.6770038882023094e-14	GNG3
LINC02274	1.4739631008278848	1.677520403711578e-14	LINC02274
SIAH2-AS1	1.1256163924571316	1.6802155736069963e-14	SIAH2-AS1
AL807757.2	1.7009369642878869	1.6820686716697412e-14	AL807757.2
AC099811.1	1.5894581478436909	1.683804955871034e-14	AC099811.1
AC112694.2	1.293749552259791	1.684006608501858e-14	AC112694.2
NAT2	-1.7277194375841065	1.684927973933365e-14	NAT2
AC106028.3	1.0512830939166056	1.6913668233054326e-14	AC106028.3
AL583810.2	1.5843093167430868	1.7001042911360567e-14	AL583810.2
MYRF-AS1	1.510384655137634	1.7084385217832214e-14	MYRF-AS1
PDZRN3	-1.1827859842161206	1.7104897995171032e-14	PDZRN3
AC024270.4	1.1576610282985231	1.7190966484769797e-14	AC024270.4
AC116428.1	2.2120891665531137	1.731336953969039e-14	AC116428.1
AC093821.1	2.3693331428740545	1.741161144286869e-14	AC093821.1
MRPL40P1	1.983045811073168	1.7450607764735657e-14	MRPL40P1
AC127024.6	1.5986144266849127	1.7853542717252616e-14	AC127024.6
FENDRR	1.4317004910187774	1.799331638496265e-14	FENDRR
VSIG10L2	2.7920291804222463	1.8080684918885125e-14	VSIG10L2
RN7SL473P	2.077176167257919	1.8352099886633957e-14	RN7SL473P
ZNF732	1.1942268730892591	1.8689390292407283e-14	ZNF732
AP001885.1	1.876115825789212	1.8791199888738502e-14	AP001885.1
GATA4	3.4536366793976265	1.9161026854611242e-14	GATA4
NPM1P46	1.365358144079107	1.9203395837828992e-14	NPM1P46
LINC02354	-1.588141296033161	1.9352499822667677e-14	LINC02354
MIR583HG	1.6749464245995138	1.9441446967365864e-14	MIR583HG
AP000547.3	-1.7884895260188267	1.9706226312432467e-14	AP000547.3
AC016590.1	1.2379789533020362	1.9717040495197544e-14	AC016590.1
AL022323.1	1.966474378883006	1.9718698085567835e-14	AL022323.1
YBX3P1	1.2458550759615088	2.000816161140777e-14	YBX3P1
AC087500.2	1.080207724718643	2.008230706215711e-14	AC087500.2
ARHGEF38	-1.5254231986053657	2.015825155452517e-14	ARHGEF38
AC006017.1	1.4019432837066617	2.0191171741856623e-14	AC006017.1
AC073957.3	1.154574882680192	2.019801005553905e-14	AC073957.3
AC092794.2	2.292215050353816	2.0616606221974393e-14	AC092794.2
MARK2P8	2.1912892315485744	2.062344424882906e-14	MARK2P8
AZGP1	-1.784297892796683	2.077100878222613e-14	AZGP1
AL161668.3	1.480371886169117	2.0779082995753216e-14	AL161668.3
SMTNL2	-1.2213851690851554	2.080230015816317e-14	SMTNL2
FAM198B-AS1	1.030066837366693	2.0944746520971073e-14	FAM198B-AS1
XAGE2	-3.161333486342672	2.1043642310399877e-14	XAGE2
AP006333.2	-3.211524770980009	2.106677574984649e-14	AP006333.2
AC120498.2	2.6894713351693342	2.108807251603416e-14	AC120498.2
CLEC4M	-2.163055166857608	2.121429938331401e-14	CLEC4M
SNORA5A	1.5395660448382	2.1364726217050472e-14	SNORA5A
AC127024.2	1.9065216353498944	2.1448906241175508e-14	AC127024.2
AC025165.4	1.0946160798564455	2.1640026495637708e-14	AC025165.4
GAPDHP1	1.6975169479662495	2.1798588202461884e-14	GAPDHP1
AC004890.1	1.0799973202303323	2.1803963968185895e-14	AC004890.1
AP001180.1	2.5863459212232205	2.1937935108379557e-14	AP001180.1
AP000317.1	-1.1536175170189231	2.2003082523061403e-14	AP000317.1
DLK1	-3.0305666027218336	2.2056422048952303e-14	DLK1
AC007906.1	2.21592017738154	2.236384838805745e-14	AC007906.1
DDX39BP1	2.0858514851438024	2.2824058809955843e-14	DDX39BP1
RNA5SP108	1.9673288708047283	2.282850516478301e-14	RNA5SP108
AC245884.9	2.4263079759164494	2.2974095804936956e-14	AC245884.9
AL445205.1	-1.9748409751326532	2.3165569237292573e-14	AL445205.1
GLYAT	-1.5216479519269934	2.3184856467091394e-14	GLYAT
H2AC8	1.5850684269124606	2.3413175647238055e-14	H2AC8
AC078993.1	1.9535241420232328	2.364049256902224e-14	AC078993.1
ISM1-AS1	2.063578579130965	2.379189666368684e-14	ISM1-AS1
LINC02225	2.9623984711529454	2.3892577068484902e-14	LINC02225
PPP2R2C	2.2372221843574724	2.394414189357449e-14	PPP2R2C
OR7E2P	2.1631982979926723	2.396646816244972e-14	OR7E2P
ZNF853	-1.0034545707275218	2.4011938590098885e-14	ZNF853
LRRC55	-1.253790230439246	2.4020891057413425e-14	LRRC55
SRRM1P3	1.7683888759254245	2.4234477039928207e-14	SRRM1P3
PABPC4-AS1	1.4007205459198804	2.4251918678206887e-14	PABPC4-AS1
AL355881.1	1.6842271333641448	2.436745201180545e-14	AL355881.1
KCNB2	-2.5085955033001643	2.4388201562229964e-14	KCNB2
IGLL5	2.431428672261607	2.4445886184732662e-14	IGLL5
AL035416.1	1.472102016857192	2.4545579026001093e-14	AL035416.1
INSL3	1.454142393906483	2.4658158505706083e-14	INSL3
AC004832.1	3.082849097988367	2.482773840080569e-14	AC004832.1
NKD2	1.834386135359056	2.4872173816886024e-14	NKD2
AC098828.1	-2.1657966843400507	2.504644664234267e-14	AC098828.1
RNF207-AS1	-1.2253522869388154	2.520519652011098e-14	RNF207-AS1
AC007376.2	1.1827835118660095	2.5434409601513035e-14	AC007376.2
RNU6-1099P	1.6538478328255175	2.5485204080925576e-14	RNU6-1099P
AL356585.12	-4.471238361456181	2.5649168936417143e-14	AL356585.12
AC079313.2	1.6815077376436456	2.581098333429584e-14	AC079313.2
RGPD3	-1.0513933674392373	2.6092335171054133e-14	RGPD3
AC090114.3	1.3264788276841704	2.6263712326071393e-14	AC090114.3
AC079760.1	1.833619629478184	2.6340711387889372e-14	AC079760.1
AL122020.1	1.0499495225294777	2.6491077673771395e-14	AL122020.1
RNU6-118P	1.8495451079022736	2.6775494623366856e-14	RNU6-118P
AC022726.2	2.331171807976029	2.6797561836073392e-14	AC022726.2
RPS23P6	1.9380843034944928	2.698915134188644e-14	RPS23P6
AC002064.2	1.3968058736568076	2.7293659357016696e-14	AC002064.2
LRP1-AS	2.3311212466612155	2.7457844880963143e-14	LRP1-AS
PCP4L1	-1.1793773896899058	2.7503726868255272e-14	PCP4L1
AC084036.1	1.0024989422989354	2.7775391880603708e-14	AC084036.1
GAPDHP68	1.7476229373896064	2.7800879298340797e-14	GAPDHP68
RNU7-45P	1.4958421330215144	2.7800879298340797e-14	RNU7-45P
THBS4	1.6054909002101423	2.7820077100657664e-14	THBS4
KLHL1	-3.315231014011013	2.7884399640261012e-14	KLHL1
LINC01996	-1.3949830948265574	2.8095965838494227e-14	LINC01996
AC009432.2	2.471461869416605	2.8274737502399208e-14	AC009432.2
ACSBG1	1.59145359742192	2.847113955290908e-14	ACSBG1
AC133065.2	-1.6714700755514065	2.8585969470465506e-14	AC133065.2
RPS2P35	1.5362164766209747	2.8730263488788394e-14	RPS2P35
VSTM1	1.5712530165167762	2.874852701510837e-14	VSTM1
PHBP13	1.900007994655716	2.8995818356061594e-14	PHBP13
NECTIN4	-1.942426961094771	2.9195006707274936e-14	NECTIN4
AC092123.1	1.1557739330573875	2.921516035645081e-14	AC092123.1
LINC01147	2.643800151575562	2.926349432018209e-14	LINC01147
AP001099.1	2.2952030670996084	2.9700765058291195e-14	AP001099.1
PRKCG	2.444188551895033	2.9845839675444914e-14	PRKCG
PABPC1P4	-1.3103588237443515	3.023592072651007e-14	PABPC1P4
AL031710.1	-2.263968870546807	3.032080795029411e-14	AL031710.1
AC135983.3	1.9252679537815325	3.0537769937639503e-14	AC135983.3
MIR5587	2.01469523281333	3.0548046673692954e-14	MIR5587
RPS2P36	1.998333547237699	3.059550442789855e-14	RPS2P36
AC016074.2	1.6328359786941042	3.0761371117010784e-14	AC016074.2
GOLGA8O	1.160384401817702	3.0883944556699235e-14	GOLGA8O
AC021755.2	-1.5085179732454144	3.0932789943224586e-14	AC021755.2
Z98259.2	-4.009413407777652	3.112277249585808e-14	Z98259.2
AC002543.1	2.358102218171827	3.1236754408078086e-14	AC002543.1
AP005264.4	3.0499625701579456	3.1541707194401605e-14	AP005264.4
DOCK4-AS1	2.095091703766629	3.1855743716548815e-14	DOCK4-AS1
AC095057.4	1.754495636736256	3.1980082694958795e-14	AC095057.4
AC009120.5	1.7423174805605777	3.215178384484e-14	AC009120.5
RNASE4	1.1684748467851702	3.219015695484164e-14	RNASE4
STK19B	1.8491170566840176	3.291263076320836e-14	STK19B
SCN9A	1.365638735752026	3.2967636337374636e-14	SCN9A
LINC02603	1.5440256339599028	3.298666459510797e-14	LINC02603
RNF138P1	1.664154245380962	3.3061826493731884e-14	RNF138P1
FPGT-TNNI3K	1.0929979476249672	3.3234096455349985e-14	FPGT-TNNI3K
IFITM3P3	1.6252860582142237	3.323616543905584e-14	IFITM3P3
UMODL1	-2.369933420203035	3.326134382388367e-14	UMODL1
AC114812.4	2.1283056893138066	3.3265645291139456e-14	AC114812.4
AC093864.1	1.4121058406735725	3.3379182206343566e-14	AC093864.1
AC090971.2	2.429294145603204	3.3642416509468426e-14	AC090971.2
AC004951.1	1.2398258503600772	3.3730335862870524e-14	AC004951.1
AC016245.1	2.456512694847405	3.3786981321057226e-14	AC016245.1
RNY1P13	2.00318069800907	3.4429335872884826e-14	RNY1P13
BIRC6-AS2	1.4566103589000114	3.4752003838941534e-14	BIRC6-AS2
FGB	3.0907032087062216	3.4865299628607114e-14	FGB
AC093928.1	1.496319912434547	3.489058869615273e-14	AC093928.1
CD300E	1.0923094940349105	3.489169510771522e-14	CD300E
ATP6V0E2-AS1	-1.1842074831802374	3.5332595949912734e-14	ATP6V0E2-AS1
AL133553.1	2.6411325812048974	3.5350281704925785e-14	AL133553.1
PWRN1	-2.160877771040133	3.5405255185917116e-14	PWRN1
AC009093.8	2.3700028041758694	3.5506222438397985e-14	AC009093.8
STRIT1	-2.2721472513396326	3.563292017989658e-14	STRIT1
MRPL53P1	2.1896421538091846	3.5699299632442405e-14	MRPL53P1
AP001107.6	2.4420829425183133	3.5913063545285604e-14	AP001107.6
AC027279.2	2.2466365754056303	3.6088400743734766e-14	AC027279.2
ZIC2	3.0389859628297917	3.638856864655418e-14	ZIC2
MIR3671	1.6459455297456644	3.6404131069814085e-14	MIR3671
DNAI2	1.3840488243196016	3.6407202496598105e-14	DNAI2
TEDC2	1.0182379063644875	3.6509500436621904e-14	TEDC2
CITED4	1.0374961406736345	3.6789834126149245e-14	CITED4
MYADM-AS1	1.5735599920453336	3.683839575841186e-14	MYADM-AS1
AL731563.1	2.790617265477175	3.6868622999950125e-14	AL731563.1
CCDC60	1.7033972476093218	3.6926578544298384e-14	CCDC60
AC007278.2	2.5939220080244048	3.707371328143733e-14	AC007278.2
RPL24P9	3.7998015760580657	3.715021789461495e-14	RPL24P9
NANOGNBP3	1.7821736552696978	3.7958658995452215e-14	NANOGNBP3
LCN1P1	1.610346021833888	3.8106534533212165e-14	LCN1P1
ACY1	-1.0156064555558404	3.8143928525825695e-14	ACY1
COL6A3	1.4168544471038615	3.8143993982141744e-14	COL6A3
SEC14L2	1.02064220018867	3.821416420919169e-14	SEC14L2
GAS6-DT	-1.2642652969889967	3.912083541028147e-14	GAS6-DT
CUZD1	1.8849583312370983	3.916961219263853e-14	CUZD1
AL158151.2	2.45835374936236	3.9548557759284964e-14	AL158151.2
AC005262.1	2.4527230579620984	3.956222109113623e-14	AC005262.1
AC011747.1	-1.8616134868165408	3.960477734337155e-14	AC011747.1
AC011462.3	3.508436084789872	3.984875658073951e-14	AC011462.3
AC011816.2	1.8566142802550905	4.0206894415370245e-14	AC011816.2
LINC01405	3.912111284188452	4.043922358606746e-14	LINC01405
CDHR4	2.297658401191328	4.0486674212684914e-14	CDHR4
SCN2B	-2.259673369660149	4.057150256073122e-14	SCN2B
AC026740.1	1.076313427907564	4.071321930301492e-14	AC026740.1
SPDYE19P	1.7369281856272196	4.0832382739935495e-14	SPDYE19P
GPR20	1.2759307799008008	4.104359947671471e-14	GPR20
AC008635.1	2.026766089165067	4.2362080116595945e-14	AC008635.1
AL022334.2	2.773837408424209	4.246973692741109e-14	AL022334.2
AC092078.3	-2.0757501169958616	4.2593351497922864e-14	AC092078.3
CYP4F3	-2.169184339834253	4.264300586235296e-14	CYP4F3
AC099811.4	2.034531548272394	4.2661410070369526e-14	AC099811.4
AL590560.4	2.0043935044063024	4.2856010338824574e-14	AL590560.4
KNDC1	1.6563683150530977	4.309330257817201e-14	KNDC1
ARMS2	1.5224097624461357	4.325167298272715e-14	ARMS2
HLA-T	1.388225628883533	4.3283729377422205e-14	HLA-T
HMGN1P1	1.3760327053324524	4.3447115441020246e-14	HMGN1P1
AL590550.1	-2.0891599774590226	4.4247102422079016e-14	AL590550.1
PRELID1P1	1.0487943576620975	4.4299357322716787e-14	PRELID1P1
DDX3P1	1.8028436240973336	4.4352223222960073e-14	DDX3P1
RBM14-RBM4	1.133576171903775	4.438219707835895e-14	RBM14-RBM4
AC048382.1	1.4085456538377776	4.446323110517906e-14	AC048382.1
AC092120.3	2.607700354957012	4.4531392046942376e-14	AC092120.3
RPS2P41	2.632047594066784	4.458136022123352e-14	RPS2P41
GUCA1C	-3.176323505492738	4.4750738761727787e-14	GUCA1C
RDH13	1.0291478152919031	4.4842452488726375e-14	RDH13
BMS1P22	3.06298529235827	4.5185113540312926e-14	BMS1P22
ANO5	-2.0136119356755864	4.5265621917519435e-14	ANO5
PSPC1-AS2	1.0614084108762274	4.528267055396233e-14	PSPC1-AS2
AL163051.1	-1.1259978340893655	4.56782249685306e-14	AL163051.1
NOTUM	-2.2006219722374847	4.572874797126508e-14	NOTUM
NPIPB1P	2.371268390018983	4.574241952122206e-14	NPIPB1P
PFN2	-1.0894469343004112	4.6610940222515274e-14	PFN2
AC006238.2	1.9042165797739885	4.666210635311229e-14	AC006238.2
RPL21P23	2.883940918064284	4.6701318818186123e-14	RPL21P23
LINC02288	1.285854592869702	4.680325245012602e-14	LINC02288
ACTBP4	2.071891220269246	4.6907209317760654e-14	ACTBP4
AC009336.1	-1.1822329029188503	4.725323056465535e-14	AC009336.1
PRR15L	-2.1301636016218763	4.751417351342807e-14	PRR15L
AL121899.1	1.8379830420839065	4.7664274496264295e-14	AL121899.1
OR7E122P	2.820188350906004	4.78655140181151e-14	OR7E122P
TMEM246-AS1	-1.8673723382689769	4.801860541767238e-14	TMEM246-AS1
IFIT6P	3.0412243566281525	4.8215039522687137e-14	IFIT6P
H2AW	1.502262332474389	4.853236772475231e-14	H2AW
TNFRSF11B	-1.155819581067798	4.8544796323575227e-14	TNFRSF11B
LINC01257	-2.222446902814986	4.8829562251591537e-14	LINC01257
NPIPA2	2.784633447644952	4.8872966534740276e-14	NPIPA2
AL590438.1	-1.7344307499965592	4.90168021867582e-14	AL590438.1
C14orf132	-1.4382709895361532	4.9184808629046884e-14	C14orf132
AC110749.1	2.078371458120156	4.922525444665749e-14	AC110749.1
LINC00384	2.306832649069729	4.9793164787796296e-14	LINC00384
OCM	1.4866853460117395	5.0074018677088924e-14	OCM
AC012557.2	1.8647576069931369	5.0141191166749477e-14	AC012557.2
LINC02631	1.6917219281985327	5.036163127239131e-14	LINC02631
MGAT3	1.2693275246392055	5.045567723176479e-14	MGAT3
CRYAB	1.0550720079762297	5.0671770851780486e-14	CRYAB
AC060780.2	1.3696038359880975	5.068169817945895e-14	AC060780.2
NSUN5P2	1.5636068603874362	5.1172123245637775e-14	NSUN5P2
FRG2	-4.001812505299838	5.1684712254911394e-14	FRG2
PI16	-2.2800066347192067	5.1883496692450425e-14	PI16
AC015660.3	1.5618071291204714	5.1950989293621237e-14	AC015660.3
LINC02552	1.9657031589421	5.2120444310733123e-14	LINC02552
C9orf131	1.7413426288816902	5.2572256672369166e-14	C9orf131
S100A3	1.055776847186647	5.303689935191123e-14	S100A3
AC092279.2	1.2699844604266457	5.4455578818511034e-14	AC092279.2
AL139393.1	2.114367760108669	5.4462162840523454e-14	AL139393.1
TLR9	1.6921380334144651	5.455008459165953e-14	TLR9
UCHL1	-1.887458231273581	5.4602604497684785e-14	UCHL1
IRS1	-1.0448636081929832	5.4633900232768766e-14	IRS1
ACP4	1.4737781521773363	5.4966613282817195e-14	ACP4
FAM225B	1.1946738717732408	5.529811796873631e-14	FAM225B
ATP5MC1P3	2.04350066465734	5.5336143630806856e-14	ATP5MC1P3
AC012645.2	2.230906797635034	5.6047008259995416e-14	AC012645.2
CSTF3-DT	2.063651498456641	5.6359389811277216e-14	CSTF3-DT
AL442128.2	1.2043610341045463	5.654796051006832e-14	AL442128.2
AC127164.1	1.6909918315135444	5.6633420504561245e-14	AC127164.1
SOX21	2.3982290540680733	5.6706391968720174e-14	SOX21
AC097641.2	1.250631180554994	5.694687571702204e-14	AC097641.2
AC091889.1	2.740861238633568	5.73630902261931e-14	AC091889.1
AC091180.4	1.9385586917486957	5.747755679922613e-14	AC091180.4
TCN1	2.5795326369008453	5.748676148061665e-14	TCN1
AP001180.4	3.2116619981814307	5.751337045363888e-14	AP001180.4
AC107208.1	1.9558638719041097	5.818125210764533e-14	AC107208.1
AC073648.6	-2.555045255336946	5.852590935888751e-14	AC073648.6
AC026741.1	1.0203127501071794	5.855823218675528e-14	AC026741.1
SLC4A5	1.3570372378364075	5.855823218675528e-14	SLC4A5
CST6	-1.8248196563999688	5.933058582761427e-14	CST6
GPC6-AS2	2.698074711066296	6.023118168584865e-14	GPC6-AS2
AC000089.1	1.008652479733632	6.051811878278428e-14	AC000089.1
AC078777.1	1.3851112180863976	6.059208169232236e-14	AC078777.1
C6orf163	1.0475909034888562	6.139866609326371e-14	C6orf163
APOBEC3A	1.1863089053249607	6.159391591574653e-14	APOBEC3A
SALRNA1	2.897999922664437	6.170567976501515e-14	SALRNA1
LINC02037	1.6248516182461068	6.1915646588688e-14	LINC02037
AC011611.3	2.783191261111969	6.197091818387778e-14	AC011611.3
MIR6757	2.0579652920974123	6.214041402104869e-14	MIR6757
SNORA31	1.8443403476781548	6.236887176479234e-14	SNORA31
RPS12P16	2.896667287432991	6.294304065273017e-14	RPS12P16
AC055811.1	1.669746141213352	6.298189879872876e-14	AC055811.1
GOLGA8S	1.4281977660080225	6.440185284807673e-14	GOLGA8S
AC025569.1	1.24462182922358	6.464119058636377e-14	AC025569.1
RN7SKP78	3.0026088062251945	6.46482099187925e-14	RN7SKP78
EYA2	-1.2762402780349609	6.513571640253785e-14	EYA2
SNORA68B	2.1862213324005046	6.55093433331072e-14	SNORA68B
RNASEH2B-AS1	1.1612109751788564	6.560169671678193e-14	RNASEH2B-AS1
MIR6719	2.8398120418956574	6.591192294074185e-14	MIR6719
PRRT3-AS1	1.0977315006564252	6.593669110758546e-14	PRRT3-AS1
NDUFA4P1	-1.1661312681341969	6.66713085330928e-14	NDUFA4P1
LINC01788	-2.0353656417010484	6.687202505934231e-14	LINC01788
AC046158.4	2.9241430319964965	6.694421594460475e-14	AC046158.4
AC005546.1	1.8390556614100504	6.714268752861985e-14	AC005546.1
AL035685.1	2.820367828350149	6.858388697469526e-14	AL035685.1
AC022154.1	1.2500955275685817	6.87067735667475e-14	AC022154.1
AL139246.3	1.1356620082463758	6.912947347592191e-14	AL139246.3
AC131649.2	1.4064328409291875	6.99132970226895e-14	AC131649.2
AC093525.10	1.6475955948842769	7.024511661776456e-14	AC093525.10
AC016586.1	1.278697428497514	7.0642830889454e-14	AC016586.1
LINC01447	-1.978315617419264	7.070929651447226e-14	LINC01447
LMTK3	-1.511551138496481	7.11860358559588e-14	LMTK3
AC116348.1	1.978830089390383	7.122920841484666e-14	AC116348.1
IGHV1-46	2.2120346135986075	7.125336786949408e-14	IGHV1-46
IGHV1-69	2.464131464871257	7.144806794354816e-14	IGHV1-69
AC131571.1	1.5633468398656702	7.16614667859183e-14	AC131571.1
DPYS	-1.4701585118316665	7.183368708847183e-14	DPYS
SNORA13	1.5928902449809428	7.237974178917687e-14	SNORA13
DPYSL3	1.1343711893493942	7.288530083658582e-14	DPYSL3
C14orf180	2.436646830542585	7.358118049384364e-14	C14orf180
AP000240.1	1.155761635469012	7.38408529052967e-14	AP000240.1
AC007569.1	1.5866740694161536	7.438483523771319e-14	AC007569.1
LINC01479	2.2978251328167816	7.484577203456691e-14	LINC01479
AC011005.4	1.4436883979514192	7.495357159094693e-14	AC011005.4
GLRA4	1.6837400350188731	7.607580498159983e-14	GLRA4
MTND1P23	2.419314062273184	7.640917130344121e-14	MTND1P23
BNIP3P26	1.6945719296459796	7.841552688552772e-14	BNIP3P26
BNIP3P10	1.7892745070551972	7.87720267919764e-14	BNIP3P10
AC092118.2	1.498179445850642	7.881550235016599e-14	AC092118.2
AC027045.3	4.696847181907786	7.910901107398716e-14	AC027045.3
MIR509-3	2.918067746066091	7.928661080257498e-14	MIR509-3
TRAV34	2.582254444239488	7.983852829099779e-14	TRAV34
AL445213.2	2.517124047996395	8.094692718750097e-14	AL445213.2
NLRP6	1.3738498242728978	8.155585895082553e-14	NLRP6
IDH2-DT	-2.7182058874779496	8.164470096206768e-14	IDH2-DT
AL592494.1	3.255896706993814	8.19789564809075e-14	AL592494.1
CYP2D6	1.2338758157763214	8.199083458887752e-14	CYP2D6
AC007598.2	2.280324479875418	8.239865606921604e-14	AC007598.2
RNU6-50P	2.1227453428122462	8.246238294367123e-14	RNU6-50P
AP005131.3	2.013725732739632	8.279146131105789e-14	AP005131.3
AC017067.1	2.389057326861218	8.328299988297873e-14	AC017067.1
C1GALT1P1	1.6291606740963047	8.4797997937725e-14	C1GALT1P1
AC092032.1	1.509665438389653	8.550817094158794e-14	AC092032.1
AL138690.1	2.601804349805579	8.60553632132698e-14	AL138690.1
AC131212.3	1.0026223279105495	8.60749980030965e-14	AC131212.3
HPN-AS1	1.3693425663843322	8.675332573678457e-14	HPN-AS1
ZDHHC4P1	2.6348971259197187	8.691305296676364e-14	ZDHHC4P1
AC118465.1	2.8658119966843447	8.759677148635065e-14	AC118465.1
AL353593.2	1.2547841055332565	8.78326921219366e-14	AL353593.2
LINC02585	1.264295658761492	8.7834618700098e-14	LINC02585
AL513008.1	2.590814412674807	8.877346888935406e-14	AL513008.1
AC091180.5	1.816299113219512	9.023313221042698e-14	AC091180.5
AL121929.2	1.5672523148307869	9.08408595288049e-14	AL121929.2
AC025180.1	1.2657856126235283	9.102246086873161e-14	AC025180.1
CGB7	2.226631409673899	9.117265282809921e-14	CGB7
AC116351.1	1.5580185599391083	9.162814646767716e-14	AC116351.1
AC114812.2	2.3053513227421925	9.27044843102807e-14	AC114812.2
AC009088.1	1.343608548026083	9.325158328127765e-14	AC009088.1
KRT18P8	2.139627079856468	9.337709568559081e-14	KRT18P8
GAPDHP38	1.095054156336297	9.353994495122057e-14	GAPDHP38
CHCHD2P11	2.85925627402218	9.410310757967593e-14	CHCHD2P11
IGHJ3P	2.925740357714458	9.417436379951671e-14	IGHJ3P
KCNF1	1.5231319296639074	9.445839418130123e-14	KCNF1
AC005154.1	1.489035358160163	9.456928896584972e-14	AC005154.1
NPM1P37	1.3316518132454065	9.549352001696903e-14	NPM1P37
AC127024.5	1.02331730430141	9.592311778257985e-14	AC127024.5
SLC5A4-AS1	1.6029372803477084	9.592915693300277e-14	SLC5A4-AS1
FSIP2	1.6759217642923792	9.643701144645201e-14	FSIP2
AL049539.1	2.153518207718013	9.677566599983557e-14	AL049539.1
AC040160.2	1.3242998332994855	9.731413654798469e-14	AC040160.2
LINC02558	1.731356667990254	9.785899107867423e-14	LINC02558
AC025031.5	1.7207743270785187	9.79720575462438e-14	AC025031.5
LINC00628	1.3727005022808	9.8436482646622e-14	LINC00628
ZNF346-IT1	1.2610907650974943	1.000506022980646e-13	ZNF346-IT1
EPHB3	-1.095302617864487	1.0052370913078857e-13	EPHB3
IFNL1	2.579997478992131	1.0104120339323356e-13	IFNL1
AC080089.2	2.642151606105603	1.0157565178471881e-13	AC080089.2
KERA	3.4068924842117907	1.016541228097505e-13	KERA
AL137186.1	1.949987385885093	1.021872113859853e-13	AL137186.1
SCGB2A1	-2.1858040254259605	1.0289992344064573e-13	SCGB2A1
AC008739.2	2.1827001321859725	1.0299891708481128e-13	AC008739.2
LINC00244	2.053293057210762	1.0364385290846605e-13	LINC00244
SULT1A3	2.478942879203025	1.0392693839552645e-13	SULT1A3
FAM166A	1.9931846306875112	1.0528455918759949e-13	FAM166A
AC048382.2	1.6418258439358846	1.0601228598720185e-13	AC048382.2
CYP2S1	-1.0476872104975032	1.0606938165420896e-13	CYP2S1
ARG1	1.2068941508002868	1.0665180556905933e-13	ARG1
KRT78	3.2205772385714506	1.0777490831093417e-13	KRT78
AC010359.3	1.757300706995497	1.0777490831093417e-13	AC010359.3
H2BU1	1.7255340376361916	1.084819969239397e-13	H2BU1
METTL27	1.0628965435049291	1.087839720393654e-13	METTL27
LINC02576	2.05132306078878	1.096493060830798e-13	LINC02576
AC012078.2	3.723790090128669	1.0997643212684177e-13	AC012078.2
ADORA2B	1.0058607173891605	1.1071695197923997e-13	ADORA2B
AC010320.3	1.371108752606102	1.1085299194005893e-13	AC010320.3
LINC02765	1.5874367241739609	1.1126164453329153e-13	LINC02765
AC114812.1	2.734392068006938	1.1169162453956605e-13	AC114812.1
AC104066.3	2.847068877143605	1.119681477211938e-13	AC104066.3
NFIA-AS2	1.5465785500282032	1.1225362881939145e-13	NFIA-AS2
LINC00702	1.17651514583169	1.1280693706492781e-13	LINC00702
AL138899.1	1.7532166096539248	1.1308107659548861e-13	AL138899.1
LDLR	-1.2716171489287118	1.1404863435770458e-13	LDLR
H3C12	2.4863968878229725	1.1412459638718432e-13	H3C12
GPR21	1.080776764356466	1.147794818171704e-13	GPR21
AC035139.1	2.969157859584408	1.1492801941646598e-13	AC035139.1
FOXL2NB	3.0687379098126235	1.1503836441295217e-13	FOXL2NB
AL096803.1	1.629533869155973	1.156115316913844e-13	AL096803.1
KLRC3	2.4781869606912883	1.158730680489429e-13	KLRC3
AC002377.1	2.166901910326425	1.1629154010052905e-13	AC002377.1
AL513331.1	2.2633391122935693	1.1654803420270833e-13	AL513331.1
RAB3B	-2.10794329837758	1.1673680161676478e-13	RAB3B
TIMM23B-AGAP6	1.2717874331932	1.176587858638312e-13	TIMM23B-AGAP6
AC004461.1	1.9795415236022995	1.177750729612621e-13	AC004461.1
AMER2	-2.451027050138493	1.1786190508891817e-13	AMER2
GFAP	1.3734025129630012	1.1815720414445997e-13	GFAP
RN7SL812P	1.880991704023418	1.1839074129738249e-13	RN7SL812P
AC005072.1	1.9610289355469288	1.1897402076994784e-13	AC005072.1
AC104819.1	2.734959795676457	1.1905151747019316e-13	AC104819.1
AC134312.5	1.9034203381612145	1.191291128091179e-13	AC134312.5
AL133342.1	1.0943425731303684	1.192262721741063e-13	AL133342.1
IGKJ3	3.409392880319241	1.1939608860890146e-13	IGKJ3
RPL17P22	1.27818025918335	1.2037568444414473e-13	RPL17P22
IGHV3-49	2.1461712123083787	1.211525134643781e-13	IGHV3-49
MYADML	4.018238836511015	1.2118534985931268e-13	MYADML
ITGA10	1.161851193213668	1.225002150955492e-13	ITGA10
FRG2EP	-4.166339700744043	1.2406701720952413e-13	FRG2EP
LINC00237	-2.134441506757366	1.2409883286988412e-13	LINC00237
AC131956.2	3.1540967701517544	1.263263432877408e-13	AC131956.2
AL109924.1	4.238944007507155	1.271299533726531e-13	AL109924.1
AC023510.2	1.0842212210785596	1.274119610581799e-13	AC023510.2
PCAT5	2.215566021801584	1.2855215353933633e-13	PCAT5
AL449403.1	2.2032330176791093	1.2858109439196278e-13	AL449403.1
AC009063.3	2.2926452641937263	1.296137711933673e-13	AC009063.3
AC133473.1	2.2224972056012744	1.2964490620250282e-13	AC133473.1
ETV3L	2.768834142886562	1.309739953586942e-13	ETV3L
AC022613.3	1.5728808616730314	1.3353522074542305e-13	AC022613.3
AC113410.1	1.3072435992987206	1.3414860307263838e-13	AC113410.1
SOX1	4.099552952006063	1.3422920147937518e-13	SOX1
AL445931.1	1.2184917718895871	1.359767808443982e-13	AL445931.1
AC098935.2	2.281709983481388	1.3614993565443696e-13	AC098935.2
AL591623.1	2.2903825786478897	1.3614993565443696e-13	AL591623.1
BLACAT1	-1.583953333591313	1.364826433835731e-13	BLACAT1
AC090286.3	1.7699005400277972	1.3738699863459334e-13	AC090286.3
SGO1	1.0220504866775353	1.384842733546532e-13	SGO1
TRAV22	1.5726474929275218	1.3880032189121856e-13	TRAV22
AC007881.2	2.456126223587705	1.4009301698437461e-13	AC007881.2
AL133325.3	3.2257879355822	1.402210129774387e-13	AL133325.3
NPIPB15	1.7428831567984395	1.4267816466748851e-13	NPIPB15
AC136475.5	1.2231055080109503	1.4269574356108806e-13	AC136475.5
AL731563.2	2.975852953045975	1.438824775427434e-13	AL731563.2
LINC02147	-1.3699910701748457	1.4424566456923992e-13	LINC02147
FABP2	-1.9747773543855012	1.4465100754317344e-13	FABP2
Z99496.1	1.826055964071541	1.4504562556680665e-13	Z99496.1
IGHJ5	3.0568415630710573	1.4546311896850566e-13	IGHJ5
AL049839.2	-2.319655444316369	1.4701772894125754e-13	AL049839.2
PLP1	-2.271980126566866	1.4757694497867584e-13	PLP1
TOP3B	1.321383306384994	1.4864566885264678e-13	TOP3B
SULF1	1.0872590749749662	1.4867255861913097e-13	SULF1
TRIM75P	2.2167500395506057	1.4889159122629565e-13	TRIM75P
AL136310.1	1.9634518226995563	1.4916178496521761e-13	AL136310.1
AC113167.1	-1.8882445467372009	1.497785582249272e-13	AC113167.1
RPTN	4.132179007737514	1.5023979825573416e-13	RPTN
RPS20P12	2.8918648063823444	1.513918636425289e-13	RPS20P12
C1S	1.342383123343455	1.5239069460614798e-13	C1S
DNAJC12	-1.3518285334813502	1.535343588003051e-13	DNAJC12
RPL6P5	3.313925019172062	1.5359690245195493e-13	RPL6P5
AP004147.1	3.1402237828993638	1.5463441579283564e-13	AP004147.1
AL033384.1	1.8319727811100488	1.5560989261909776e-13	AL033384.1
SNX2P1	1.7211538628507876	1.5691789502137498e-13	SNX2P1
ANXA10	1.876060070408968	1.5761244973180637e-13	ANXA10
PPIAP30	2.095843605606178	1.5761244973180637e-13	PPIAP30
RN7SL127P	3.270282521241965	1.5795720165905765e-13	RN7SL127P
EDIL3	1.1487934816821477	1.586926808454066e-13	EDIL3
AC091946.2	2.76940008643986	1.5876997116627593e-13	AC091946.2
VDAC3P1	2.31059369763471	1.588559841262049e-13	VDAC3P1
AL590762.1	3.0341804668789223	1.5968793142774368e-13	AL590762.1
FERP1	1.693180173806864	1.6007350539536137e-13	FERP1
FCRL5	2.0311657895208373	1.6119640072207094e-13	FCRL5
KCNH7	-1.3073866247595771	1.6161488854847096e-13	KCNH7
AC245100.2	1.319275865300506	1.617610580229496e-13	AC245100.2
AP001893.1	1.3050037391999227	1.6243370358837398e-13	AP001893.1
AL592211.1	1.6311198287111148	1.6243523680711864e-13	AL592211.1
LRRD1	1.8406536473910016	1.6326639731163588e-13	LRRD1
TFPI	1.0832700198948093	1.6551278682890837e-13	TFPI
AC025423.1	1.953538489353016	1.6751785670758408e-13	AC025423.1
AC087761.1	2.7157427534992458	1.6774965449841978e-13	AC087761.1
AC007114.2	1.296437182927834	1.6979110824358372e-13	AC007114.2
AC111170.1	2.736404289519466	1.7032428466857477e-13	AC111170.1
CDK5R2	2.5016154669045854	1.707142554738883e-13	CDK5R2
AL596223.2	2.14631822474364	1.7096236481664132e-13	AL596223.2
EGLN3P1	2.475806653717161	1.713338551616913e-13	EGLN3P1
GZMAP1	2.3276986798990777	1.7323195160595006e-13	GZMAP1
ITPR1-DT	-1.1818050710422272	1.7529416065095114e-13	ITPR1-DT
FRMD1	-2.03747601134941	1.7549215984552133e-13	FRMD1
AC091812.1	5.070875983222514	1.7633111854803606e-13	AC091812.1
IGHG2	2.0069993381865983	1.7652333354161406e-13	IGHG2
AL138689.1	1.5559329639927773	1.7784459591990632e-13	AL138689.1
AL591428.1	3.633238065522136	1.7901563708573772e-13	AL591428.1
MIR4664	-1.0131338544678872	1.790462918445873e-13	MIR4664
AC053503.1	-1.080169325507849	1.7992336410032251e-13	AC053503.1
AC007461.1	2.329757726819284	1.80381518616138e-13	AC007461.1
FCN1	1.056310305111969	1.8038722032635206e-13	FCN1
AP002989.1	1.864395131420732	1.804500268615397e-13	AP002989.1
DCHS2	1.5072314582642334	1.8129168249785321e-13	DCHS2
AL365356.1	1.869192529739078	1.815198297155521e-13	AL365356.1
NFE4	1.847540122777051	1.835578228830941e-13	NFE4
AC022146.2	1.966786940570008	1.8366980790378613e-13	AC022146.2
AC132192.2	1.2140719271800824	1.8428430265313277e-13	AC132192.2
SLC6A12	-1.1355222506602285	1.850067866350509e-13	SLC6A12
CCL14	1.2783890363868649	1.8656680778529375e-13	CCL14
CRYZP1	1.2954442125087575	1.8722220892575484e-13	CRYZP1
LINC02550	-1.284450334574495	1.8722467327183202e-13	LINC02550
AL353807.4	1.302766338083991	1.8795462378328797e-13	AL353807.4
SLC7A4	-2.010514979367	1.8795548942293667e-13	SLC7A4
CECR7	-1.4671925548982967	1.8827214431992665e-13	CECR7
AC026979.1	1.8735867918913165	1.9106437025931938e-13	AC026979.1
C10orf88B	1.2290550977213963	1.912421227470196e-13	C10orf88B
FOXC2-AS1	2.430152388071907	1.9213808339506412e-13	FOXC2-AS1
AC068620.2	1.2745071370840966	1.9223995461390213e-13	AC068620.2
HOXD1	-1.1903554859292642	1.93588294011731e-13	HOXD1
POLR2J2	1.305262381309932	1.9489801228114481e-13	POLR2J2
LINC02744	2.3893582511144342	1.9537533344066472e-13	LINC02744
RPL23AP55	2.2595508179275496	1.970841731718497e-13	RPL23AP55
SLC7A11-AS1	2.482364686765873	1.9729918919941969e-13	SLC7A11-AS1
RPL10P12	1.472879719261877	1.9746726715557795e-13	RPL10P12
AL049629.1	-1.922589869093397	1.989102089986533e-13	AL049629.1
AC010327.5	1.6036176050631887	1.9891374163321045e-13	AC010327.5
TEKT3	1.003108453552783	2.009142730945204e-13	TEKT3
LINC02478	-1.3257820050917704	2.0365219793103138e-13	LINC02478
RNF113B	2.375726075496237	2.0406255925107397e-13	RNF113B
KCNA7	2.1909250579252184	2.055985564941465e-13	KCNA7
LINC00937	1.194342668712884	2.077448692724817e-13	LINC00937
PLA2G10	1.1355743409044785	2.080259681205526e-13	PLA2G10
CHMP4BP1	1.4611596735099994	2.101297385995194e-13	CHMP4BP1
HOTAIRM1	1.1961631778145403	2.111801955506091e-13	HOTAIRM1
AL133371.1	2.2174988722907565	2.1457702416523961e-13	AL133371.1
AC006441.1	1.6019602165022513	2.1587762065544954e-13	AC006441.1
GRIK4	1.7040159822648886	2.166586401007993e-13	GRIK4
AC015687.1	2.1475828540015542	2.1709189202173242e-13	AC015687.1
STAB2	1.4093970822646154	2.1740070978526946e-13	STAB2
AC005224.2	2.134058915998432	2.1829528040411386e-13	AC005224.2
AC092353.2	2.1923274503301062	2.1936294155304032e-13	AC092353.2
GLYATL1	-1.445229260037213	2.194373230639644e-13	GLYATL1
TERB1	1.6240496243653308	2.2366453898561466e-13	TERB1
H4C8	1.0455459854504898	2.237234721670125e-13	H4C8
PPIC-AS1	-1.0162996487807006	2.238281764139365e-13	PPIC-AS1
PKHD1	-1.2865985192733205	2.2491131002018962e-13	PKHD1
STIMATE-MUSTN1	1.3236971559021795	2.2544385858506852e-13	STIMATE-MUSTN1
AC130650.2	1.038421537560945	2.2604628537272922e-13	AC130650.2
SREBF2-AS1	-1.36841870897056	2.281980494651013e-13	SREBF2-AS1
AL596325.2	1.3503244585746057	2.290575511848031e-13	AL596325.2
AC087385.1	2.382336036333774	2.2997018096965204e-13	AC087385.1
AC244034.2	1.838181073605412	2.304196145537268e-13	AC244034.2
AC148477.2	-1.9987401434807863	2.3059751712955185e-13	AC148477.2
SUPT4H1	2.57640025841084	2.3150331348881457e-13	SUPT4H1
FAM184B	-1.4138645435097217	2.3195473112138335e-13	FAM184B
AC091132.2	1.7500245091609534	2.3340920903641253e-13	AC091132.2
KRT24	-2.258273817100436	2.352273740660789e-13	KRT24
APOD	-1.4383501008833912	2.356829496667662e-13	APOD
AC002525.1	-1.0327969880722805	2.360509175893551e-13	AC002525.1
AC002347.1	1.81164987355838	2.3723766722727977e-13	AC002347.1
AC005920.3	-2.0319046250561943	2.3755221076841583e-13	AC005920.3
AL606519.1	-3.520968941457505	2.3829700756013645e-13	AL606519.1
AP002364.1	1.214362520227601	2.384075915637162e-13	AP002364.1
AC109782.1	1.9253414835407017	2.38558327949653e-13	AC109782.1
AP001542.1	1.848777413595392	2.452634769880528e-13	AP001542.1
KLHDC7A	-1.0033453757234083	2.4835620392897184e-13	KLHDC7A
TMEM248P1	2.3127277315406363	2.48900555001501e-13	TMEM248P1
AC067930.4	1.797798771008985	2.4971912792811614e-13	AC067930.4
AC006372.2	1.6052388227852548	2.570671731733247e-13	AC006372.2
AC002306.1	2.655060793219131	2.5723686566865496e-13	AC002306.1
AC090192.2	2.3833237638687814	2.589244216996542e-13	AC090192.2
AC018628.2	2.20187197426797	2.5990520126641544e-13	AC018628.2
AC120349.1	2.2396911267910684	2.599658946378973e-13	AC120349.1
UBE2E1-AS1	-1.0105124030727224	2.6023857702290583e-13	UBE2E1-AS1
CARD11-AS1	3.3481077375965915	2.62279070519878e-13	CARD11-AS1
GOLGA8UP	2.3348309706550694	2.630219195204516e-13	GOLGA8UP
LINC02582	3.171561371919	2.646293310420076e-13	LINC02582
IGLV4-69	2.0494785029878804	2.6609809081645824e-13	IGLV4-69
LHFPL3	-1.446767585294914	2.680859328464725e-13	LHFPL3
AKR1D1	2.3689972552113847	2.706820026873751e-13	AKR1D1
AC093462.1	1.097849791734392	2.732860345274652e-13	AC093462.1
UGT1A11P	-2.094311228268572	2.756230126390428e-13	UGT1A11P
AC015818.5	2.8267293738811543	2.7741606604457736e-13	AC015818.5
AC008985.1	2.0859607723899463	2.781891114520025e-13	AC008985.1
LL22NC03-63E9.3	3.563276196846169	2.795114255318381e-13	LL22NC03-63E9.3
FGFBP1	-3.066064918951985	2.806889061588298e-13	FGFBP1
AL358075.1	1.8414783028416977	2.872903921889384e-13	AL358075.1
TSPEAR-AS1	1.8807932735619937	2.876613580216334e-13	TSPEAR-AS1
AC016027.5	2.003689491478573	2.8793768896905985e-13	AC016027.5
PRKG1-AS1	1.5204837600352132	2.888489031113147e-13	PRKG1-AS1
AC090181.2	1.1870703469935844	2.893957077817358e-13	AC090181.2
SLC22A1	-1.0761056601926284	2.899127422838115e-13	SLC22A1
MIR6739	2.0024808520318382	2.942775319348782e-13	MIR6739
LINC01476	1.1893994132550505	2.9609773774007284e-13	LINC01476
AC093642.3	1.58081821078575	2.993913466388247e-13	AC093642.3
GS1-279B7.1	2.105943471153777	3.016763243259181e-13	GS1-279B7.1
AC129492.1	1.253826274598702	3.0197121077228543e-13	AC129492.1
AC005534.1	1.324244688931531	3.045984409452315e-13	AC005534.1
AL078459.1	1.0711460019164392	3.048746058432617e-13	AL078459.1
GOLGA5P1	3.199992457294336	3.049698937913684e-13	GOLGA5P1
PSMD8P1	1.9645438553451564	3.054372797641184e-13	PSMD8P1
RNU6-623P	2.1198221333648606	3.092660306179293e-13	RNU6-623P
FRMD7	-3.649393140568643	3.095289981373325e-13	FRMD7
NTRK1	-1.2807489187682852	3.095352435661267e-13	NTRK1
SLIT3-AS2	2.148487238387156	3.104357433697301e-13	SLIT3-AS2
RPS3AP20	1.004661220341179	3.125135180564552e-13	RPS3AP20
RPL21P123	1.898753923198198	3.133055104474111e-13	RPL21P123
FAM171A2	-1.0470089140101384	3.134181163117338e-13	FAM171A2
AC102945.1	2.4063721613639566	3.1364460785190684e-13	AC102945.1
GAPDHP73	1.5013850102558342	3.15947919599676e-13	GAPDHP73
RPL31P11	1.5716923392826991	3.1701696426969113e-13	RPL31P11
AC245140.3	1.1601317824040125	3.180943486228699e-13	AC245140.3
AC015849.4	1.877322542853771	3.186808542425761e-13	AC015849.4
RNA5SP298	2.1633970531240663	3.192767255067397e-13	RNA5SP298
EWSAT1	-1.6257531479739336	3.213427418726338e-13	EWSAT1
MIR4489	1.768981170547488	3.232212150250482e-13	MIR4489
SNORA22	1.7337688604053707	3.233295705938181e-13	SNORA22
AP003306.2	-1.3837157572842835	3.2406606774442177e-13	AP003306.2
AC093627.22	1.953176091245432	3.24608359833918e-13	AC093627.22
RNU6-953P	3.2638870313861337	3.291506953365895e-13	RNU6-953P
USP50	1.0255277017600175	3.298009938316724e-13	USP50
AC104458.1	-1.069883635469188	3.3054743187063575e-13	AC104458.1
AL929236.1	1.4536960472968996	3.330511315358183e-13	AL929236.1
AF131215.4	1.6891326068330137	3.338436048376917e-13	AF131215.4
SNORA75	2.882131099009065	3.34840343461523e-13	SNORA75
AC004771.1	2.035176295767858	3.35900428315597e-13	AC004771.1
AL645568.1	2.9797576103376566	3.3791463980447013e-13	AL645568.1
AC009163.4	1.707975105116366	3.390166230185704e-13	AC009163.4
TRBJ2-6	2.526427907953373	3.405459677269937e-13	TRBJ2-6
PDXP-DT	2.038105947338304	3.409594156426414e-13	PDXP-DT
AC009269.2	2.580688944080442	3.417541143760963e-13	AC009269.2
AC098679.3	1.79737046819045	3.428254338058271e-13	AC098679.3
AC136469.1	2.065389998579711	3.433452064040647e-13	AC136469.1
AC012668.3	3.1952733701846854	3.4582065167276353e-13	AC012668.3
AP000553.6	2.234504801058741	3.489700810780176e-13	AP000553.6
FLNB-AS1	1.1936474906472363	3.4988925578990654e-13	FLNB-AS1
AL160286.1	-1.7378829873026551	3.504433477893544e-13	AL160286.1
PDE11A	1.1695842421316522	3.521839399955138e-13	PDE11A
IGLV6-57	2.0603268129606542	3.550729635275322e-13	IGLV6-57
AP003733.1	2.18338868808483	3.5533281921524615e-13	AP003733.1
AC010789.2	2.5266764607114505	3.55754454589102e-13	AC010789.2
XXYLT1-AS1	-1.7633718815107935	3.579780007406364e-13	XXYLT1-AS1
FABP5P9	1.72588953729207	3.595880214548659e-13	FABP5P9
DSCR9	1.387444898418909	3.614805967903677e-13	DSCR9
KAAG1	-1.2575352267708393	3.625626374739616e-13	KAAG1
AP000577.2	1.774338222122149	3.6429016771299733e-13	AP000577.2
AC026362.2	1.566969673770136	3.647582540694332e-13	AC026362.2
HOTTIP	3.1510918084051243	3.648051099313576e-13	HOTTIP
IGLV3-21	2.196269586564523	3.691858359214618e-13	IGLV3-21
AC090559.2	3.288582231216275	3.706625607817501e-13	AC090559.2
IGLV9-49	2.3944582492497286	3.70780998548263e-13	IGLV9-49
AL591845.1	1.225138908309912	3.719376917804613e-13	AL591845.1
AC003002.2	1.4820509441356555	3.7285511594239865e-13	AC003002.2
MIR6730	1.864945414073727	3.748427385806408e-13	MIR6730
RPL10P2	2.2738590072679568	3.760980912776055e-13	RPL10P2
BCL2L10	-1.659006050529554	3.7993753298059203e-13	BCL2L10
LINC02539	3.472326673774753	3.8060414521345217e-13	LINC02539
PRPH	1.9781546775864127	3.806342780455744e-13	PRPH
AC004486.1	1.871330635659028	3.8094423158936923e-13	AC004486.1
AL590385.2	2.6453877222827846	3.82554004405026e-13	AL590385.2
AL355303.1	3.120018923308825	3.838915523746416e-13	AL355303.1
PPP4R4	-1.776513037302918	3.871084541062569e-13	PPP4R4
AC010978.1	1.9174539483462183	3.94005884820235e-13	AC010978.1
HTR5BP	1.4355837592631302	3.9710065083857693e-13	HTR5BP
QPRT	-1.1875664140698607	3.97824784950974e-13	QPRT
HELLPAR	1.297504987986776	4.027909579181105e-13	HELLPAR
PDCD6IPP1	-1.5807870811390063	4.0363851645705644e-13	PDCD6IPP1
LY86-AS1	-1.410577758692363	4.0618482585230274e-13	LY86-AS1
TRIM40	-2.05304661310191	4.063532271995816e-13	TRIM40
HTR3B	-2.928130082178971	4.078339205187554e-13	HTR3B
ROPN1B	-1.3156562541522592	4.11067844739639e-13	ROPN1B
STPG2	-1.0818614050284665	4.111465630715791e-13	STPG2
IGHV1-3	2.250336447495433	4.1193097565412134e-13	IGHV1-3
IDSP1	1.860102456308783	4.1291577924861314e-13	IDSP1
IGLC7	2.4173207780386	4.1439457586383044e-13	IGLC7
AC112715.1	2.8119255759736523	4.1494968795923684e-13	AC112715.1
AC022182.2	1.1291539545161349	4.152999523604053e-13	AC022182.2
AP000346.2	1.3807510292871723	4.1727935008795574e-13	AP000346.2
AL162388.2	-2.5951037104058683	4.220565534987075e-13	AL162388.2
AC079915.1	1.989340689689248	4.221000928522879e-13	AC079915.1
AC138466.1	-1.25971025440863	4.221236828617922e-13	AC138466.1
P4HA2-AS1	1.1951684345551823	4.274166511781703e-13	P4HA2-AS1
FP325331.1	1.906423146795425	4.2945641688439245e-13	FP325331.1
AC103809.1	1.342858588365334	4.330192395036794e-13	AC103809.1
ACAD11	1.104090688968139	4.369849974419664e-13	ACAD11
RNU6-1136P	1.536307375531629	4.37180594293699e-13	RNU6-1136P
Z82188.2	2.301368301618969	4.3814007849170333e-13	Z82188.2
MAGEA12	2.3135490179086875	4.384435097625627e-13	MAGEA12
AL136452.1	2.9720446620753243	4.3891261360185394e-13	AL136452.1
KCNB1	1.3183459485170352	4.4331296312616694e-13	KCNB1
LINC02150	3.057321703600419	4.4438141834980234e-13	LINC02150
DCAF4L1	1.1457645293167826	4.4783548492832083e-13	DCAF4L1
AC008632.1	2.036864421446322	4.5327967960991565e-13	AC008632.1
AL109809.2	3.0457346704382573	4.535132180612663e-13	AL109809.2
CD300H	1.1966904783101326	4.536525425838246e-13	CD300H
SP3P	-2.3252913095771155	4.541131004059468e-13	SP3P
IGHA2	1.8992653030520252	4.569446002734885e-13	IGHA2
AL354977.1	1.4315094845863128	4.604888841757192e-13	AL354977.1
AC113554.1	-2.118818341973248	4.651294146739819e-13	AC113554.1
S100A1	1.3530628317194602	4.669865152033926e-13	S100A1
AL513365.1	1.2992439012879682	4.679293164305829e-13	AL513365.1
INTS9-AS1	1.5532800370155662	4.710872638557939e-13	INTS9-AS1
AL357507.1	4.422346683693609	4.724119232118691e-13	AL357507.1
AC019171.1	-1.020641160520927	4.7321580331186e-13	AC019171.1
AC097504.2	-1.3974572578476476	4.736793174766485e-13	AC097504.2
RDH16	1.0308273866458746	4.746436883369833e-13	RDH16
RPS14P4	2.7939563826982163	4.82886927328531e-13	RPS14P4
IGLV1-41	2.816951627102775	4.842180524060316e-13	IGLV1-41
AC092580.4	2.782575363245095	4.851560631359511e-13	AC092580.4
AC105180.2	1.5336322855386164	4.949256758681325e-13	AC105180.2
DSCAM	1.9033926818295563	4.956163572161598e-13	DSCAM
LINC01531	2.337319198553216	4.963806087382945e-13	LINC01531
HMGN2P40	1.5641430371396767	4.974548884518664e-13	HMGN2P40
AL353660.1	-1.1430557072510972	4.986029165657513e-13	AL353660.1
AC005393.1	1.1011942488460296	4.995459792952218e-13	AC005393.1
RPL12P30	-1.9668551690235787	5.016617548544632e-13	RPL12P30
LINC02204	1.2612914178814625	5.060198580042976e-13	LINC02204
AC011586.2	-1.808474163446672	5.092844993015853e-13	AC011586.2
RBM22P12	-4.191898538623218	5.093732159372938e-13	RBM22P12
AC107081.2	1.995935222953925	5.111659535821172e-13	AC107081.2
AC005096.1	2.72375206940902	5.153573638705421e-13	AC005096.1
LINC02712	1.9059892794450728	5.156270220926061e-13	LINC02712
RFPL3	1.4419261351585877	5.186968429434016e-13	RFPL3
SYNPR	-3.233540216974142	5.188388154128685e-13	SYNPR
MIR509-2	3.051509653348329	5.222888160477788e-13	MIR509-2
AP005060.1	2.334806336062525	5.235247412380455e-13	AP005060.1
AC017015.2	-1.6087229621997887	5.247843112672543e-13	AC017015.2
DEFB132	-4.479221885642791	5.268376624219072e-13	DEFB132
STPG4	1.796548171359744	5.278281630253195e-13	STPG4
LINC02495	1.7357922378233814	5.290052176635986e-13	LINC02495
ENPP1	-1.0854890179643717	5.296417046183578e-13	ENPP1
PLCD4	-1.4421722628270373	5.405212052844087e-13	PLCD4
AP000553.1	1.5705729627654983	5.486406382303046e-13	AP000553.1
AC012150.1	1.8076732840874057	5.533565308118491e-13	AC012150.1
TRPM8	1.7208551923924498	5.544481862314137e-13	TRPM8
AC091691.3	3.342843802118846	5.572217282378514e-13	AC091691.3
AC010285.1	1.7150430040666378	5.591735268352511e-13	AC010285.1
TLR12P	1.7399259819138748	5.597911013556723e-13	TLR12P
NDUFB4P11	-2.047161996872426	5.659739845680479e-13	NDUFB4P11
CPA3	1.291583986382219	5.714682993483073e-13	CPA3
SCG5	1.6167000014448043	5.732759917193217e-13	SCG5
AP000711.1	1.8701771610839213	5.756672981456762e-13	AP000711.1
FFAR3	2.127013596508065	5.762414480801741e-13	FFAR3
TTLL7-IT1	2.9008582771825404	5.769406992102176e-13	TTLL7-IT1
GGT3P	1.6123004799496068	5.781896238756739e-13	GGT3P
AC018761.3	1.8251230493570287	5.792857399588493e-13	AC018761.3
AL162414.1	2.558197643306653	5.824163602355415e-13	AL162414.1
AL713922.2	2.176848061287	5.844442113383449e-13	AL713922.2
AL008718.3	1.699501276181969	5.923654486526075e-13	AL008718.3
SYT5	1.6451520278242793	5.947965152238537e-13	SYT5
AC073324.1	3.5681873868427663	5.951449512805241e-13	AC073324.1
MYO1H	1.2989774051388534	5.995922570960642e-13	MYO1H
PDE6G	-1.0717592759365278	5.995922570960642e-13	PDE6G
AL033519.3	1.0732294539153655	5.999895214407761e-13	AL033519.3
AL109924.3	4.068365717789711	6.003585828393346e-13	AL109924.3
AC040934.1	1.5157963827553458	6.058552395897929e-13	AC040934.1
SPDYE16	1.975672910415294	6.084852551302066e-13	SPDYE16
MIR4645	1.621223526655849	6.113567087608867e-13	MIR4645
OLIG2	2.827094827422176	6.120726042751327e-13	OLIG2
AL096855.1	2.831202976377615	6.149494992745709e-13	AL096855.1
VN1R83P	1.0232697517813083	6.156857504210753e-13	VN1R83P
RN7SKP30	2.0713564395128965	6.171863292414197e-13	RN7SKP30
AC026310.2	1.99206261790021	6.192565233459706e-13	AC026310.2
ZNF804B	-2.921716896144333	6.209942780614865e-13	ZNF804B
WTAPP1	-1.781826273773896	6.242606843795939e-13	WTAPP1
CRYBA1	1.699818972398855	6.265611509123463e-13	CRYBA1
MIR6859-1	2.5028153900507006	6.286984653143276e-13	MIR6859-1
AC011455.2	3.232371781048897	6.295847162033148e-13	AC011455.2
MIR378B	3.270600373306993	6.324111140490114e-13	MIR378B
PPIAP41	1.5978168650502638	6.362249443336189e-13	PPIAP41
AC021087.2	1.2312806511073324	6.40337570182469e-13	AC021087.2
AL354694.1	2.0263003316057087	6.441751857957328e-13	AL354694.1
DLG2	-1.218019174361038	6.444505021927083e-13	DLG2
PFN1P1	1.106121253602444	6.449921690288019e-13	PFN1P1
ADGRG6	1.048438637032732	6.493806872392686e-13	ADGRG6
AL353588.1	1.636215092668034	6.542893090263487e-13	AL353588.1
AC079601.2	1.458300597491824	6.576213647834625e-13	AC079601.2
SPTBN5	1.2753398305384456	6.586454603370857e-13	SPTBN5
MMP1	1.8489395771325463	6.593999744241031e-13	MMP1
AC087752.2	2.2166764397955108	6.641136883662797e-13	AC087752.2
ASIC2	-1.7471070015928705	6.671187050513824e-13	ASIC2
SLC7A9	-1.4095592571525235	6.715708785787362e-13	SLC7A9
LINC01402	1.357731458594048	6.759478174388183e-13	LINC01402
LINC02788	2.974351240683749	6.789409800032249e-13	LINC02788
FAM66A	-1.1289234996337294	6.796500643972131e-13	FAM66A
AC016747.2	1.313580578185576	6.818937402349685e-13	AC016747.2
AC103703.1	2.346183808598905	6.838671971076759e-13	AC103703.1
NPIPB10P	2.014508748433101	6.844160100165575e-13	NPIPB10P
AC011476.3	1.0919704391772032	6.883714733043895e-13	AC011476.3
CYCSP24	1.3332601471536245	6.904086368388068e-13	CYCSP24
BPIFB1	2.7137238192841884	6.949567392120172e-13	BPIFB1
LINC00865	-1.1492000615587925	7.015300340848624e-13	LINC00865
AC004863.1	1.4006391288933764	7.024072565703926e-13	AC004863.1
A4GNT	1.3716067163240049	7.025574243179171e-13	A4GNT
AC010300.1	1.2809251637416028	7.063610250752672e-13	AC010300.1
AC072022.1	1.7908759353209267	7.152809881745098e-13	AC072022.1
AC008759.3	1.313566461904493	7.172336970684966e-13	AC008759.3
LINC02469	1.8327295221081383	7.219352332491034e-13	LINC02469
AC010201.1	1.2263679317800442	7.26406757212218e-13	AC010201.1
PRELID1P5	1.1676736646148618	7.309383441730757e-13	PRELID1P5
H1-6	1.9927007054615893	7.354018982802635e-13	H1-6
AHRR	1.49197609796126	7.38093770590938e-13	AHRR
RNU6-100P	1.5768092082016971	7.404732666446035e-13	RNU6-100P
TOX	-1.2132719324932075	7.430001526260063e-13	TOX
LINC02733	1.6913782507012949	7.435395976654843e-13	LINC02733
PKIB	1.0877888605073864	7.452479365142502e-13	PKIB
AC092666.1	1.7156549528793392	7.469442673285314e-13	AC092666.1
AOX1	-1.4894281578573287	7.527972945946531e-13	AOX1
ZNF705E	1.20127693952863	7.5311012500774e-13	ZNF705E
NPIPA3	2.742029412469632	7.560901244659566e-13	NPIPA3
C19orf18	1.0115968324323783	7.575478909518961e-13	C19orf18
AC133134.1	1.4169057599527708	7.68903717100146e-13	AC133134.1
AC090772.3	1.0891378664813365	7.702151716006017e-13	AC090772.3
PADI6	2.8003382090713265	7.717293222394391e-13	PADI6
RNF216-IT1	2.42729983535854	7.869882597886343e-13	RNF216-IT1
KIF25	1.1971451761258611	7.881794675077861e-13	KIF25
AC018557.2	1.7347775971113948	7.891555213988603e-13	AC018557.2
OR9A4	3.237740311615702	7.891555213988603e-13	OR9A4
AC105339.1	2.0788642809026485	7.945615888347489e-13	AC105339.1
RPL21P119	1.1781813712649398	7.963809377839728e-13	RPL21P119
AC005920.1	-1.4449180325480453	8.060291075768032e-13	AC005920.1
AC000050.2	1.3021414786954986	8.111966690815044e-13	AC000050.2
CDRT1	1.38261187986009	8.15790179738676e-13	CDRT1
MYPN	1.8089836763780769	8.28249613684516e-13	MYPN
AC020908.3	2.838718504285955	8.306579015399511e-13	AC020908.3
TNXB	-1.129009303630966	8.38571595754964e-13	TNXB
HMGN2P8	1.840993556506696	8.521133176171915e-13	HMGN2P8
SERBP1P3	1.8914399795469632	8.553436051727324e-13	SERBP1P3
CRYM	-1.216146827191024	8.560120970916974e-13	CRYM
AC139100.1	1.1037222977049128	8.691119432482426e-13	AC139100.1
IPO4	1.0379077139793984	8.731610040009173e-13	IPO4
LYPD2	1.6625236154624845	8.79703985582402e-13	LYPD2
FAM229A	1.0152561399086553	8.833337077439694e-13	FAM229A
CLVS1	1.3128097580723053	8.838054849548293e-13	CLVS1
NDNF	-2.458609637302053	8.92950845802134e-13	NDNF
SLC19A2	-1.099648575979045	8.934832669779181e-13	SLC19A2
LINC02794	1.367817045366257	8.988339916035166e-13	LINC02794
ADGRE3	1.187977051511781	8.996706996980803e-13	ADGRE3
AC012676.4	1.6619718688626637	9.005386334581578e-13	AC012676.4
MTND5P25	2.067590169222272	9.011076924127961e-13	MTND5P25
AK5	-1.2674201974322248	9.025440486148144e-13	AK5
AL391994.1	1.619076426885373	9.119701568432134e-13	AL391994.1
AC026803.3	-1.2965090817980962	9.121867174959317e-13	AC026803.3
HNRNPA1P68	2.380184639909573	9.1403134194193e-13	HNRNPA1P68
ATP6V1G1P5	-3.8637066920998175	9.142426066030581e-13	ATP6V1G1P5
AC005324.4	1.8325320381902128	9.193436315689889e-13	AC005324.4
AC126773.3	1.724470905953615	9.29296598575444e-13	AC126773.3
MAGEC3	2.6932364090663934	9.31408267142027e-13	MAGEC3
IGLC2	1.90184978682617	9.31762326613087e-13	IGLC2
RPS19P1	1.2493327647580044	9.32013319489304e-13	RPS19P1
OVOL3	2.043958585869725	9.327895861417445e-13	OVOL3
MXRA8	1.2565237015508062	9.386912264947342e-13	MXRA8
AC008267.7	2.4269033574329124	9.451067415215826e-13	AC008267.7
AC025262.1	1.283398258981047	9.494170844968852e-13	AC025262.1
RIPPLY3	-1.3610105698332116	9.547300190317848e-13	RIPPLY3
IGHV3-20	2.255857213895415	9.558407076690428e-13	IGHV3-20
HSD3BP2	1.7239513481572457	9.565138038367964e-13	HSD3BP2
TRGV6	2.436289087949764	9.565138038367964e-13	TRGV6
ZNF587P1	2.3633215946853023	9.585512150753154e-13	ZNF587P1
AC104794.2	-1.466256415601775	9.645283804621194e-13	AC104794.2
AC008760.1	1.0553617702327285	9.67036272147601e-13	AC008760.1
RNU6-216P	1.980539126020641	9.688936273436509e-13	RNU6-216P
LINC02465	3.286451172831085	9.6898278454591e-13	LINC02465
AL031058.1	-1.2167456563430443	9.72299726685994e-13	AL031058.1
REC8	-1.0106188680911463	9.760386024424823e-13	REC8
AC116348.3	3.0460089252483447	9.874131880232862e-13	AC116348.3
SLC6A12-AS1	1.6645446796930288	9.87775020573233e-13	SLC6A12-AS1
AC073367.1	1.4433480707354769	9.892634269062528e-13	AC073367.1
AL157884.3	2.2287190918622333	9.98043155281338e-13	AL157884.3
AC024610.2	2.4494550544024527	1.0034185683482289e-12	AC024610.2
KRT18P7	1.3347977016769716	1.0063773684114138e-12	KRT18P7
ALDH1A2	-1.7201748761085818	1.015262970433135e-12	ALDH1A2
GUCY2D	1.6285824148871042	1.0256745061302357e-12	GUCY2D
NLRP14	-1.042215865543314	1.0512178490474688e-12	NLRP14
PEBP1P3	2.606708839915995	1.0512178490474688e-12	PEBP1P3
AL512506.1	1.544159239204168	1.0547227078395525e-12	AL512506.1
AL627309.7	1.5418349342284412	1.0714144981362568e-12	AL627309.7
CA5A	-1.4654012085448498	1.081565682663582e-12	CA5A
AC022960.1	1.7519592970205269	1.0834386469032384e-12	AC022960.1
CFL1P6	2.1590225555067413	1.0878597512174437e-12	CFL1P6
AC015987.1	1.3022682662291707	1.0892356576974641e-12	AC015987.1
RN7SKP239	1.5144530395192006	1.0915306776098014e-12	RN7SKP239
MUC2	2.4614604355621976	1.1011805929936099e-12	MUC2
AC135782.3	1.5432919308603663	1.1014947404913388e-12	AC135782.3
AP001458.1	2.3372587359436165	1.108620887885455e-12	AP001458.1
AC004980.2	1.276426998782169	1.1138638692818257e-12	AC004980.2
GSDMA	1.4233774929938652	1.116657625396143e-12	GSDMA
FOXL1	1.0376542407056333	1.1185956479396258e-12	FOXL1
RAD1P2	2.2055808497574247	1.119954222811286e-12	RAD1P2
RNU6-94P	1.6556384244516196	1.1216124578555338e-12	RNU6-94P
AC105206.3	1.5461037425404591	1.1269004304851241e-12	AC105206.3
AC074138.1	1.0959771475680598	1.1273251901782736e-12	AC074138.1
AC092100.1	2.8539066343866	1.1277602767437306e-12	AC092100.1
NUPR1	1.005074378388873	1.1365427854116296e-12	NUPR1
LINC01973	2.064082200294624	1.137951856139903e-12	LINC01973
EZHIP	1.9156247575685907	1.1391383001792776e-12	EZHIP
AC098859.1	1.1747417578835249	1.1447504263253828e-12	AC098859.1
ACHE	1.4001187497917842	1.148873593425557e-12	ACHE
AC008906.2	1.646529650579352	1.1494754904923284e-12	AC008906.2
IL12B	1.7832073084405964	1.1543543377596962e-12	IL12B
AFF2	1.082097599584424	1.1603194743472306e-12	AFF2
RAP1AP	1.6592675802413142	1.1700491133301492e-12	RAP1AP
SPATA32	1.0584443402251449	1.1762284580739234e-12	SPATA32
AC026391.1	-1.6426976649736869	1.180261485122886e-12	AC026391.1
ARMH1	1.0717455994214309	1.180965818567019e-12	ARMH1
ZG16	-2.448608027165182	1.1871256914583926e-12	ZG16
AC129507.4	-2.1925110875873144	1.1963913995717478e-12	AC129507.4
IGHV3-15	1.9490048975715413	1.2053229298340217e-12	IGHV3-15
LINC02470	2.552161120221352	1.2068205924876382e-12	LINC02470
TMEM132C	-2.028999674074181	1.2151164972746745e-12	TMEM132C
COL11A2	1.109296860603587	1.2168555933987344e-12	COL11A2
AC004264.1	1.5002074009131	1.2187076398323113e-12	AC004264.1
PLD5	-1.727770659070046	1.2205444562937058e-12	PLD5
LINC00535	-1.084404055042017	1.237365687521789e-12	LINC00535
AL356124.1	1.3084711989185691	1.2470220144674281e-12	AL356124.1
GDF15	-1.154925919605824	1.250125334976707e-12	GDF15
EPS8L1	-1.5629915317419334	1.2504253515504936e-12	EPS8L1
AC090403.1	2.773550500101857	1.2520238180197166e-12	AC090403.1
AC010727.1	2.3266862559858392	1.257270766806525e-12	AC010727.1
AC025062.3	-1.3257164397145085	1.2684671386777853e-12	AC025062.3
SYT8	2.5394657864446954	1.2697716543443505e-12	SYT8
LINC02535	-1.614054252136555	1.2697716543443505e-12	LINC02535
AC008766.1	-1.6105117187597415	1.2731805423944969e-12	AC008766.1
U91328.3	1.2285460821703018	1.2766037314176573e-12	U91328.3
MBL2	3.755653502180792	1.2886199290195073e-12	MBL2
FAM106A	1.6760253051210905	1.2924961213099717e-12	FAM106A
AC097637.2	1.4404783988171734	1.2959658694371825e-12	AC097637.2
AL442003.1	1.1230261174694212	1.3039366780980698e-12	AL442003.1
NLRP2	-1.618732071669128	1.3123849986628498e-12	NLRP2
AC005746.1	1.3593474492790534	1.3135610406472357e-12	AC005746.1
WASHC5-AS1	1.21970551170666	1.3143734248919374e-12	WASHC5-AS1
AC013652.1	1.7943127019595075	1.3206138419284465e-12	AC013652.1
AC139887.1	1.07255614203486	1.3241459414864762e-12	AC139887.1
AC025154.2	-3.960203899426332	1.3307176008605958e-12	AC025154.2
AP003557.1	1.6609446190249952	1.3505333583699908e-12	AP003557.1
MAGEB17	1.9171258872298007	1.3542497943793197e-12	MAGEB17
FRG2B	-4.117595576222368	1.3544116917062985e-12	FRG2B
PPIAP51	1.608726287075177	1.3562833855882058e-12	PPIAP51
AL033519.2	2.9026701609606	1.3593976462108842e-12	AL033519.2
AC005089.1	1.525727106804008	1.367976625192137e-12	AC005089.1
RBMS3-AS2	1.7190224315961866	1.3698353999042637e-12	RBMS3-AS2
AL355493.1	-2.1706954113385715	1.3886113225996073e-12	AL355493.1
MICG	3.052803647808864	1.3986142653641077e-12	MICG
AP001610.2	1.5744229109570942	1.4066788677412577e-12	AP001610.2
IGHV3-21	1.9916499000777048	1.4144756238397709e-12	IGHV3-21
HNRNPMP1	2.660149862072488	1.415142202996779e-12	HNRNPMP1
AC121251.1	2.910484712437972	1.4214691362607917e-12	AC121251.1
LINC01727	-1.6536024361426838	1.422728132130941e-12	LINC01727
AC132938.2	1.9582397887990104	1.4415757762372966e-12	AC132938.2
AC124303.1	1.5469603181550144	1.4442295032568998e-12	AC124303.1
AL590282.1	1.6134312769340136	1.456037118748324e-12	AL590282.1
AC023049.1	1.6427992921510943	1.4699409713083513e-12	AC023049.1
LINC00578	1.0872027264991722	1.4720425637175605e-12	LINC00578
TBX18-AS1	2.4094719646998866	1.4741640683951237e-12	TBX18-AS1
NALCN-AS1	2.7993680576441524	1.483034480638256e-12	NALCN-AS1
AC008663.1	3.6017795263431034	1.4857170034349165e-12	AC008663.1
AC132154.1	2.0394811413718235	1.4986038042445538e-12	AC132154.1
AC091133.6	1.332023428917242	1.5126423914663566e-12	AC091133.6
ZIM2	-1.5880819627280631	1.5250177909295949e-12	ZIM2
NKX2-3	3.05902914622234	1.5441095764381477e-12	NKX2-3
RN7SL145P	1.4195529111144616	1.5528487464039976e-12	RN7SL145P
AL138963.1	1.725723428463718	1.559185517648964e-12	AL138963.1
LINC00165	2.312839822160345	1.5688657730343357e-12	LINC00165
IGKC	1.9727045486107608	1.5791985886054582e-12	IGKC
STEAP3	1.4407587918058682	1.5833439706500125e-12	STEAP3
AC022296.4	2.315252790633006	1.5952374192103865e-12	AC022296.4
LPAR4	1.1898310962404786	1.6009823479220862e-12	LPAR4
TYR	1.8522322704367584	1.6057748195169248e-12	TYR
AL035467.2	-3.656614448794176	1.6127816356778601e-12	AL035467.2
ASS1P2	1.1155437052561696	1.6157931609661324e-12	ASS1P2
AL110292.1	-1.5512793211378628	1.6199424992315828e-12	AL110292.1
AP003064.2	1.8464514049274077	1.6278730149154459e-12	AP003064.2
AL132657.2	3.0195096233576875	1.6326901251783542e-12	AL132657.2
AQP5	-2.492222756318472	1.6591133671435362e-12	AQP5
C1orf141	-2.039403972664719	1.6856088946342945e-12	C1orf141
ETNPPL	-2.4404315660041265	1.690886487881245e-12	ETNPPL
AC254562.1	1.292093444100309	1.6980969977754513e-12	AC254562.1
AC002094.5	1.6978175168812135	1.6984727124356969e-12	AC002094.5
AC027796.2	1.497429457453038	1.7038268540659908e-12	AC027796.2
AC016597.1	1.7004751791380144	1.708660637747026e-12	AC016597.1
AC022092.1	2.790693838576196	1.719249683360329e-12	AC022092.1
AP002852.1	2.411802930756227	1.7249246074791996e-12	AP002852.1
RNU6-407P	2.495632090678224	1.732876957674313e-12	RNU6-407P
LINC00457	-2.8682174002187266	1.735590584409973e-12	LINC00457
RN7SL15P	1.978183419996198	1.7457051004573225e-12	RN7SL15P
AL136126.1	1.194562676847686	1.7543984360817976e-12	AL136126.1
TMPRSS11D	1.7901860452044571	1.7606775675443725e-12	TMPRSS11D
CD44-AS1	1.7598754108322396	1.7620135916573069e-12	CD44-AS1
MIR5188	2.0658079644066536	1.7646636019555201e-12	MIR5188
IGHV1-18	2.027756657499958	1.7712793721321997e-12	IGHV1-18
NKAIN3	-1.985539745498096	1.7806821400159345e-12	NKAIN3
GUCY1B2	2.286352553408247	1.7888559044070446e-12	GUCY1B2
AL132712.2	1.0105494791806648	1.7902889226364021e-12	AL132712.2
AC006970.1	-1.304649943996243	1.7912042383716966e-12	AC006970.1
PON3	-1.4290667019846786	1.7975473552755772e-12	PON3
AC020917.2	3.077145693231357	1.814791935261233e-12	AC020917.2
ATP5MC2P3	2.793466919768452	1.823342432313012e-12	ATP5MC2P3
PDGFRL2P	1.3691232366485775	1.843337914616639e-12	PDGFRL2P
LAMC2	-1.6099910645795918	1.849356808267452e-12	LAMC2
UNC13C	-2.157250871503125	1.8501072058746707e-12	UNC13C
LPA	-2.0165866959234915	1.8501072058746707e-12	LPA
LINC02656	1.1323396845552816	1.8697015975643644e-12	LINC02656
C5orf64-AS1	-2.028753632406712	1.870657014664818e-12	C5orf64-AS1
FOLH1	1.02765859648418	1.9010210991418503e-12	FOLH1
AC093752.2	1.6481088528172931	1.9410319669249657e-12	AC093752.2
IGKJ5	2.6382363478918918	1.941828703292212e-12	IGKJ5
WFIKKN1	1.294880342528213	1.941828703292212e-12	WFIKKN1
ACTN3	1.5243893148658672	1.949310884540068e-12	ACTN3
PCDHB17P	1.403339063792182	1.9509509178013743e-12	PCDHB17P
AC016252.1	1.762363976594267	1.9584108393641024e-12	AC016252.1
AC012508.1	1.7006055260627997	1.961789166209135e-12	AC012508.1
IGLV3-10	2.115164973912042	1.97418881932882e-12	IGLV3-10
IGSF9	-1.5714232971944222	1.992615347089549e-12	IGSF9
NAIPP4	1.0731710005920907	1.993585554791789e-12	NAIPP4
ATP6V1B1	-2.5664792635284783	2.0256934331413345e-12	ATP6V1B1
OR7E90P	-3.1070249538776733	2.035147583440609e-12	OR7E90P
AP001350.1	1.6443828445838309	2.0371943159893897e-12	AP001350.1
AKR1C5P	2.1196570665015697	2.039882326518572e-12	AKR1C5P
CMTM2	1.018665109591616	2.0424797612560628e-12	CMTM2
MIR3659HG	1.5243732819321043	2.0436406299024187e-12	MIR3659HG
AC018797.3	1.1344079087286798	2.049396927248853e-12	AC018797.3
GRK7	1.5418835226791994	2.05093925915535e-12	GRK7
MS4A2	1.2603860249317227	2.0579645186773226e-12	MS4A2
NFIA-AS1	1.5137951211235914	2.0710940612907186e-12	NFIA-AS1
ZSCAN5DP	1.8435825362790392	2.07483803652242e-12	ZSCAN5DP
AC087286.2	1.4058278140660736	2.076965291702612e-12	AC087286.2
AC007326.2	3.196688297427245	2.080440185992649e-12	AC007326.2
ENPP7P7	1.590423001560395	2.0843582930414974e-12	ENPP7P7
ALDH1A3	-1.3055939194487416	2.087802245121988e-12	ALDH1A3
AC007216.2	1.6063940910870471	2.096886268844659e-12	AC007216.2
AL157770.1	1.4602483545203528	2.1016456956428903e-12	AL157770.1
AL121935.3	-1.9769883878967256	2.11670602791166e-12	AL121935.3
AC011491.2	2.009818684594366	2.120053013223709e-12	AC011491.2
CACNB4	-1.3792615553909242	2.1235035559030525e-12	CACNB4
CDC37P1	2.0304339760978456	2.134562219812957e-12	CDC37P1
RNU7-75P	2.481349778140361	2.146681139418313e-12	RNU7-75P
RPL12P15	1.3925335646804329	2.1597099749323084e-12	RPL12P15
GRB14	-1.3211158923393065	2.171520746257125e-12	GRB14
AKR1C7P	1.354907845054391	2.187811413415627e-12	AKR1C7P
NUCB1-AS1	2.128098356612505	2.187834659283541e-12	NUCB1-AS1
AC019226.2	2.274132877349556	2.1904079409472245e-12	AC019226.2
NCAN	1.838733029036666	2.1991877110419814e-12	NCAN
AC245041.2	3.0834992224477493	2.204820957465404e-12	AC245041.2
MIR4258	1.2181472335059165	2.2162869925792738e-12	MIR4258
AC092954.1	2.180294052804483	2.2201562879209578e-12	AC092954.1
LINC00102	2.021596202715701	2.2234015020984397e-12	LINC00102
LDHAP7	1.353966649957944	2.240814592185857e-12	LDHAP7
Z93943.1	1.393740697778015	2.2690429629277124e-12	Z93943.1
AC008592.1	2.2057196058252244	2.291561933582982e-12	AC008592.1
ALPI	2.4495749654861174	2.302055360086052e-12	ALPI
SNORA70F	-1.4261340830583231	2.330971335493768e-12	SNORA70F
LINC02029	2.015098310133882	2.341923533777602e-12	LINC02029
AC113615.2	3.3069540553057157	2.347351107299505e-12	AC113615.2
SLC7A3	-2.476562811727397	2.3510111749036762e-12	SLC7A3
AC108066.2	2.148065900284982	2.3583930874908705e-12	AC108066.2
FREM3	-1.5238623738605157	2.376175971443153e-12	FREM3
LINC02436	-2.1896163527001047	2.3794715897217097e-12	LINC02436
AL133245.1	1.634739185892134	2.3892191167132304e-12	AL133245.1
AC004817.4	2.84525104269728	2.4077972415505584e-12	AC004817.4
ATP2B3	-2.4431884278883014	2.4300461349178413e-12	ATP2B3
AC092162.1	2.035556803273643	2.4346018839862256e-12	AC092162.1
AL353803.5	1.659501892347415	2.463102112271645e-12	AL353803.5
BLZF2P	3.0462801389261664	2.48718091904254e-12	BLZF2P
NEU4	-1.7309708502983685	2.498486234121775e-12	NEU4
APBA2	1.2572533615542645	2.4986847752430444e-12	APBA2
AC099522.1	-1.8792997445485395	2.498920681479338e-12	AC099522.1
AC007406.1	1.6006169613952006	2.5080938367517786e-12	AC007406.1
BRICD5	1.1358318211374543	2.526135649596227e-12	BRICD5
RNU6-689P	1.59455419691611	2.535349147297324e-12	RNU6-689P
PCDH7	-1.3561676706332424	2.5399944273697106e-12	PCDH7
AC141586.4	1.5350205544170716	2.540656500235626e-12	AC141586.4
TRAV38-2DV8	1.4859748228580396	2.540875442457823e-12	TRAV38-2DV8
AC009951.5	3.026033567121789	2.544660803715975e-12	AC009951.5
PCDHB16	1.095388577504126	2.564893128282025e-12	PCDHB16
RHD	1.359579497112143	2.5776363845557106e-12	RHD
RPL26P27	1.4871782516721654	2.5917775621194447e-12	RPL26P27
LINC00112	2.3202954832705784	2.595196875424405e-12	LINC00112
LINC02223	3.7660079199795895	2.621777939648885e-12	LINC02223
MIR6774	2.62529826214914	2.624201616295333e-12	MIR6774
LINC01460	-1.7726501804199404	2.630209081063117e-12	LINC01460
RNU6-759P	3.0452462607430277	2.6354061475252947e-12	RNU6-759P
WIF1	-2.0048338910908226	2.6390412984085857e-12	WIF1
AC012464.3	1.2287866718920009	2.640116361870981e-12	AC012464.3
PHACTR3-AS1	3.3539619593879038	2.6499177705726026e-12	PHACTR3-AS1
AC068050.1	3.143171700797181	2.654844944180437e-12	AC068050.1
STK33	-1.645266223584236	2.6733150739479104e-12	STK33
MAP6D1	1.079619883831087	2.67780315719081e-12	MAP6D1
LINC02533	2.479522842220624	2.6896109334035185e-12	LINC02533
MIR4257	2.8085449970845517	2.693767583448491e-12	MIR4257
BRDT	2.345565083030873	2.7112755055172038e-12	BRDT
AC022217.3	1.1866414829872185	2.7417655982992672e-12	AC022217.3
AGAP10P	1.1005888035881204	2.751176149054103e-12	AGAP10P
AC145285.1	1.0957233914247693	2.755006740398616e-12	AC145285.1
AC005014.4	1.4155875271642064	2.756503831244577e-12	AC005014.4
RNU6-90P	2.3844661532866733	2.7902600099081336e-12	RNU6-90P
AL139246.1	1.9962515729444137	2.7914340411981935e-12	AL139246.1
AC104078.1	1.8287272790078652	2.7916920966267043e-12	AC104078.1
AJ009632.2	1.595072608879009	2.791794451796763e-12	AJ009632.2
AL157871.5	1.21924445386005	2.8136133130755384e-12	AL157871.5
LINC00595	1.5907744042933485	2.831367214648168e-12	LINC00595
BTBD18	1.120884291891813	2.8560278968483767e-12	BTBD18
HCG14	-1.1383655180803929	2.8672664854436324e-12	HCG14
AL136115.2	1.6736437855551611	2.8863545694334395e-12	AL136115.2
AL157871.3	1.477444302042817	2.908136542478712e-12	AL157871.3
FGF12-AS3	1.78844037474256	2.9112159032832146e-12	FGF12-AS3
SMIM24	-1.2976992712430344	2.916447519278825e-12	SMIM24
AC006042.2	1.3637545567244571	2.9275584230841447e-12	AC006042.2
AL590483.1	2.2594636539911344	2.9385544268173788e-12	AL590483.1
AC145098.2	1.3421009451706427	2.9962766697723255e-12	AC145098.2
AC114730.2	2.2600947597997574	3.0108294874451978e-12	AC114730.2
IGFL1P1	4.086976674867879	3.0409770110690253e-12	IGFL1P1
GDAP1L1	1.676152540216323	3.058043998730241e-12	GDAP1L1
AL136234.1	-1.9121750683977343	3.0734302685284106e-12	AL136234.1
AC091153.2	2.8407268531530527	3.0736027888443488e-12	AC091153.2
AL391095.3	1.6264615676920051	3.0857659867696906e-12	AL391095.3
COL14A1	-1.21879497460157	3.1031614998404688e-12	COL14A1
AC108210.1	2.206811925095248	3.1211799377786866e-12	AC108210.1
PARD3-AS1	1.1419449047822072	3.1258483858462038e-12	PARD3-AS1
AC092134.3	-2.023421047609074	3.1394912260282936e-12	AC092134.3
AC243654.2	2.043313564602414	3.143193130922356e-12	AC243654.2
AC005730.3	1.640515115245452	3.1456719200331392e-12	AC005730.3
DNAJB3	1.8563380031489067	3.146748670253492e-12	DNAJB3
AC084026.1	3.275824871549386	3.154754328881779e-12	AC084026.1
AL009181.1	1.993868012414841	3.1837976656430097e-12	AL009181.1
PPP1R8P1	1.6502614857544786	3.1857848327578807e-12	PPP1R8P1
RBM22P2	1.2184114937659136	3.187365711007785e-12	RBM22P2
RN7SL49P	1.6204104228628131	3.1967359532398306e-12	RN7SL49P
MMEL1	-1.4367805724587992	3.197688353177772e-12	MMEL1
AC017083.1	1.259203983848704	3.2020897534583097e-12	AC017083.1
OR7M1P	2.082109794693493	3.202777815033483e-12	OR7M1P
RNU6-282P	1.5900143707249343	3.204213565314341e-12	RNU6-282P
AC104232.1	-1.1323822864768307	3.2058634900229786e-12	AC104232.1
LINC02137	1.9659384761062717	3.2074129525529605e-12	LINC02137
CHODL	-1.6969059527533874	3.225006449440996e-12	CHODL
AC037193.1	2.573240307655638	3.226021204955569e-12	AC037193.1
CALCB	-1.59846134416366	3.2518964232646295e-12	CALCB
RN7SKP197	2.350675404413225	3.2527050416744867e-12	RN7SKP197
TMEM14EP	2.217386843501061	3.254281755340814e-12	TMEM14EP
LINC01833	-2.367457494060307	3.262020340807756e-12	LINC01833
IGLV3-12	2.1440808638259266	3.2664603863853386e-12	IGLV3-12
OR52P1P	2.479244577304592	3.283054747413661e-12	OR52P1P
AC093849.2	1.798534325897185	3.311081578967385e-12	AC093849.2
IGHV6-1	2.054142851174157	3.320197835842854e-12	IGHV6-1
EEF1A1P30	1.046414894915415	3.3520205839895497e-12	EEF1A1P30
ASIP	1.5787957865380766	3.355996438799489e-12	ASIP
PAPPA-AS2	1.6412407959860786	3.363189584218705e-12	PAPPA-AS2
AC244033.1	1.594075608862727	3.366011593891021e-12	AC244033.1
AC079382.2	-2.5047051938277733	3.409049768442937e-12	AC079382.2
AL358394.1	2.6872864469436832	3.468729506942903e-12	AL358394.1
AC013460.1	-1.2096726031416007	3.4922454058475857e-12	AC013460.1
GPR37	1.6964735032939091	3.4926166879952185e-12	GPR37
IGHV4-4	2.0878076530884764	3.503320345972072e-12	IGHV4-4
AC104365.1	2.3724046464434667	3.591952000205225e-12	AC104365.1
EIF3KP1	1.158933912050556	3.6013980144144813e-12	EIF3KP1
CLIP1-AS1	2.1817590286854407	3.602748499844519e-12	CLIP1-AS1
AC091214.1	-1.0991318679426778	3.6036538264777114e-12	AC091214.1
CADM2	-2.1033630468895512	3.613969729458791e-12	CADM2
GLRX5P2	1.7350590695475892	3.615532418219772e-12	GLRX5P2
CPLX1	1.0225079894968907	3.625356104587986e-12	CPLX1
NPIPA5	1.3155661061996191	3.625470441144999e-12	NPIPA5
AC013474.1	1.4635083236506723	3.641138508140029e-12	AC013474.1
FGF9	-2.973137068745769	3.645925152244518e-12	FGF9
AC008676.3	1.6287198374961325	3.6612914305935295e-12	AC008676.3
AC087318.1	3.885072540723858	3.663882899558656e-12	AC087318.1
RNU6-190P	2.226879723355724	3.7406359560258906e-12	RNU6-190P
AC110619.1	-1.6393621805489835	3.757665718513753e-12	AC110619.1
ATP2C2-AS1	1.245931390953225	3.771082327512592e-12	ATP2C2-AS1
AL009178.2	-1.2256770954456373	3.839629448855163e-12	AL009178.2
AC006946.1	1.869682879138577	3.890631916849714e-12	AC006946.1
PLAC9P1	-1.7510947413601612	3.910640632304721e-12	PLAC9P1
AL445433.2	3.1627895544410616	3.919101026992946e-12	AL445433.2
MYL3	-1.2885179826541944	3.96415236150185e-12	MYL3
NSA2P6	2.744510873112458	3.981341553435594e-12	NSA2P6
AC004522.2	-2.5951682003117464	4.031389458096397e-12	AC004522.2
LRRC37A7P	1.5291943052100216	4.0417205711995706e-12	LRRC37A7P
AC012150.2	2.8671330117050595	4.063207029444459e-12	AC012150.2
CHRNA5	1.1851866914090534	4.065375658389201e-12	CHRNA5
PPIAP40	1.5978719133674828	4.067147666287274e-12	PPIAP40
AC098869.2	1.2111820405276743	4.070682085919471e-12	AC098869.2
LINC02626	2.2364117320564483	4.077238906500431e-12	LINC02626
FOXQ1	-1.0910404534061138	4.089611544009008e-12	FOXQ1
AC011471.2	3.5821897658781205	4.091025087892088e-12	AC011471.2
AC061975.6	-3.477872424878554	4.100639670760824e-12	AC061975.6
ZNF847P	2.6165415165493315	4.105142423333031e-12	ZNF847P
AC048387.1	3.877433633333823	4.13044808529335e-12	AC048387.1
PRICKLE2-AS3	1.5902568455482426	4.136871540144845e-12	PRICKLE2-AS3
U7	-1.0740727781020305	4.149747663839319e-12	U7
IGLV10-54	2.304072768876845	4.15546144692893e-12	IGLV10-54
AC012358.1	1.3903879033584368	4.170302625097906e-12	AC012358.1
ARLNC1	2.5042258075072867	4.181346669051538e-12	ARLNC1
AC016894.1	1.9711600028818133	4.181451160377621e-12	AC016894.1
ODCP	1.23012690512749	4.209226551688004e-12	ODCP
JMJD7	1.29003411691209	4.213050126925304e-12	JMJD7
AC068790.6	1.7825722208198946	4.248273405997907e-12	AC068790.6
AL353743.3	1.457307134995076	4.260893796312293e-12	AL353743.3
MTCO3P43	1.828349276646372	4.261587474148245e-12	MTCO3P43
OR2B11	1.2680152317632014	4.268194498075248e-12	OR2B11
CFL1P5	1.0984624163362406	4.375354091107276e-12	CFL1P5
AC015914.1	2.118046712555639	4.4005065244525904e-12	AC015914.1
AC093787.2	-1.537184758388429	4.405804306375276e-12	AC093787.2
SNORA7B	1.393043791360964	4.413150704505352e-12	SNORA7B
SMIM3	1.155224070635042	4.45429290789696e-12	SMIM3
FTH1P4	1.1784558056040682	4.589154792426952e-12	FTH1P4
PITPNM2-AS1	1.4667601708120148	4.590631400567079e-12	PITPNM2-AS1
AP001992.2	1.43174750090564	4.595342566002584e-12	AP001992.2
SPACA6P-AS	1.3452661751169932	4.598821521488635e-12	SPACA6P-AS
AL359881.2	1.473707621057773	4.608292817829837e-12	AL359881.2
AC093424.1	1.4479344819483335	4.61133250894358e-12	AC093424.1
SMIM22	-2.0342282469193185	4.6244151449953184e-12	SMIM22
AC007998.4	1.6180202172875222	4.651951765724001e-12	AC007998.4
AC004975.1	1.4533067947288725	4.695166406240117e-12	AC004975.1
IL7R	1.1511476602582011	4.716992315389858e-12	IL7R
AC067931.2	2.5444509276842333	4.733162536373236e-12	AC067931.2
GLIS3-AS1	-1.643712298927382	4.8039790127596795e-12	GLIS3-AS1
GAPDHP21	1.7673340416978678	4.847618246386923e-12	GAPDHP21
CSMD2	1.0071375374972094	4.852615510989748e-12	CSMD2
KRT73	2.1668623641094	4.921914412128534e-12	KRT73
SLC10A1	1.7465903256568758	4.940142793286436e-12	SLC10A1
AC023590.1	1.6898226167337025	4.941408801705639e-12	AC023590.1
MIR509-1	2.9687339350683803	4.947425458585621e-12	MIR509-1
PLA2G2C	1.1263427280453573	4.987921180105586e-12	PLA2G2C
GAPDHP47	2.7095007584479447	4.989238131862241e-12	GAPDHP47
AC128685.1	4.554827556431971	5.017418823921981e-12	AC128685.1
AL121890.2	2.0633096510123505	5.094037512242078e-12	AL121890.2
AC007292.3	1.9269144521849	5.094792520999141e-12	AC007292.3
ASS1P10	1.243304742818692	5.098179741090776e-12	ASS1P10
AL161672.1	2.449604654376126	5.1412405186365536e-12	AL161672.1
DSCAM-AS1	4.627366335523681	5.16212057192825e-12	DSCAM-AS1
AC113414.1	-1.312453366385096	5.16648126127833e-12	AC113414.1
CCDC177	2.4838429915496603	5.177703988419794e-12	CCDC177
AC105219.1	2.7586391469620484	5.24820115199587e-12	AC105219.1
AC011444.4	2.417317837775942	5.270538314118892e-12	AC011444.4
IGHV3-33	2.0232240276669224	5.324907748159502e-12	IGHV3-33
AC096719.1	1.5942197048445002	5.384761129933974e-12	AC096719.1
AL356966.1	1.397829193329397	5.394358910995122e-12	AL356966.1
AC092306.1	-1.907046017377821	5.4010493437772256e-12	AC092306.1
BAIAP2L2	1.166137497001183	5.432759935952871e-12	BAIAP2L2
AL365394.1	-2.8882302309681127	5.443723303149581e-12	AL365394.1
AC024937.1	1.5236684794426891	5.4633500668809894e-12	AC024937.1
AF001548.3	2.0344722113318885	5.474202775387361e-12	AF001548.3
AP000942.1	1.59511582727156	5.5019674984146934e-12	AP000942.1
AC012404.1	2.4572351117152027	5.521432174494202e-12	AC012404.1
AC009754.1	1.6075718172669369	5.523829433732776e-12	AC009754.1
AC058791.1	1.5805238061268732	5.59705719414925e-12	AC058791.1
AL139421.1	1.3725165740962229	5.632786930402498e-12	AL139421.1
TATDN2P1	3.0659345673772704	5.658124178822922e-12	TATDN2P1
LINC02860	1.8359973253507664	5.701541556756336e-12	LINC02860
AC104564.1	1.385082088783136	5.729974470054742e-12	AC104564.1
GAPDHP51	3.0931773906059448	5.733198432166992e-12	GAPDHP51
CHL1-AS2	-3.1902923796998883	5.809970136034661e-12	CHL1-AS2
PXK	-1.01818872956999	5.966408644095524e-12	PXK
IGKV1-17	1.985028546544246	6.031879052135423e-12	IGKV1-17
ADAMTSL4-AS1	1.404872395697873	6.0406171938105695e-12	ADAMTSL4-AS1
WASF3-AS1	3.629658853598937	6.047019786956352e-12	WASF3-AS1
AL110115.1	2.16216498592589	6.048730519921383e-12	AL110115.1
AJAP1	-1.187665142912374	6.0522408907055036e-12	AJAP1
IGHJ4	2.358691448647559	6.054471609310216e-12	IGHJ4
GPR45	1.52766282380852	6.0589001783816756e-12	GPR45
SAA4	3.808026701957101	6.0601108817495254e-12	SAA4
AL359740.1	1.8711390587463683	6.067666793703021e-12	AL359740.1
ALG1L13P	1.020300113293485	6.082277964774779e-12	ALG1L13P
NEURL3	-1.0111196162575409	6.097391304484908e-12	NEURL3
IGHV5-10-1	2.455920477430052	6.126240927514741e-12	IGHV5-10-1
GABRG2	3.152667382540337	6.133388372781146e-12	GABRG2
LINC01305	3.048774591304291	6.15853144898109e-12	LINC01305
PRSS44P	-1.5423917053556668	6.1974728012639015e-12	PRSS44P
LINC02728	1.152345159170549	6.235529677722916e-12	LINC02728
PPIAP90	1.890593350999061	6.242971048140646e-12	PPIAP90
RPS20P2	1.892217997871008	6.308139430967157e-12	RPS20P2
LINC02156	1.9606976848150093	6.311279834327406e-12	LINC02156
CCDC39	1.0456869889314695	6.353578605916709e-12	CCDC39
AC087742.1	1.3681431191569222	6.362855524295921e-12	AC087742.1
ST14	-1.2417583518046886	6.41415261021009e-12	ST14
AP003472.2	2.1146412920081725	6.504580339900788e-12	AP003472.2
RPL6P6	1.5072421907013371	6.5050664129374e-12	RPL6P6
AC124066.1	1.3471217643916302	6.524738753767482e-12	AC124066.1
CARS1-AS1	2.102449225570117	6.576343029676544e-12	CARS1-AS1
ODF3L1	1.0287403922719955	6.588242054089945e-12	ODF3L1
AC104984.5	2.8837790221327246	6.595236220491042e-12	AC104984.5
AC131254.1	2.622250140728611	6.637379497843654e-12	AC131254.1
AC135012.1	3.298606385294532	6.670464123184438e-12	AC135012.1
RYKP1	1.598101249833764	6.706226137482102e-12	RYKP1
AL031587.3	1.195458752392674	6.754571402915464e-12	AL031587.3
CELA2A	2.166961395922085	6.7572165677863285e-12	CELA2A
AC020913.2	2.596331482512292	6.768319335405696e-12	AC020913.2
LINC01771	2.1248712051846	6.781087015597668e-12	LINC01771
AC073641.1	1.9243339230931331	6.787992251553871e-12	AC073641.1
AC005326.1	2.9241934091734763	6.795133480168681e-12	AC005326.1
AL139124.1	1.3363097691445225	6.844027692436071e-12	AL139124.1
CERS1	1.7778318009622858	6.844027692436071e-12	CERS1
AL451081.2	1.355457099157687	6.933457811263685e-12	AL451081.2
AC068858.1	3.231680234783988	6.9395786578129905e-12	AC068858.1
UGT1A8	2.993965662832984	7.014934292135792e-12	UGT1A8
AC003682.1	1.8642187658963805	7.021504048626561e-12	AC003682.1
AC005383.1	-1.0329959797685049	7.030383288195759e-12	AC005383.1
LINC02636	1.7165614884476037	7.127051942335997e-12	LINC02636
MIR9-3HG	1.765358079294431	7.139316626561746e-12	MIR9-3HG
LINC02696	-1.0460858214843136	7.145009365720752e-12	LINC02696
AC018445.4	2.497834451640587	7.17224008741847e-12	AC018445.4
RPL17P34	1.0989044731621729	7.190619113961842e-12	RPL17P34
MYOD1	3.587912926891961	7.223973699831266e-12	MYOD1
AC103739.1	1.2874451521112766	7.293926304912595e-12	AC103739.1
CDRT15P1	1.0648996399440778	7.306751427397843e-12	CDRT15P1
BX842559.2	2.3834976208248726	7.395747642720602e-12	BX842559.2
AC099535.1	1.5287201993492805	7.423562159342494e-12	AC099535.1
OR7E100P	2.588117682602307	7.503597932001321e-12	OR7E100P
C12orf40	2.7665260080893863	7.566220856120203e-12	C12orf40
AL138847.2	-1.9207548919258213	7.603487735941337e-12	AL138847.2
AC005343.4	1.81778329893271	7.690437309386893e-12	AC005343.4
SMPD4P1	2.876951736264948	7.70317014026116e-12	SMPD4P1
FHAD1-AS1	-1.3374217894931106	7.770022712585719e-12	FHAD1-AS1
RNA5SP203	1.553251582469155	7.807295680838007e-12	RNA5SP203
AC026355.3	3.722858874260018	7.811743724185718e-12	AC026355.3
CLEC18C	1.716600095534639	7.829768496995849e-12	CLEC18C
UGT1A1	1.3079671205528227	7.867564504710229e-12	UGT1A1
LINC02812	1.5456124025170177	7.879491603461643e-12	LINC02812
AC069257.1	1.6688819660442582	7.891796947643807e-12	AC069257.1
KLK13	2.370843306531867	7.911952022525769e-12	KLK13
HAP1	-1.617093328945708	7.922048369514225e-12	HAP1
AC013451.2	-1.5703973898731003	7.935808754325804e-12	AC013451.2
AC016831.1	1.4645947375880115	7.947216654875935e-12	AC016831.1
AP003108.4	2.0063106895942244	7.964954179646479e-12	AP003108.4
FPR2	1.1726637404242728	8.037182287170733e-12	FPR2
AC008805.1	2.3386822408887604	8.119999251868733e-12	AC008805.1
AC122688.4	3.6065349312150654	8.169570798474283e-12	AC122688.4
TMIGD1	-1.403716756225483	8.20405782598482e-12	TMIGD1
ANKRD30BP3	3.010032224344565	8.248831092996783e-12	ANKRD30BP3
AC063977.5	2.124652172504637	8.357418465125836e-12	AC063977.5
AL096855.2	2.248957345046336	8.377910170894897e-12	AL096855.2
DINOL	1.348407013923827	8.390427140854648e-12	DINOL
PCDHB2	1.3270252844915964	8.448962614366106e-12	PCDHB2
AC003035.1	1.7877954285897926	8.463460955441611e-12	AC003035.1
RBFOX1	-1.813163305391411	8.481490616179429e-12	RBFOX1
IGKV1-16	1.988844779700868	8.490893163285482e-12	IGKV1-16
AC023509.6	1.704261204194768	8.528456858737387e-12	AC023509.6
AL162412.1	-1.0599679120439685	8.534135749491524e-12	AL162412.1
AC090948.3	1.081821511607544	8.540036426597647e-12	AC090948.3
CAV3	-2.004394548539519	8.574078409607596e-12	CAV3
B3GALT1	1.3085701273710204	8.603992719985364e-12	B3GALT1
AP000897.1	2.839735337955519	8.623896715891287e-12	AP000897.1
AC010998.2	1.5228334913609716	8.632162997242703e-12	AC010998.2
AL122001.1	2.4072531580251435	8.632599640754982e-12	AL122001.1
CXXC4-AS1	1.2763813916822764	8.646967501128715e-12	CXXC4-AS1
AC073439.1	1.456227434563616	8.655868858926885e-12	AC073439.1
CCDC8	-1.32443030114271	8.813207990689494e-12	CCDC8
GULOP	1.3487707046975856	8.858560105763647e-12	GULOP
XXYLT1-AS2	1.372368432795649	8.908452282904971e-12	XXYLT1-AS2
RPL6P7	2.7578064323018525	8.91655121581675e-12	RPL6P7
AL512506.3	1.849255367981285	8.945117871825298e-12	AL512506.3
AC013356.3	2.0075650961966334	9.100013784965738e-12	AC013356.3
BX537318.2	1.4074892250488775	9.125197486106458e-12	BX537318.2
AC233280.1	1.5010998810272802	9.127901644940143e-12	AC233280.1
HLA-S	1.6871315495196797	9.193481224954731e-12	HLA-S
BIK	-1.3102460310186934	9.215121390418626e-12	BIK
HRAT92	1.1130637115170168	9.22238488261068e-12	HRAT92
SEPTIN9-DT	1.4381728832171077	9.277465299993264e-12	SEPTIN9-DT
ACAP2-IT1	1.151779188780166	9.303502117044651e-12	ACAP2-IT1
AC005696.3	1.489252680863353	9.360093445220552e-12	AC005696.3
AL031736.2	2.2319324184303206	9.366224715925724e-12	AL031736.2
PLCB4	1.0736207890983642	9.423506750961772e-12	PLCB4
AC011824.2	-1.846411502641153	9.425075312584982e-12	AC011824.2
AC010525.1	1.5886779104085178	9.43181764790706e-12	AC010525.1
KRTAP17-1	-2.18125706271819	9.482104410711306e-12	KRTAP17-1
ZDHHC22	1.8218032503364447	9.493326497542823e-12	ZDHHC22
COL4A2-AS2	1.5396964785819596	9.532388396003235e-12	COL4A2-AS2
OPN1SW	2.6205940473877054	9.551845972084005e-12	OPN1SW
LINC01193	2.070895009266444	9.6664802907536e-12	LINC01193
HNRNPA3P9	1.0938249339842812	9.692062861411712e-12	HNRNPA3P9
XKR3	2.08436053322602	9.700206044592619e-12	XKR3
AC011369.1	3.089673424048881	9.701059990166006e-12	AC011369.1
KRT17P8	1.7902906391248057	9.902507835625226e-12	KRT17P8
AC020911.1	1.6122787146324815	9.9539895617994e-12	AC020911.1
AC016831.4	2.216442296907316	9.993308360313468e-12	AC016831.4
AC025287.4	1.4411879660969984	1.0005724289718875e-11	AC025287.4
RN7SKP26	2.340146717185677	1.0015123161716969e-11	RN7SKP26
STK25P1	-1.3264198925529376	1.0022016928789432e-11	STK25P1
AC073320.1	1.696145785312101	1.009547726033028e-11	AC073320.1
MRGPRF-AS1	-1.7874129474662084	1.011905879075323e-11	MRGPRF-AS1
RPS27AP10	2.2777863491508303	1.0154210954972092e-11	RPS27AP10
BHMT	-1.287572247010213	1.0157262476935322e-11	BHMT
AP003170.1	1.2189621043798329	1.0217846809401626e-11	AP003170.1
MNX1-AS1	3.0281267709249766	1.0276011364159122e-11	MNX1-AS1
AC130650.1	2.667289550187795	1.030391159659694e-11	AC130650.1
AC010624.5	-1.0506138075585698	1.0328144176917924e-11	AC010624.5
SPDYE17	2.3900898038356564	1.036425643589908e-11	SPDYE17
AL158071.2	1.0135140606200617	1.0394107139636543e-11	AL158071.2
GSTA8P	2.661194199566254	1.0396853555261864e-11	GSTA8P
LINC01572	1.2079559104579995	1.0435850993345498e-11	LINC01572
AP003170.3	1.634033129044871	1.0477193327927706e-11	AP003170.3
LINGO1-AS1	2.2935105768906583	1.0512898980539034e-11	LINGO1-AS1
AC007220.1	1.158004046070309	1.0514451941192146e-11	AC007220.1
PLPPR3	1.8501077996705595	1.057334869057549e-11	PLPPR3
TAS2R31	1.2597995146883083	1.0586920581738836e-11	TAS2R31
AL031284.1	-1.090056270967408	1.065549429514938e-11	AL031284.1
AC093732.1	1.7704282508639122	1.0661590787212676e-11	AC093732.1
AL031651.1	2.2519085604316063	1.0672954347629176e-11	AL031651.1
MAGEA10	3.4590254530155105	1.0713251938255988e-11	MAGEA10
AC108519.1	-1.022242964408981	1.0715780918553153e-11	AC108519.1
TRBV11-1	2.4836955310034665	1.0723788036046308e-11	TRBV11-1
MRPS18AP1	1.8603279767282792	1.0746169953580218e-11	MRPS18AP1
AC087301.1	1.402584673568217	1.0853562210266151e-11	AC087301.1
AC008074.1	2.018156982202456	1.0858512525960531e-11	AC008074.1
AC117498.2	1.75103526016143	1.1172197878359853e-11	AC117498.2
AC016245.2	2.244024899634366	1.1252223825751891e-11	AC016245.2
RPL12P21	2.3303634995856397	1.1275298038430374e-11	RPL12P21
AL357079.2	-1.348269778656643	1.135828737209755e-11	AL357079.2
AC023510.1	1.997434641081326	1.1502562148784224e-11	AC023510.1
MTUS2-AS1	2.9565417855231653	1.1603773985879224e-11	MTUS2-AS1
BTN1A1	1.11078406816893	1.163137678640197e-11	BTN1A1
AC114341.2	1.9758808659719869	1.1674423604509216e-11	AC114341.2
AC079880.2	1.4336996055903006	1.170180908228284e-11	AC079880.2
TRPV3	1.3127965047821255	1.1705724815777796e-11	TRPV3
AC093577.1	1.899353338301475	1.1801742785528934e-11	AC093577.1
CYP1B1	-1.2796255662158489	1.1836348718525746e-11	CYP1B1
HACD1	-1.0769054317219378	1.1971032331786027e-11	HACD1
AL080275.1	1.6915763538143362	1.1974141036547944e-11	AL080275.1
AP000802.1	2.322519293546816	1.1981538717843934e-11	AP000802.1
HAPLN2	1.1523690509054043	1.2007490680520412e-11	HAPLN2
VGLL3	-1.3132592304178048	1.2117725198072216e-11	VGLL3
AC092809.2	1.0704755917842856	1.2139327600998855e-11	AC092809.2
AC079781.3	1.7785318863197577	1.2339622570062036e-11	AC079781.3
AC023830.1	1.1849867150315856	1.237717768474616e-11	AC023830.1
AC126177.5	-2.1242133121743607	1.2390266917246518e-11	AC126177.5
HAO1	-3.2524817867497857	1.2576384488353116e-11	HAO1
AF064858.2	2.044378497026732	1.2579721016727195e-11	AF064858.2
MNX1-AS2	2.793358529025747	1.26308105681832e-11	MNX1-AS2
AC004466.3	1.425932081797268	1.2646033850164712e-11	AC004466.3
CRIP3	1.2316845362820776	1.279040549923644e-11	CRIP3
RASAL1	-1.0631330137458903	1.2834644511514004e-11	RASAL1
AC006480.1	1.9160422398879853	1.297769900050285e-11	AC006480.1
AC009087.1	1.4262267598532945	1.3009331694026754e-11	AC009087.1
PCDHGB7	1.2510870983319071	1.3019145695247303e-11	PCDHGB7
SLC25A2	1.7296232015815136	1.3294778648154976e-11	SLC25A2
RN7SL118P	2.13516709516433	1.3358475950037023e-11	RN7SL118P
RPL17P26	1.832121140307452	1.337302241020105e-11	RPL17P26
AC007608.4	2.6162473963767545	1.350801360793144e-11	AC007608.4
ACTL8	4.292510343587329	1.3554978448159063e-11	ACTL8
AP001767.3	1.154863486825075	1.359367013299142e-11	AP001767.3
LINC01979	1.293631215672869	1.359367013299142e-11	LINC01979
MIR513C	3.103971886221102	1.3594066400295287e-11	MIR513C
AC073325.2	1.789852831752786	1.380035578363358e-11	AC073325.2
CPEB2-DT	1.155548822471273	1.3802900610325776e-11	CPEB2-DT
TBC1D29P	1.5844791572051409	1.3846899512886399e-11	TBC1D29P
CYB5AP2	2.30442549784298	1.3926853929201378e-11	CYB5AP2
CAMK1G	-1.0066694790426267	1.4013437045168366e-11	CAMK1G
TRPC5OS	-1.313194074932267	1.4078040277206648e-11	TRPC5OS
PCDH10	1.637896161570395	1.4082192634579842e-11	PCDH10
RPL7AP2	1.5361583504473408	1.4146097682671463e-11	RPL7AP2
ABCG8	-1.7664248400134632	1.4181410764676572e-11	ABCG8
AC010487.2	2.1235849474182764	1.4222171596266467e-11	AC010487.2
IFITM3P5	1.8939363672938037	1.4296309014283847e-11	IFITM3P5
STPG3-AS1	1.5402912285413717	1.4408330900524031e-11	STPG3-AS1
AC027020.2	1.0954525913258712	1.4417638372121754e-11	AC027020.2
RPL17P11	2.463848482155904	1.446152688944886e-11	RPL17P11
WFDC13	2.4061656749380016	1.449375389856598e-11	WFDC13
UGT2B17	1.8645765402121977	1.449375389856598e-11	UGT2B17
PLIN5	-1.386782605494304	1.4539333707066616e-11	PLIN5
NR4A3	-1.274734909086133	1.4616623614705578e-11	NR4A3
RTN4RL2	1.0260182345299045	1.468875800189567e-11	RTN4RL2
RPL37P12	1.2226405308510309	1.476962371772191e-11	RPL37P12
TTC3-AS1	1.5256094969539018	1.482823562004313e-11	TTC3-AS1
IGKV2D-29	2.044706898843069	1.4912820133879954e-11	IGKV2D-29
AL031770.1	2.160983206596004	1.4925430322965948e-11	AL031770.1
LINC01397	2.415538334980414	1.4946762880156153e-11	LINC01397
AC105052.5	-1.0104547527042378	1.4959434133933862e-11	AC105052.5
AC093898.1	-3.090650430010259	1.5038199951890964e-11	AC093898.1
AC051635.1	3.331174532121024	1.5119779876538703e-11	AC051635.1
AC093824.2	-1.722394537896013	1.5214717521257008e-11	AC093824.2
AC015961.1	1.2547699862403687	1.5308285562495423e-11	AC015961.1
HTRA3	1.0921491201465026	1.5450223196741702e-11	HTRA3
AC025430.1	1.3698588809582932	1.545785383178456e-11	AC025430.1
SLC13A5	-1.8990722166663383	1.5488994865443348e-11	SLC13A5
LRRN1	-1.721129287506539	1.5626188835070153e-11	LRRN1
NPM1P29	1.7303696495072014	1.5698580518633878e-11	NPM1P29
DMRT1	3.1486698123604464	1.570777870969773e-11	DMRT1
AC013726.1	1.973161493959686	1.5732491852749266e-11	AC013726.1
AC048380.2	1.5000793935025831	1.5813376432682965e-11	AC048380.2
CRHR2	1.296091726308806	1.5874642117073318e-11	CRHR2
AL603756.1	1.0142403822283472	1.594706906238183e-11	AL603756.1
RBBP8NL	-3.296478507649804	1.6349147249005484e-11	RBBP8NL
AC010619.2	1.733788096502641	1.6388594824358438e-11	AC010619.2
IGBP1P1	1.3089571857462847	1.6392637059365274e-11	IGBP1P1
AP000867.2	2.1984086029281644	1.6419161815877687e-11	AP000867.2
TAC1	-2.914161065728043	1.6469120330205387e-11	TAC1
AC009501.2	2.019141201976632	1.6524590403406044e-11	AC009501.2
AC022306.1	1.0517659716416283	1.6587679266102632e-11	AC022306.1
FSD2	1.2630412924795107	1.664871514729736e-11	FSD2
CATIP	-1.0262129352594642	1.6668431600268735e-11	CATIP
AC010149.1	1.3910456499231894	1.6821152070495055e-11	AC010149.1
LHFPL3-AS2	-1.3452097578951667	1.6886266332227347e-11	LHFPL3-AS2
AC027514.2	1.239063209159901	1.7127328453013038e-11	AC027514.2
LINC02596	-1.511399416069371	1.7220490154800488e-11	LINC02596
RPL11P1	2.184514613957038	1.7314295799155198e-11	RPL11P1
RNU6-1010P	2.1796772158299778	1.7487264159221582e-11	RNU6-1010P
CDC42P5	1.6278998581572568	1.750623996151043e-11	CDC42P5
BTNL8	1.0745973717756492	1.750623996151043e-11	BTNL8
AC078899.2	2.1536226920031702	1.7543283677697444e-11	AC078899.2
BACH1-IT2	1.0946221366104258	1.7664683884052555e-11	BACH1-IT2
AC093330.2	1.1663862593917709	1.767659280374785e-11	AC093330.2
RN7SL444P	1.9565814155032828	1.771630124689013e-11	RN7SL444P
AL138787.2	1.3005355486458603	1.7767073480184957e-11	AL138787.2
AC011726.1	2.25970771774157	1.779536793120389e-11	AC011726.1
AL355512.1	1.3512490862672306	1.7816016047769707e-11	AL355512.1
AL772337.2	-1.729547744901424	1.796202804304361e-11	AL772337.2
U2AF1L5	1.617612052386291	1.8010617556204734e-11	U2AF1L5
AC104843.1	1.2599045676373346	1.8250491169688035e-11	AC104843.1
FLRT2	-1.1508121178032698	1.8367856742566683e-11	FLRT2
MYMX	-1.4859618012944007	1.8382581090580234e-11	MYMX
AC061708.1	1.3940349992492689	1.849542183509144e-11	AC061708.1
SLC22A12	-2.047833509817279	1.8563304231704336e-11	SLC22A12
BDH2P1	-1.1850349011032295	1.8607193124524745e-11	BDH2P1
RPL10P9	1.784539948710696	1.871846003156213e-11	RPL10P9
AC010754.1	1.3127722503364778	1.8729502413148032e-11	AC010754.1
THEG	2.987048757661593	1.885345520335529e-11	THEG
AL136419.2	-1.4326068837763166	1.8941477484852415e-11	AL136419.2
AC092851.1	-3.414245093075395	1.8981190370385384e-11	AC092851.1
LINC00243	1.16576668340863	1.9079154343100747e-11	LINC00243
AL109806.2	1.8529621749190663	1.909853253305177e-11	AL109806.2
AC020937.1	1.5659130669323778	1.912586201199356e-11	AC020937.1
S100A12	1.304473513687599	1.9145346996228504e-11	S100A12
RNU6-1095P	1.443443786092669	1.915854549586464e-11	RNU6-1095P
LINC00482	1.305856286645135	1.9238693002944467e-11	LINC00482
AL356488.1	1.822004458132257	1.9262235556425277e-11	AL356488.1
AL078604.3	2.2907925036958	1.930324175257462e-11	AL078604.3
NUP210P3	2.01161366743078	1.934529227791044e-11	NUP210P3
CECR2	-1.4852631168337596	1.9496965353354355e-11	CECR2
KRT20	2.662390855346904	1.9579876475305565e-11	KRT20
LINC02241	2.799383494202828	1.9620828913894307e-11	LINC02241
SCARNA20	2.0545142888690604	1.9647012923940118e-11	SCARNA20
AC106801.1	1.964142656983896	1.968862059335143e-11	AC106801.1
HNRNPA1P54	1.2666283115471333	1.971843165545614e-11	HNRNPA1P54
SIGLEC6	1.1492033397259305	1.9792621310459816e-11	SIGLEC6
OR10H5	2.3377395076668943	1.985295954031188e-11	OR10H5
AC148477.4	-2.7022861574490977	2.005139757530732e-11	AC148477.4
AC087749.1	1.9672277425994644	2.00655231387544e-11	AC087749.1
AC097376.2	1.5077120152945975	2.013008933031224e-11	AC097376.2
CA4	-1.4868042937017507	2.0187158647099165e-11	CA4
PRICKLE2-AS1	1.763894879930704	2.0400627214421528e-11	PRICKLE2-AS1
AC022440.1	2.959798906276893	2.0486108975148794e-11	AC022440.1
ARL14EPL	-2.4342857533694384	2.0543551493349247e-11	ARL14EPL
AP000254.1	1.1193726567261335	2.0827042201353325e-11	AP000254.1
NUP58P1	2.9456131632909144	2.086286265502096e-11	NUP58P1
TMEM61	-2.8295893684812325	2.114044995495209e-11	TMEM61
KIAA0087	1.3697533309106495	2.1390037892596684e-11	KIAA0087
LINC02115	2.218981887090189	2.1635950218300448e-11	LINC02115
AC004840.1	2.6175983064471264	2.165682311536342e-11	AC004840.1
AC011008.1	-1.2381145451404272	2.1838473167463125e-11	AC011008.1
MIR186	1.121677294165607	2.18569873284127e-11	MIR186
AC126177.6	-2.16229538435686	2.1861181141332124e-11	AC126177.6
IFITM9P	1.196887598890573	2.2009849539003318e-11	IFITM9P
AL590822.2	1.6156490524333704	2.246860090432513e-11	AL590822.2
AC091729.2	1.7679675577161518	2.2610332752709856e-11	AC091729.2
AL136961.1	2.2063293610254227	2.2692400520731015e-11	AL136961.1
Z97192.1	2.440531623459096	2.2722206444629655e-11	Z97192.1
FAM9A	3.387216107692764	2.289739167052046e-11	FAM9A
AC005495.1	1.9914248503184493	2.2945307638181485e-11	AC005495.1
CYP51A1P3	2.013732487510051	2.3170550186449803e-11	CYP51A1P3
RASSF10-DT	-1.3797542208843765	2.3188853894504936e-11	RASSF10-DT
LINC01001	1.238344645407919	2.322893897981736e-11	LINC01001
RHAG	2.5768239197629774	2.3262892968349987e-11	RHAG
IL31RA	1.474565265011144	2.330383954151269e-11	IL31RA
AC233968.1	1.568279447576225	2.3342332008674817e-11	AC233968.1
H3C2	2.699595459211978	2.344110072784892e-11	H3C2
AP000654.1	1.8376340690649768	2.344670329797083e-11	AP000654.1
AC018647.3	1.2036877280370335	2.344670329797083e-11	AC018647.3
TBL1XR1-AS1	2.297279523962858	2.3562563155074012e-11	TBL1XR1-AS1
SCUBE1	-1.2702493244174866	2.3590152280064285e-11	SCUBE1
TAS2R64P	1.7397705494545146	2.3741479994218374e-11	TAS2R64P
SPOUT1	1.397713295721395	2.3821794147012613e-11	SPOUT1
SMG1P6	1.2768513333288647	2.404006956542716e-11	SMG1P6
RNU6-678P	1.8513052637088303	2.4199512126377692e-11	RNU6-678P
DTNB-AS1	2.147205048211976	2.434360319644679e-11	DTNB-AS1
MOG	3.0753097004947887	2.442994494432112e-11	MOG
SLCO5A1	1.2041062518825862	2.446984557862069e-11	SLCO5A1
IGKV3-11	1.9645201280664653	2.4494255695263827e-11	IGKV3-11
AL445465.1	2.8104458279544984	2.45122671127676e-11	AL445465.1
MKNK1-AS1	1.043495116391714	2.475573686365293e-11	MKNK1-AS1
HOXA11-AS	-1.2594952444658407	2.4763281746174448e-11	HOXA11-AS
RPS19P7	1.8376151472359483	2.4813756993061622e-11	RPS19P7
LTB	1.1166382171061386	2.4813756993061622e-11	LTB
NXF3	-1.1666701808544664	2.4889985468894825e-11	NXF3
GRID1-AS1	2.791483904729224	2.4905866703257136e-11	GRID1-AS1
PPP1R14B-AS1	1.3726848583816056	2.4918601737627868e-11	PPP1R14B-AS1
PNMA3	1.4125066710380891	2.5099847656489316e-11	PNMA3
RPL7P5	3.135275048414204	2.510180251251282e-11	RPL7P5
AP001531.1	3.288765328841021	2.529270026526392e-11	AP001531.1
MIR593	2.072599742620074	2.529270026526392e-11	MIR593
ATF3	-1.2167593323069623	2.549277860813872e-11	ATF3
CCDC150	1.1164999646724498	2.5501100150081044e-11	CCDC150
LINC01620	2.256429466000176	2.5653766084192588e-11	LINC01620
AL358876.1	2.641848524159557	2.5671683411998254e-11	AL358876.1
AL391987.4	-1.094756247331844	2.6083703824792097e-11	AL391987.4
GRIFIN	1.924218900301808	2.615389636245221e-11	GRIFIN
ANKRD33B-AS1	2.2779631837725	2.627138694263666e-11	ANKRD33B-AS1
LINC01215	1.1616759098502152	2.6420517109343637e-11	LINC01215
LINC00885	-2.3078132685133697	2.67158827259096e-11	LINC00885
GCOM2	1.13424991545266	2.6741953625383917e-11	GCOM2
AC017104.4	1.000561168387906	2.6800872588421995e-11	AC017104.4
AP000347.1	1.1310983007639954	2.6849594917945378e-11	AP000347.1
AC008740.1	2.1307706355490845	2.707596419027811e-11	AC008740.1
YBX2	1.3566336306813942	2.716065516977304e-11	YBX2
ASCL1	2.783930664868474	2.726074904932613e-11	ASCL1
AC114812.3	2.060664475364866	2.7297782876925152e-11	AC114812.3
AC007000.2	1.563515989910807	2.7314792265665918e-11	AC007000.2
AC046168.2	1.218207152558678	2.733075492598791e-11	AC046168.2
XIAP-AS1	2.9063046442155462	2.747982511975608e-11	XIAP-AS1
GGTLC5P	1.889680287796325	2.765187993861945e-11	GGTLC5P
AC005695.3	1.9142041943783956	2.81657563618196e-11	AC005695.3
TMEM272	1.1974427478777678	2.8226406160789728e-11	TMEM272
TEX41	1.3477093616489333	2.82557575615063e-11	TEX41
AC078962.1	3.005401826064292	2.831304528260482e-11	AC078962.1
AC034207.1	1.68708775411935	2.850830072002239e-11	AC034207.1
AC024267.5	1.799860266167714	2.85867608021432e-11	AC024267.5
HAGHL	1.4924949692450928	2.8634530032865663e-11	HAGHL
AL353746.1	-2.105786773329586	2.877783677440344e-11	AL353746.1
AL021707.4	1.1179582784897175	2.9006710182237614e-11	AL021707.4
ETF1P2	1.710594062793734	2.9040270832009788e-11	ETF1P2
CYP1A1	-2.937834635619176	2.9282885525186166e-11	CYP1A1
NRXN1	-1.934974167475504	2.9510956145608144e-11	NRXN1
RNU6-10P	2.7204356459317345	2.962238191840195e-11	RNU6-10P
AL450992.3	-3.287203615002459	2.9865368534527774e-11	AL450992.3
AC007956.2	-1.0038120112802156	2.991787192016744e-11	AC007956.2
FA2H	-1.708602397946425	2.99369064882045e-11	FA2H
AC034213.1	1.749438410860737	3.0096185586089316e-11	AC034213.1
AP001021.2	1.4569475259831055	3.0182718023027537e-11	AP001021.2
AC020558.6	1.3056742587324466	3.0213504169667873e-11	AC020558.6
AC009690.1	1.185204460506411	3.0213504169667873e-11	AC009690.1
AC138512.1	-2.1677571079151585	3.0283022389358015e-11	AC138512.1
OR13A1	1.882761387483916	3.050801497290764e-11	OR13A1
PTCHD4	1.087800750418071	3.051037759546862e-11	PTCHD4
AL121594.1	1.8092027024429715	3.086717134031782e-11	AL121594.1
GALNT16	-1.053024925820906	3.1137478950589866e-11	GALNT16
IGKV1-9	1.8597144154709884	3.114738512120781e-11	IGKV1-9
AC002044.3	2.6143655294425123	3.1229944859960066e-11	AC002044.3
AC120193.1	1.6459353423143264	3.1255394370840424e-11	AC120193.1
AC136475.9	1.363716279903411	3.125578175750339e-11	AC136475.9
LINC00111	-2.4235036453563388	3.137493169809113e-11	LINC00111
LINC00710	3.1710283366931646	3.158707675556936e-11	LINC00710
AL358394.2	2.4915132218249725	3.18063414276057e-11	AL358394.2
C17orf64	1.3125339430512548	3.1854697313461847e-11	C17orf64
TFAP2C	-2.0869104818593787	3.200843102492836e-11	TFAP2C
PRMT5-AS1	1.3923047992502446	3.259662121427069e-11	PRMT5-AS1
UGT1A5	2.7603188202720244	3.281281189620251e-11	UGT1A5
AC012640.1	2.047002478279768	3.2861617791423365e-11	AC012640.1
APOM	-1.2920557065870757	3.321762778699577e-11	APOM
AC012366.1	-1.2177786852926908	3.3220985341953346e-11	AC012366.1
AC138466.4	2.0705616128199504	3.3274064493754815e-11	AC138466.4
S100A9	1.0676910769797527	3.3420608413174346e-11	S100A9
MEP1B	1.3895193329428694	3.358333459649045e-11	MEP1B
PCAT18	-1.5532569024284106	3.390242501907686e-11	PCAT18
AL133331.1	3.034205142039348	3.3938903335118875e-11	AL133331.1
CLEC3A	-2.539115597869261	3.4565113290557517e-11	CLEC3A
SNRPGP14	1.1922273743669969	3.467882384837956e-11	SNRPGP14
AP003555.2	1.274920794768338	3.4781509992458763e-11	AP003555.2
KLKP1	3.900466562483801	3.4935937039386494e-11	KLKP1
AC018362.1	1.7612290541155495	3.495913964114252e-11	AC018362.1
AL158168.1	-1.4760697574581787	3.5053926434302905e-11	AL158168.1
BEX2	-1.0479580405836375	3.524285795730265e-11	BEX2
F8	1.031244104472086	3.5436469993128934e-11	F8
TMEM230P1	3.2563020140943246	3.572050278621076e-11	TMEM230P1
KRT33B	2.3960276701934564	3.6061637400583e-11	KRT33B
AL034405.1	1.643235700429608	3.61193016890683e-11	AL034405.1
AC145423.2	1.0789681632720691	3.6186518529794616e-11	AC145423.2
CACNG2	3.1375013934441074	3.619998425604115e-11	CACNG2
LECT2	1.8713155109227648	3.6221151711962526e-11	LECT2
DOCK8-AS1	-1.1307802562165865	3.646312648282905e-11	DOCK8-AS1
AC087749.2	2.756733046011119	3.671951809783024e-11	AC087749.2
AC078909.2	1.8429164188263767	3.6987315628781233e-11	AC078909.2
AC010677.1	1.606058652799344	3.738298580605213e-11	AC010677.1
RPL23AP92	1.6597106486679072	3.7550451031143277e-11	RPL23AP92
VAX2	1.2345158487897114	3.7795710366263245e-11	VAX2
MIR7152	2.763714191111796	3.7937112653947887e-11	MIR7152
BCAS1	-2.0096152598342645	3.834542500256718e-11	BCAS1
AC020893.1	1.6026515688254683	3.8517619890965526e-11	AC020893.1
GS1-24F4.2	-1.3770972084613309	3.8702179642683415e-11	GS1-24F4.2
RNA5SP425	2.663798497318507	3.938771871165344e-11	RNA5SP425
GGT4P	1.544708966853618	3.9518307757802346e-11	GGT4P
AC129507.1	-1.073813971565499	3.990863081310456e-11	AC129507.1
TWIST1	1.0533634858369618	3.9972820293215925e-11	TWIST1
LINC01108	-1.0932460667330943	4.0154874207575786e-11	LINC01108
AQP4	-1.3753449125115906	4.02876076497036e-11	AQP4
IGHV3-23	1.8277751465350995	4.02876076497036e-11	IGHV3-23
RPS15AP16	1.6162210972945283	4.046299596912547e-11	RPS15AP16
GOT2P3	-1.0672607085572667	4.0643500969275035e-11	GOT2P3
LINC00540	-1.6992042363360371	4.0656424882853385e-11	LINC00540
AL008636.1	2.4213908614526	4.074526102691778e-11	AL008636.1
POU3F1	1.0452849151395622	4.0749760341009226e-11	POU3F1
AC145207.8	1.2918628924320064	4.117920728897171e-11	AC145207.8
AL356289.2	2.0537339670953463	4.124941387504485e-11	AL356289.2
PSG1	2.8082725298496367	4.15860290741048e-11	PSG1
IL13	1.8503035634392584	4.208143545479887e-11	IL13
FAM246B	3.6897690586620335	4.248202284657514e-11	FAM246B
TRIM55	1.0194793591311926	4.257382158896709e-11	TRIM55
AL139423.2	1.190612392267252	4.2618925987291886e-11	AL139423.2
AL354761.1	3.5593738020526837	4.2640813801791465e-11	AL354761.1
AMD1P1	1.4243258867254858	4.281996152647185e-11	AMD1P1
PDX1	-2.702887897892201	4.3136844355534816e-11	PDX1
XIRP1	1.4700928092201198	4.319003509486751e-11	XIRP1
IFNK	2.709641754731328	4.3215016269153824e-11	IFNK
AC034102.5	1.344054391549507	4.330050308264064e-11	AC034102.5
LINC01919	2.6732527981670824	4.356427965827077e-11	LINC01919
AC126323.1	-2.2833584353963285	4.3584287181368486e-11	AC126323.1
TBX5-AS1	2.982164653814199	4.360555449770436e-11	TBX5-AS1
NR4A2	-1.171983768752474	4.361102860474176e-11	NR4A2
AL162727.3	-1.581289053472554	4.376245044838129e-11	AL162727.3
ATP4A	2.807896022997345	4.383947861107165e-11	ATP4A
LINC00618	1.7510536540076878	4.385279592250921e-11	LINC00618
SHISA7	1.4080033522033393	4.3904742240307066e-11	SHISA7
AC107464.1	2.5018897645411142	4.398398163314815e-11	AC107464.1
AC018523.1	1.3611474880275545	4.4045524051453394e-11	AC018523.1
AC027045.2	3.912878832385098	4.4045524051453394e-11	AC027045.2
AC244517.1	1.1954234172922356	4.405802146370314e-11	AC244517.1
AC112196.1	2.190011001972048	4.419937966179729e-11	AC112196.1
ENPP7P11	1.643795650235116	4.419937966179729e-11	ENPP7P11
AC006077.2	1.0790357005960594	4.4713621485699275e-11	AC006077.2
RPL7AP26	1.3998511838660204	4.484869418328268e-11	RPL7AP26
OR9I1	2.455425422015609	4.549535460292287e-11	OR9I1
LY6L	-4.148780983901713	4.552186058552269e-11	LY6L
AXDND1	-1.1258321108153366	4.572486760926667e-11	AXDND1
IGKV3-15	1.891125370814248	4.592398554870082e-11	IGKV3-15
SVOPL	-2.16577002535614	4.6268867388783926e-11	SVOPL
NMNAT2	1.384354798772211	4.630863878754576e-11	NMNAT2
RNU6-892P	1.710495369893192	4.6693860825763705e-11	RNU6-892P
OR7E13P	1.5766294419165454	4.766435215105979e-11	OR7E13P
AP003390.1	1.0777948180074912	4.7710969246759266e-11	AP003390.1
AC091057.3	1.5978813692185203	4.7774924564885006e-11	AC091057.3
AC023669.1	2.5004976537954144	4.8079312901875294e-11	AC023669.1
MIR8058	3.099546786512262	4.8245216914140875e-11	MIR8058
LYPD4	3.725294156782381	4.8300355442500626e-11	LYPD4
SCUBE3	-1.135743846074239	4.8552856254912266e-11	SCUBE3
AC068057.3	1.4587990505577928	4.8576499493299935e-11	AC068057.3
ZBTB46-AS1	2.8632067042404805	4.859586454371225e-11	ZBTB46-AS1
AC004837.4	1.2038861468605084	4.8618206675848715e-11	AC004837.4
AC004551.1	2.984815354675038	4.865606494354506e-11	AC004551.1
LINC02637	-1.0591166551873008	4.881466564010544e-11	LINC02637
AC020928.1	-1.0260373294800216	4.978925093891424e-11	AC020928.1
KCNA1	-1.9196251695076043	5.0112142973423945e-11	KCNA1
IKBKGP1	1.2450329760342025	5.1591842006539965e-11	IKBKGP1
CYP4F25P	1.8202169763112432	5.188730412251508e-11	CYP4F25P
U62631.1	2.2232777272701783	5.316061559027799e-11	U62631.1
RASGEF1C	1.711574743804655	5.3174107898330735e-11	RASGEF1C
CRACD	-1.2618117797927837	5.3289756220723465e-11	CRACD
RNU6-807P	1.6569848120689583	5.348210621040232e-11	RNU6-807P
SFRP2	1.9303653108344123	5.3892250268654085e-11	SFRP2
MARCHF10	-1.995924509319641	5.4427733347140086e-11	MARCHF10
ABCB5	2.05947942984986	5.451179677521168e-11	ABCB5
AL035603.1	1.87187294475744	5.504854007890655e-11	AL035603.1
GUSBP6	3.299039327788408	5.530709577613564e-11	GUSBP6
CLGN	1.7486544418555612	5.5785055194345526e-11	CLGN
IGLV7-43	1.933793070206234	5.582879461807908e-11	IGLV7-43
BX255923.2	2.618668146321831	5.5866753567966426e-11	BX255923.2
UST-AS2	2.1765734616075094	5.5987432999340605e-11	UST-AS2
AL591518.1	2.1628818076297263	5.6165584377942326e-11	AL591518.1
CST1	2.5623057350952347	5.620215476775652e-11	CST1
TUBB8P1	1.314684247237879	5.661987643239416e-11	TUBB8P1
CTAGE3P	1.040080042943747	5.713328625548384e-11	CTAGE3P
AP001652.1	-1.542208487682746	5.719929285634306e-11	AP001652.1
AC016590.2	1.2795038970732708	5.722916799856155e-11	AC016590.2
AC090877.1	2.083517982138324	5.7383165546582846e-11	AC090877.1
AC000072.1	1.4299099915769509	5.743134924828963e-11	AC000072.1
IGLV3-1	1.9411071663899708	5.7540409491533486e-11	IGLV3-1
PRR20G	3.238145222548772	5.7748574111434837e-11	PRR20G
AC008957.2	2.939310730479256	5.870461494703558e-11	AC008957.2
AC026401.2	2.624281208652257	5.871046222116441e-11	AC026401.2
HMGA1P2	1.0958129670807657	5.904306698584636e-11	HMGA1P2
CCDC185	-2.774552700476301	5.931443391198209e-11	CCDC185
RYR2	1.5712784552107375	5.979865316794409e-11	RYR2
AL160408.3	2.1172021506300323	5.988009226015455e-11	AL160408.3
AC023669.2	2.613715063958905	6.05599696937137e-11	AC023669.2
MORF4L2-AS1	1.022142777155217	6.064134840104213e-11	MORF4L2-AS1
AC073517.1	1.121534629754776	6.120470650149843e-11	AC073517.1
IGHV4-34	1.8214750754674864	6.19724249629836e-11	IGHV4-34
HCAR1	-1.545929707795777	6.200086277525934e-11	HCAR1
FABP5P8	1.632405043265317	6.217326013060965e-11	FABP5P8
DPF1	1.1592022064571503	6.258363424977768e-11	DPF1
AL445471.1	3.086780153056492	6.258987124207126e-11	AL445471.1
IGKV4-1	1.8499511286896284	6.270506150811762e-11	IGKV4-1
RPS15AP30	2.264947320632117	6.318475457289985e-11	RPS15AP30
TRAJ3	2.7277209526488675	6.372364355924659e-11	TRAJ3
AC007405.4	2.126088329674833	6.410756650927832e-11	AC007405.4
AC007998.3	1.2207632434906792	6.456426230024627e-11	AC007998.3
AC103810.2	1.305558708957121	6.484399555036504e-11	AC103810.2
MIR17HG	1.3358543697713663	6.500588520168919e-11	MIR17HG
AC036176.2	2.0908744306611537	6.567217559406886e-11	AC036176.2
CYP4F23P	2.9129085977775344	6.568031602556062e-11	CYP4F23P
AL353697.1	1.5007079859088022	6.70412916620686e-11	AL353697.1
AL162457.2	3.842019808318893	6.804027573218913e-11	AL162457.2
TRIM54	1.941964984002889	6.805745940579119e-11	TRIM54
SNORA11	1.358497219110165	6.807755080247858e-11	SNORA11
SLC17A3	1.6140438334135907	6.817191829587301e-11	SLC17A3
AC011487.2	2.4270613752682912	6.849267603931311e-11	AC011487.2
AC110491.1	1.932493030934664	6.851039335734751e-11	AC110491.1
AC009961.2	2.6812251137120264	6.851649085445219e-11	AC009961.2
SCGB1D2	-1.4807256778815652	6.86394234603117e-11	SCGB1D2
SINHCAFP2	-1.0589345198853302	6.879038537741444e-11	SINHCAFP2
AC090950.1	1.6352402451988797	6.906066672679268e-11	AC090950.1
AHCYP2	1.389772122252019	6.913687259400341e-11	AHCYP2
AC011287.1	1.7398477286238656	6.934271902995239e-11	AC011287.1
AC215522.2	1.6963035206600556	6.948995300967004e-11	AC215522.2
AC055876.5	2.2017677628554657	6.963666024838846e-11	AC055876.5
AC110609.1	-1.0453920778279275	7.018957462903691e-11	AC110609.1
ITPK1P1	1.8501192997811573	7.018957462903691e-11	ITPK1P1
TRPC7	-1.6275122865958598	7.018957462903691e-11	TRPC7
AC082651.3	1.779446523331541	7.0516536731577e-11	AC082651.3
AC007695.1	1.1831841399838052	7.077295932622892e-11	AC007695.1
AL592071.1	1.678922762559958	7.126505674350358e-11	AL592071.1
AP002414.2	1.4882813879673005	7.129784280139004e-11	AP002414.2
AC004039.1	1.0246024454809677	7.210509103012932e-11	AC004039.1
HNRNPA1P76	2.9202437491768136	7.286680148239369e-11	HNRNPA1P76
AL589745.1	1.1522460993865098	7.320588260244629e-11	AL589745.1
AC003991.1	1.2486367075880829	7.338017205014271e-11	AC003991.1
IGLV3-25	1.8402529240848036	7.369834623622602e-11	IGLV3-25
AC079790.2	-1.0311542403830256	7.410742846254179e-11	AC079790.2
AL031121.2	-1.0012311394427094	7.466805846580266e-11	AL031121.2
AC092757.1	3.2529784307552663	7.515817061733821e-11	AC092757.1
AL096803.2	1.6236375630128108	7.555757763272818e-11	AL096803.2
AL807761.2	-1.0823134836575834	7.628188754860393e-11	AL807761.2
HNRNPH1P1	1.0669544136140912	7.674765280867001e-11	HNRNPH1P1
TMC2	1.3538995111848475	7.709593316248639e-11	TMC2
AC023034.1	2.73678559449128	7.779232010226791e-11	AC023034.1
LINC02294	-2.15419977204193	7.818260500648169e-11	LINC02294
IGLV8-61	1.946805799012788	7.89570886179606e-11	IGLV8-61
AC008967.1	2.746253948380758	7.937748246218488e-11	AC008967.1
AC119751.3	2.442180526707681	7.976598581353561e-11	AC119751.3
AC024267.4	1.470072781332418	7.986583526930863e-11	AC024267.4
AC092881.1	1.0309057504020651	7.99140144201898e-11	AC092881.1
AC245052.3	1.5255449224591175	8.016781651716724e-11	AC245052.3
GSN-AS1	1.1713071284797658	8.078879409104273e-11	GSN-AS1
AC026120.3	2.118403905345399	8.090242772179302e-11	AC026120.3
AL117382.1	-2.648697246020205	8.104174907201155e-11	AL117382.1
AC012409.3	1.024194649743809	8.121517606082547e-11	AC012409.3
AL603832.1	1.3483913324345234	8.132474796581659e-11	AL603832.1
AC079298.1	3.033792480904036	8.277140058104044e-11	AC079298.1
AL136379.1	1.1666727398434316	8.307258712103756e-11	AL136379.1
CDH9	-2.2525398010756863	8.399008281589921e-11	CDH9
AC044839.1	2.5430379854315457	8.433416938041826e-11	AC044839.1
AC093642.6	2.930596447457556	8.46343361151063e-11	AC093642.6
AL354861.3	-1.171760812734023	8.472201808245495e-11	AL354861.3
AL355432.1	1.392194397821265	8.515810651667915e-11	AL355432.1
AF131215.2	2.4742626260994887	8.542897567347043e-11	AF131215.2
SCARA3	-1.204927578792178	8.555931535473487e-11	SCARA3
MADD-AS1	1.7633325558896007	8.590501230208121e-11	MADD-AS1
H1-9P	1.3611776550546488	8.598221078042677e-11	H1-9P
LINC01266	-1.3402177819581078	8.613843570591386e-11	LINC01266
AC011933.3	-1.4225451310440738	8.623565029323579e-11	AC011933.3
SLC6A19	-2.2094072164392937	8.653205930130906e-11	SLC6A19
EPB42	2.2910137053198816	8.656555494470356e-11	EPB42
AC131953.1	1.3546239146593395	8.661440958305258e-11	AC131953.1
IGF2BP2-AS1	-1.9696314529934336	8.70916560511808e-11	IGF2BP2-AS1
LAMB4	-1.4447401389020902	8.711673439012175e-11	LAMB4
BRSK2	1.22787551979354	8.892490471032393e-11	BRSK2
AL138694.1	2.4558360752495005	8.914030607964335e-11	AL138694.1
SEC62-AS1	1.1685489626909356	8.923368372128991e-11	SEC62-AS1
AL590483.4	2.95982879201892	9.0144997480238e-11	AL590483.4
CPHXL	2.6516351464571644	9.050663253772711e-11	CPHXL
GNB3	1.429130432658563	9.184108216543843e-11	GNB3
IGHV1-24	2.021970749449453	9.19404369270132e-11	IGHV1-24
AL442224.1	-3.4345032157825406	9.243422455991299e-11	AL442224.1
AC079140.2	1.1908964395423989	9.245397720091168e-11	AC079140.2
AC007099.1	1.568203364075474	9.263571902124339e-11	AC007099.1
CYP2A6	1.3343707673151153	9.323244690327972e-11	CYP2A6
MIR181A1HG	1.3352434989114372	9.389705063248509e-11	MIR181A1HG
MAFA-AS1	2.604579394814922	9.40339642277834e-11	MAFA-AS1
BX276092.9	2.3601837236664784	9.417129063027659e-11	BX276092.9
RNU7-140P	1.482255666628957	9.471096664468812e-11	RNU7-140P
AL109947.1	1.4734964797776633	9.474426028431696e-11	AL109947.1
AC026771.1	1.568371052198586	9.479392149951003e-11	AC026771.1
AL441963.1	1.2967944982626889	9.589644958435339e-11	AL441963.1
H2AZP1	2.0890716627840296	9.593445354710344e-11	H2AZP1
KCNV1	1.6988763774849116	9.604639678241252e-11	KCNV1
CLDN8	-3.9074172275078274	9.631588497455111e-11	CLDN8
LINC02606	1.202343457323806	9.66481563342281e-11	LINC02606
MAST1	1.3756845414002052	9.664871155999596e-11	MAST1
APOF	-1.5546928833620877	9.681421911420954e-11	APOF
AP001453.1	1.367776754539637	9.704555669243319e-11	AP001453.1
CELF5	1.834274137901624	9.757684494401852e-11	CELF5
AC007649.1	3.3090229983035195	9.874337106822692e-11	AC007649.1
AC005165.2	1.680823979509425	9.879897762931256e-11	AC005165.2
AC100826.1	1.9223053003399069	9.96652536894178e-11	AC100826.1
LINC02571	2.5203039422530025	9.9875679370675e-11	LINC02571
AF111168.1	1.4604546678067325	9.989316803874281e-11	AF111168.1
AL122058.1	-2.592873124720048	1.002234694982404e-10	AL122058.1
RPL26P29	2.6609825682062302	1.0036690773089418e-10	RPL26P29
LINC02397	1.285554129946456	1.0042515892854708e-10	LINC02397
TPT1P12	1.82370758275422	1.0048465313491628e-10	TPT1P12
OR10A6	-2.596329871643241	1.0065679974391335e-10	OR10A6
DFFBP1	1.141319438251604	1.0087546077874864e-10	DFFBP1
AGGF1P3	1.537048906683557	1.0123717900416891e-10	AGGF1P3
AC006458.1	2.379391073187936	1.0157280392789635e-10	AC006458.1
MIR4768	1.6828561157627615	1.0186617176089292e-10	MIR4768
LINC01874	-2.670459659572796	1.0195772021671644e-10	LINC01874
AL445070.1	-1.923090983066596	1.0232687465337601e-10	AL445070.1
LEF1	1.1958193304832023	1.0267132573303483e-10	LEF1
LINC00221	3.0039243676399683	1.0322763355512056e-10	LINC00221
SOX10	-1.4896241940621129	1.0379152378669943e-10	SOX10
AL050320.1	2.093479556129612	1.0385740058284029e-10	AL050320.1
AC010809.2	1.0570641074710412	1.0422290587003566e-10	AC010809.2
FNDC5	-1.2834586327929542	1.0437938758634634e-10	FNDC5
AC096708.2	1.6145716097511913	1.0450649140777019e-10	AC096708.2
G3BP1P1	1.2926079152869816	1.0460587987448402e-10	G3BP1P1
NPIPA9	2.1729286507778234	1.0607962422978659e-10	NPIPA9
RNVU1-15	1.9285077537452704	1.0608899906006328e-10	RNVU1-15
RNA5SP122	1.542709380579874	1.0658681130432132e-10	RNA5SP122
LINC00838	3.060756971046676	1.06711103561794e-10	LINC00838
NDUFB8P2	1.1305861459651787	1.0674399349968794e-10	NDUFB8P2
AOX3P	2.0342711367663244	1.068595598646248e-10	AOX3P
RPL3P6	1.2374155240406124	1.0697805836003696e-10	RPL3P6
HSPB2	1.511378671848066	1.0738592790422164e-10	HSPB2
NUPR2	-2.976347847104167	1.0811377974995236e-10	NUPR2
ANKRD49P1	1.2539257759131073	1.0948072582258767e-10	ANKRD49P1
GJB2	1.3152963023361224	1.0948104716392508e-10	GJB2
AC010480.1	2.1182769385752325	1.0977448130862347e-10	AC010480.1
AP004782.1	-1.1376985258638863	1.1004079639854368e-10	AP004782.1
HMGN1P8	1.5469467402108297	1.1185877242589987e-10	HMGN1P8
TIMM9P2	1.6516083730095985	1.1205474057328839e-10	TIMM9P2
AC092670.1	1.0338357109842071	1.1225516081688727e-10	AC092670.1
AC079950.1	1.4768443838722416	1.1238135523308708e-10	AC079950.1
SOCS5P2	1.4737934154228398	1.1270122689318945e-10	SOCS5P2
AC006329.1	-2.0865517443497383	1.1379144712998632e-10	AC006329.1
AC020978.1	1.5765602610939506	1.1447155860965968e-10	AC020978.1
IGKV1D-16	2.00948866526054	1.1457549120732289e-10	IGKV1D-16
RNU6ATAC39P	3.235720991615112	1.1485186870486575e-10	RNU6ATAC39P
TEKT5	1.4840664044657037	1.1514673048095531e-10	TEKT5
GPR176-DT	-1.0034439457818578	1.1590967257676772e-10	GPR176-DT
SPOCK3	-1.8697585738435671	1.1651846321617406e-10	SPOCK3
AC021698.1	3.0747618069967246	1.1652170813164807e-10	AC021698.1
AC104964.1	2.164370399290788	1.1680452688658158e-10	AC104964.1
OXCT1	-1.2890467418026488	1.1688911089559283e-10	OXCT1
RSPO3	-1.2779375515193467	1.1723107903924308e-10	RSPO3
AL590233.1	1.9160786855588523	1.1731900665162292e-10	AL590233.1
AC105137.1	2.96639247721801	1.174993298249174e-10	AC105137.1
RNY1P9	2.277743951446455	1.174993298249174e-10	RNY1P9
SP7	2.085605165199464	1.1768446553222994e-10	SP7
YY1P1	2.923954020633567	1.1791075557350778e-10	YY1P1
SLC38A5	1.7326574668174397	1.1858587712733643e-10	SLC38A5
DEFB1	-1.7277371457229678	1.1860022149767262e-10	DEFB1
IGLV3-9	2.007352340615615	1.1875469411026435e-10	IGLV3-9
AC025188.1	1.3515788259943076	1.1895043825401064e-10	AC025188.1
AQP7P1	-1.6062249515512603	1.193495300076708e-10	AQP7P1
LINC01910	2.670443645756563	1.2014750956882638e-10	LINC01910
MIXL1	1.636713765432047	1.2048118530699447e-10	MIXL1
RNU6-1165P	1.4094554625707716	1.2164902198610867e-10	RNU6-1165P
GPR142	2.074774621331732	1.2176016645961482e-10	GPR142
AC084754.1	1.787912329688779	1.2187790025598347e-10	AC084754.1
BMPR1B	-2.2285475617701547	1.2196346733311848e-10	BMPR1B
HNRNPA1P14	1.2301073505282385	1.2268458507780648e-10	HNRNPA1P14
RNA5SP217	1.5108738531884052	1.2349623987225083e-10	RNA5SP217
IGHV7-4-1	2.528115284973522	1.2404241266163059e-10	IGHV7-4-1
ASS1P3	-1.8438169768119013	1.2419286403131927e-10	ASS1P3
SNORA38B	2.3988558070617056	1.2453628772910755e-10	SNORA38B
SLC28A3	1.4177245762917423	1.2575987427745874e-10	SLC28A3
RPL21P5	1.562364543221444	1.2576893231784094e-10	RPL21P5
AF123462.1	2.162620833451012	1.2781788582020822e-10	AF123462.1
FERMT1	-1.368437307704757	1.2783016641882746e-10	FERMT1
AGAP14P	1.4773051849259926	1.2810460302459555e-10	AGAP14P
AC012618.2	1.1119037663055702	1.2937782869027954e-10	AC012618.2
AC098798.1	1.3856915291858858	1.2962022126996911e-10	AC098798.1
LINC01978	1.2049920338553752	1.3036371604669388e-10	LINC01978
PA2G4P1	2.093075682037039	1.3128241798968188e-10	PA2G4P1
CT45A11P	1.3795714792444609	1.3131338569828289e-10	CT45A11P
LINC00602	-2.6455971582457187	1.3210083266533653e-10	LINC00602
GSTM5	-1.208137537597623	1.3268363450367215e-10	GSTM5
KRT12	1.535600572190447	1.3326950006146179e-10	KRT12
RN7SL566P	1.3119327461832213	1.342435728776814e-10	RN7SL566P
AC010636.1	1.938318946918214	1.3445099428290818e-10	AC010636.1
AC097065.1	3.024353121693166	1.3477997986770928e-10	AC097065.1
COL9A3	-1.2878480766952929	1.3695796972219102e-10	COL9A3
AC010327.7	1.3459329766641264	1.3697910239570112e-10	AC010327.7
AC012254.4	1.6207604561613145	1.3879204948756738e-10	AC012254.4
AC087632.2	2.166236390823892	1.390685398096505e-10	AC087632.2
KRT18P35	2.735312660216463	1.4004872073567366e-10	KRT18P35
PAGE2B	2.475918200683235	1.4028976947300506e-10	PAGE2B
AC007529.2	1.662986555746992	1.408132633246107e-10	AC007529.2
HNRNPA3P2	2.024694440166443	1.4093911261546323e-10	HNRNPA3P2
CIR1P2	-1.4907223283369917	1.4150655370926434e-10	CIR1P2
GYG2P1	-3.1259484148644483	1.4175987880175443e-10	GYG2P1
CTD-2297D10.2	-1.7420534968742674	1.42745975595914e-10	CTD-2297D10.2
AC243428.1	1.7294313954637914	1.42925955894969e-10	AC243428.1
RPL39P15	1.1667175999345205	1.4356929284152135e-10	RPL39P15
CALHM4	-1.2643018117058158	1.439478875839073e-10	CALHM4
AC002456.1	1.0817755952778716	1.4401032035653682e-10	AC002456.1
ERVW-1	1.1569848273777317	1.4541212955517752e-10	ERVW-1
AL162400.2	-4.722964982907478	1.4596722418713942e-10	AL162400.2
ABCB11	1.6183776886940422	1.4705975200483623e-10	ABCB11
RNU4-82P	1.7770005479929618	1.4766019104570382e-10	RNU4-82P
LINC01667	3.687149889234481	1.4783082199247632e-10	LINC01667
AP001775.1	3.4523581688697216	1.4832829115499247e-10	AP001775.1
AC100823.1	1.3803782284694908	1.4885940146136195e-10	AC100823.1
IGHV3-74	1.6729605632717262	1.4968666872076987e-10	IGHV3-74
AC023389.1	1.5606285056149751	1.5023982855341466e-10	AC023389.1
SLC7A7	-1.177737782122506	1.5025067498879835e-10	SLC7A7
ECEL1P2	-2.777334278589271	1.5155929159466746e-10	ECEL1P2
AC016700.1	2.583023511795714	1.5210071615805906e-10	AC016700.1
AC009927.1	1.342121668123332	1.5303009386729694e-10	AC009927.1
AC011257.1	-2.996475836222684	1.530707846768275e-10	AC011257.1
GTSF1	1.192755450232022	1.5352282990626818e-10	GTSF1
AC008625.1	2.727413376507907	1.540837751483156e-10	AC008625.1
TRHR	1.4892338618772418	1.560016454774285e-10	TRHR
IGHV3-64	2.067099120289939	1.5771544764884682e-10	IGHV3-64
ALDH1L1	-1.203939640117843	1.5790133833984695e-10	ALDH1L1
GLTPD2	-1.103024909431509	1.588652200163642e-10	GLTPD2
C1R	1.1333242967356487	1.601336374634907e-10	C1R
RN7SKP97	1.4734379992643194	1.6014351831842982e-10	RN7SKP97
XCR1	1.3067715734278351	1.6315325566675842e-10	XCR1
MIR6509	1.695202183552307	1.6320925766012087e-10	MIR6509
DNAH17-AS1	1.7676937144742215	1.6367270131331137e-10	DNAH17-AS1
AC021979.3	2.795468435023395	1.6529620665411068e-10	AC021979.3
AC022400.3	1.3251086323086891	1.6578196954014596e-10	AC022400.3
PRDX2P3	1.7538266891929253	1.6600220241311756e-10	PRDX2P3
RASGEF1A	1.0396666681124205	1.663054796259725e-10	RASGEF1A
FMR1-AS1	-1.1830113227420611	1.6694846323615037e-10	FMR1-AS1
SHISA5P2	2.3405306559749417	1.6708617302150163e-10	SHISA5P2
ACTN2	1.5335481966835878	1.6726882158231402e-10	ACTN2
IGHA1	1.6526286590642596	1.6905167383404952e-10	IGHA1
SDR42E2	1.008355283378991	1.6965685073242288e-10	SDR42E2
AC018638.6	1.2695016270774255	1.699237817002347e-10	AC018638.6
FAM230C	-3.23924898470933	1.7064528702383343e-10	FAM230C
NUGGC	-1.3566730644625735	1.7088948150346306e-10	NUGGC
KRT42P	1.8672196467335875	1.7120902966178895e-10	KRT42P
AL121601.2	1.7921770586966308	1.7157590019499423e-10	AL121601.2
LINC02537	2.1733618055708206	1.7212599590602762e-10	LINC02537
AC034243.1	-1.435106836361295	1.7215208295395258e-10	AC034243.1
TRIM15	1.2205977308463882	1.7310711722008249e-10	TRIM15
AC005726.2	2.01967940737595	1.7486657140469463e-10	AC005726.2
MEST	-1.1476645075717495	1.7536632326963158e-10	MEST
AC068987.2	1.0077767895114402	1.7555578090177923e-10	AC068987.2
TUBAP11	1.0485946427858983	1.7737151196720417e-10	TUBAP11
CCDC144NL-AS1	1.127302491600941	1.7738683042455372e-10	CCDC144NL-AS1
FOXB1	2.1821250843379074	1.7766171996134559e-10	FOXB1
DCAF13P1	1.5343118353409273	1.7785431337221738e-10	DCAF13P1
CECR3	1.7700049206693207	1.7863791827715184e-10	CECR3
AL513327.2	1.2737190264786724	1.7901976719950828e-10	AL513327.2
IGLV2-5	2.0385121042745173	1.7908321555549334e-10	IGLV2-5
AC079298.3	1.84994049380822	1.7916873183653224e-10	AC079298.3
AC009318.4	1.2429671975788932	1.7939768061391295e-10	AC009318.4
BTBD11	-1.425330464882017	1.795564761092641e-10	BTBD11
LINC01879	-2.0428585555015624	1.7993017740033286e-10	LINC01879
OR2C3	-1.415553003807598	1.8011612677846582e-10	OR2C3
PGAM1P11	2.246914143836156	1.8032839877498829e-10	PGAM1P11
LY6G6C	1.8662495439682056	1.8068115994376114e-10	LY6G6C
RPL35AP26	-1.3341211467048864	1.809145439107944e-10	RPL35AP26
AC098590.1	1.0958374045688757	1.8125414068908915e-10	AC098590.1
MIR3682	1.0834348759287735	1.8135496030836434e-10	MIR3682
AC024270.1	1.4610730873996702	1.8162913419542796e-10	AC024270.1
LINC01255	-2.1772392230676583	1.817886993457957e-10	LINC01255
AL121899.3	1.565284515163433	1.8229395105730106e-10	AL121899.3
AKR1C8P	1.6047785959470862	1.8293171962297342e-10	AKR1C8P
AC100788.2	1.2477153745960132	1.8328154491097336e-10	AC100788.2
BECN2	3.655334913103	1.8331801105301531e-10	BECN2
AC008533.1	2.425249670945134	1.84973526725558e-10	AC008533.1
AC026369.1	1.78806081610935	1.8516094197182046e-10	AC026369.1
AC108727.1	1.1427901490114936	1.8656708711301682e-10	AC108727.1
AL445228.2	1.4578146656605704	1.8752889536322003e-10	AL445228.2
MAFA	-1.879780348916541	1.8808767421933183e-10	MAFA
GAPDHP69	1.1857264304257105	1.9086860278483878e-10	GAPDHP69
AC120036.3	-1.1518283431048872	1.9116376027515642e-10	AC120036.3
IGLV2-23	1.803827700826797	1.9291288415782727e-10	IGLV2-23
XKR9	1.0995976456333625	1.9354051333173475e-10	XKR9
LINC02152	3.340232461156992	1.938524130533804e-10	LINC02152
LSAMP	-2.181207143202838	1.9741341311141468e-10	LSAMP
RPL36AP40	-2.193581060975621	1.98077781005727e-10	RPL36AP40
AC016737.2	1.214650292032952	1.9822765663272212e-10	AC016737.2
RN7SL838P	2.1557998938775293	2.0009523404605379e-10	RN7SL838P
AC087683.1	1.0230202280734395	2.0096868917501422e-10	AC087683.1
KRT18P22	1.5578834150600804	2.0187074605885607e-10	KRT18P22
TNNI3	3.0580013938548665	2.0315879136542695e-10	TNNI3
FTH1P1	1.173395446043709	2.0431127395351624e-10	FTH1P1
AL389886.1	2.1905565036666004	2.0449291521894284e-10	AL389886.1
KRT15	1.972467181282576	2.0470977298189992e-10	KRT15
SNX18P26	2.634592749518419	2.0516384843531782e-10	SNX18P26
GRIN2A	1.6017218814550147	2.0547334798977267e-10	GRIN2A
LINC01607	-1.3647780186653444	2.0657257204051717e-10	LINC01607
SHANK2-AS1	1.5623638687588604	2.066271529340001e-10	SHANK2-AS1
UBBP5	1.9123816811491825	2.0716262455219267e-10	UBBP5
SCARNA21	1.8356719450045933	2.0824571832456807e-10	SCARNA21
AP001046.1	-2.059387504017093	2.0890216259574702e-10	AP001046.1
AC087588.1	1.456183272532661	2.0938476794287247e-10	AC087588.1
RPL23AP43	1.0190947156816148	2.094515953020473e-10	RPL23AP43
PRKAG3	1.8516543985350409	2.09472141512587e-10	PRKAG3
AC092834.1	1.4881560874284732	2.110105001735264e-10	AC092834.1
AL358944.1	-1.595805445402678	2.110113522178396e-10	AL358944.1
LCT	1.7307278336475624	2.1221004770869218e-10	LCT
MIR4539	2.7168497501679325	2.1255476207108594e-10	MIR4539
PATE1	-2.9815708844217927	2.1337995110284222e-10	PATE1
PON1	-1.5920696051144665	2.1717269921927307e-10	PON1
AP000786.1	1.2308766816405865	2.2008697869536802e-10	AP000786.1
SCARA5	-1.9212535986777328	2.2265127678746427e-10	SCARA5
CCR12P	1.8196513451387464	2.2451296436544823e-10	CCR12P
AC040169.2	-1.0667554448450602	2.248958347041744e-10	AC040169.2
H2BC14	3.279068404447094	2.2531241427824058e-10	H2BC14
AL591767.1	2.1030054831545426	2.2661389454728318e-10	AL591767.1
SNORA28	2.0328660843231208	2.2801799438916446e-10	SNORA28
SH3TC2-DT	1.799805793995619	2.2910564819432287e-10	SH3TC2-DT
AC021517.3	-1.5443863002439646	2.2918679914367246e-10	AC021517.3
AC063919.1	-1.1872564563119825	2.3065881955740254e-10	AC063919.1
PACERR	1.5771825426288173	2.3115858133576267e-10	PACERR
TNFRSF13C	1.179142788653677	2.3131987101727204e-10	TNFRSF13C
LINC00689	1.0301366580700455	2.315545045415892e-10	LINC00689
IQCF6	-1.8912282524865276	2.3179988740923503e-10	IQCF6
AC011751.1	3.113712486636649	2.3251713624092312e-10	AC011751.1
PRNCR1	1.3741057922143065	2.3555550596745467e-10	PRNCR1
AC027796.5	1.662286753593665	2.3567490995397627e-10	AC027796.5
AL159169.3	1.6513039492674233	2.3639274424826077e-10	AL159169.3
AL731557.1	1.9455320937719125	2.3661067940313703e-10	AL731557.1
AC084033.1	1.3217146851705388	2.3661067940313703e-10	AC084033.1
ZIC4	2.5664634834542697	2.3665049361793364e-10	ZIC4
AL390071.1	1.8839138493904772	2.380701574631997e-10	AL390071.1
ERI3-IT1	1.370417205149438	2.3921258789778267e-10	ERI3-IT1
RNF182	-1.292698563431481	2.4078924599706247e-10	RNF182
AC093206.1	2.1238175979969705	2.4488733102189036e-10	AC093206.1
AC104115.2	1.6083251947715351	2.4515735383985966e-10	AC104115.2
IGLV1-44	1.8451331958778063	2.4516043480153904e-10	IGLV1-44
AC253572.1	1.660831471368566	2.4554321848455847e-10	AC253572.1
AC020910.7	2.372553730538962	2.456875973337436e-10	AC020910.7
AL049612.1	1.3432201663566858	2.468137369233797e-10	AL049612.1
C12orf50	1.6042525172389392	2.4796183564062145e-10	C12orf50
AL590666.1	1.2271562070543935	2.483693479324294e-10	AL590666.1
RPL10P13	1.427540172297956	2.4929355380508957e-10	RPL10P13
Z99129.1	1.3083622235635155	2.5025078581127804e-10	Z99129.1
STRCP1	1.547463833345793	2.5051160451115917e-10	STRCP1
AC022826.1	2.344771878296196	2.5100855936927524e-10	AC022826.1
PTPRJ-AS1	2.7932244975082616	2.529430250794765e-10	PTPRJ-AS1
AC105339.3	1.9530107027051535	2.5330078264190864e-10	AC105339.3
LINC02006	-1.5295712367092638	2.5474426929873146e-10	LINC02006
LINC00868	2.90709944764902	2.559485431307973e-10	LINC00868
AL158070.2	1.2243141288997683	2.5606065851183165e-10	AL158070.2
TMEM100	1.3628619370775086	2.57009567214979e-10	TMEM100
VWC2L	1.194917944540847	2.573793021501787e-10	VWC2L
AL360006.1	2.939433728176408	2.578908478377309e-10	AL360006.1
OR52B5P	1.824279705245767	2.588592113957198e-10	OR52B5P
SLC25A27	1.0452117662965426	2.59185913910947e-10	SLC25A27
IGLV2-8	1.7594911402421818	2.6181109426085913e-10	IGLV2-8
AC138207.7	1.373175430449168	2.6372820277014373e-10	AC138207.7
AL162390.1	1.806025792746601	2.6395255309520184e-10	AL162390.1
AC007998.5	1.541352457274539	2.6964757299350643e-10	AC007998.5
ATP8B5P	1.0276811065870697	2.6989882414366055e-10	ATP8B5P
AC005071.1	1.3386445817221	2.7177918328641756e-10	AC005071.1
PKMP5	1.1911279010975273	2.7197320929039223e-10	PKMP5
LINC01398	1.5153364257143451	2.7328785650661457e-10	LINC01398
AC092810.3	2.945401147044881	2.735157508796217e-10	AC092810.3
NBL1	1.000347154556351	2.7695054726382677e-10	NBL1
AC034114.2	-1.3430716106501368	2.7796492623507827e-10	AC034114.2
PRRX2	1.216451770765863	2.8078803488372907e-10	PRRX2
RGS9BP	-1.1626986456027026	2.808596061806685e-10	RGS9BP
AGR2	-2.6679928707929164	2.812577624210351e-10	AGR2
AC082651.1	1.6128708524518764	2.8149755418785973e-10	AC082651.1
BCL9P1	2.9440611884765224	2.8264256042218745e-10	BCL9P1
GDNF	-1.8651117968540267	2.82948194698172e-10	GDNF
FGF17	1.350120098736124	2.8356939969859503e-10	FGF17
AC113348.3	3.187290999752689	2.8359424489796953e-10	AC113348.3
WNT2B	1.1943030678775866	2.8568268461598673e-10	WNT2B
PHACTR2-AS1	2.2705474836573054	2.8718400088036716e-10	PHACTR2-AS1
GRK1	-1.4806047122254764	2.900728486176517e-10	GRK1
AL117329.1	1.928223604066459	2.9241336145952344e-10	AL117329.1
LINC01699	2.3413002890889394	2.9340991129354777e-10	LINC01699
AC012618.1	1.0680934741423322	2.944965635872485e-10	AC012618.1
AC139720.1	1.85033499062203	2.9542237422191e-10	AC139720.1
AC011092.3	1.9627475692088976	2.9657657304835153e-10	AC011092.3
RPL12P42	1.2706378664017717	2.994884481461414e-10	RPL12P42
RNU6-387P	1.480844216969456	2.997589378740294e-10	RNU6-387P
ZMIZ1-AS1	1.0216254344247389	2.9996619053241256e-10	ZMIZ1-AS1
AC099689.3	2.854133373206498	3.0016305614619764e-10	AC099689.3
AC016027.3	2.7832635484619246	3.0152819315233883e-10	AC016027.3
AC027228.2	1.2484293496207295	3.0163991436883585e-10	AC027228.2
KIZ-AS1	1.217447736141637	3.0459828688805337e-10	KIZ-AS1
SPIB	1.3386835751024326	3.051838532171753e-10	SPIB
SLC1A6	2.4164753649986714	3.0526608629847727e-10	SLC1A6
LINC02391	1.017803168557606	3.0554974543098865e-10	LINC02391
AC025811.1	-2.277400747055024	3.079764156344885e-10	AC025811.1
EGR2	-1.17256224435696	3.089948489400032e-10	EGR2
OTP	2.306558026019021	3.0972362474057166e-10	OTP
AF124730.1	1.3645869614064268	3.103285608377693e-10	AF124730.1
AL162615.1	1.058578688035131	3.1626277323422086e-10	AL162615.1
AC018816.2	1.3085420292737413	3.177830260688679e-10	AC018816.2
Z80897.1	1.1246384841129355	3.1809446411495347e-10	Z80897.1
AHSP	2.069498625846724	3.191740559827166e-10	AHSP
AC011352.2	3.668277764368687	3.2174197903132875e-10	AC011352.2
SULT2A1	3.058733475869699	3.2224840751030066e-10	SULT2A1
AC018695.2	2.8778055045016884	3.2226803202357203e-10	AC018695.2
AC092675.1	2.5042774825260827	3.223952257695623e-10	AC092675.1
MIR320B2	1.7486765652660403	3.2403797813357277e-10	MIR320B2
AC119396.2	1.0982527248248952	3.249882094214512e-10	AC119396.2
AC009054.1	2.5226209842058696	3.2505617301281147e-10	AC009054.1
NT5C3AP1	1.0240485070467882	3.3048718329067943e-10	NT5C3AP1
LINC01822	2.931390169706084	3.322298653844133e-10	LINC01822
MIR378J	1.1854521633362725	3.3931473105483077e-10	MIR378J
MIR3945HG	1.4863384302460405	3.4146269887662044e-10	MIR3945HG
AC234781.1	1.067817328191416	3.4233003897942096e-10	AC234781.1
SDAD1-AS1	2.34613122446795	3.440625141727817e-10	SDAD1-AS1
AC010531.3	1.2806641130483247	3.4507058760357657e-10	AC010531.3
GOLGA6L3	1.5336586428736092	3.465097421034238e-10	GOLGA6L3
CEACAM7	-2.750142199937181	3.474927752751908e-10	CEACAM7
BX322234.2	2.132594468587996	3.478879032639073e-10	BX322234.2
AC008080.4	1.3222766151484264	3.480489580600256e-10	AC008080.4
AC016575.1	1.9639320793548656	3.4818784107460425e-10	AC016575.1
AC025262.3	-1.098628904908499	3.4952653136670274e-10	AC025262.3
VWA5B1	-2.2298156557462265	3.5005617584933266e-10	VWA5B1
CNDP1	-1.2511487957052232	3.5005617584933266e-10	CNDP1
AC127035.1	2.252067745630593	3.5039481091809525e-10	AC127035.1
AC022880.2	3.3294855254761884	3.5130614570622446e-10	AC022880.2
AC067942.1	1.1899134839099037	3.5703324182994253e-10	AC067942.1
AL157369.1	1.581027554170394	3.5729395806698073e-10	AL157369.1
HSH2D	1.0673684253653863	3.57311056001596e-10	HSH2D
AC007919.1	1.6475125299464195	3.57311056001596e-10	AC007919.1
OPA1-AS1	1.4203741151063252	3.5852116752290975e-10	OPA1-AS1
AL121989.1	2.36136359456888	3.5875535677832163e-10	AL121989.1
ELAVL3	1.2689877182615663	3.6188274807974937e-10	ELAVL3
RNA5SP39	1.8389355222816333	3.628606709616592e-10	RNA5SP39
AC010991.1	-2.315854942926778	3.6292428776626964e-10	AC010991.1
RPS20P22	1.1456653284543117	3.65161187411146e-10	RPS20P22
RAB5IF	1.0795801842021069	3.654664575883529e-10	RAB5IF
AC068397.1	2.2528633389074475	3.6547397497435084e-10	AC068397.1
IL4	1.534127198070258	3.6589285924162064e-10	IL4
EPHB2	-1.009925639082197	3.765743256038234e-10	EPHB2
AC073548.2	1.5531691093314963	3.7685876320741964e-10	AC073548.2
AP000753.2	2.2019925344892872	3.7748618917231356e-10	AP000753.2
HMGB1P24	1.6415225155448423	3.7809325279546074e-10	HMGB1P24
SNORD101	1.193730187946438	3.790093359890288e-10	SNORD101
PTMAP11	1.0774309721328452	3.8206045833345875e-10	PTMAP11
SLIT3-AS1	1.5020570377911466	3.8289884333038057e-10	SLIT3-AS1
AC025809.2	1.4948065922342508	3.846483181213394e-10	AC025809.2
SKAP1-AS1	1.7214211204122012	3.852565798583875e-10	SKAP1-AS1
SHROOM3-AS1	-1.1211619011580864	3.8526323053164856e-10	SHROOM3-AS1
ZBED1P1	1.968211789894308	3.8536785403815675e-10	ZBED1P1
SNORA47	1.5539651882779513	3.8629798695936073e-10	SNORA47
Z95152.1	1.256281902134944	3.8743207410947996e-10	Z95152.1
PLA2G3	-2.6960134344488247	3.8743502791783466e-10	PLA2G3
AC104653.2	1.4473597140750036	3.8766428081895784e-10	AC104653.2
AP001471.1	1.669632625908252	3.9163425603155446e-10	AP001471.1
RN7SL417P	1.5550324979957602	3.9168534367727354e-10	RN7SL417P
TBC1D22A-AS1	1.216845473151412	3.933804524980375e-10	TBC1D22A-AS1
XIAPP2	1.977420774494107	3.937681564144184e-10	XIAPP2
HADHAP1	1.4923808018322515	3.9409324894786517e-10	HADHAP1
AL513303.1	1.3928059542319555	3.957748698584067e-10	AL513303.1
LINC01518	1.9862207382781256	4.0096057915867127e-10	LINC01518
AC015912.3	1.2528327051261152	4.029411168131318e-10	AC015912.3
EIF2S2P3	1.0687315079046742	4.0374719295226687e-10	EIF2S2P3
MELTF-AS1	1.0931507578678938	4.0562465977299157e-10	MELTF-AS1
AL355336.1	1.3677209512010795	4.102353508187807e-10	AL355336.1
GFRA3	-1.636215580877148	4.108273592874289e-10	GFRA3
GLRA3	-1.93637435034542	4.1128230032436255e-10	GLRA3
LINC01847	1.3309584587834478	4.1209345688651257e-10	LINC01847
MSLNL	2.9022472552616194	4.1254588404428866e-10	MSLNL
PPM1E	-1.5633324522193683	4.1318723171593517e-10	PPM1E
MIR581	2.920989559929373	4.1482845566754576e-10	MIR581
MIR8083	2.6287646558327284	4.1621077954286387e-10	MIR8083
AC010623.1	1.3048566677304845	4.1656540616126624e-10	AC010623.1
CTBP2P7	1.512747662102025	4.1704346791808953e-10	CTBP2P7
AC125437.2	2.3406366700911576	4.172605643670536e-10	AC125437.2
FO393418.1	-1.1212784133846885	4.1748629647465325e-10	FO393418.1
AC020910.2	2.48419290206914	4.2011416921395237e-10	AC020910.2
AC118282.1	2.699985316791055	4.2326976464313047e-10	AC118282.1
RPL12P33	1.3720098424140394	4.25417456111472e-10	RPL12P33
TRPC5	-1.5683458542484408	4.2550099554613257e-10	TRPC5
KRT18P16	1.5255837046705556	4.2563003379957214e-10	KRT18P16
HOXD12	2.103504283491243	4.2589887230982165e-10	HOXD12
SNORD14E	1.6472400608555602	4.2708256114501423e-10	SNORD14E
AC011939.2	2.3724485783620977	4.2851992247369767e-10	AC011939.2
AP000289.1	2.0371710885180394	4.3126798304343084e-10	AP000289.1
AL020993.1	1.9818628651869927	4.315821686168396e-10	AL020993.1
PDCL3P4	1.055392821518275	4.3202876603340355e-10	PDCL3P4
ZNF209P	-3.104054524678145	4.3224672565194744e-10	ZNF209P
AC009264.1	3.1447729066323347	4.3292036173552635e-10	AC009264.1
AL355922.1	1.390119046791071	4.3431414181497515e-10	AL355922.1
RANP8	1.8182354240781389	4.3647786633892637e-10	RANP8
PTPRT	-1.580865808031564	4.372586020389229e-10	PTPRT
RPS15P5	1.1048286311241282	4.404409139073642e-10	RPS15P5
MKRN5P	1.4420563175986585	4.4196943759952255e-10	MKRN5P
UST	-1.2393950880747913	4.4372682276612813e-10	UST
AL663070.1	1.168857750718832	4.441937923521874e-10	AL663070.1
AC124290.1	2.35675119812972	4.46866975867088e-10	AC124290.1
AP000943.3	1.7976037036670554	4.472744115188008e-10	AP000943.3
MYF6	-2.191404145654033	4.4844424235730724e-10	MYF6
AC027544.2	1.4993121034314376	4.4879941401350375e-10	AC027544.2
AC021739.3	2.135247544583492	4.4899983255681514e-10	AC021739.3
ITPRIP-AS1	1.2744758372581222	4.4957546365107183e-10	ITPRIP-AS1
AC022497.1	1.0481173331588485	4.5126800665363624e-10	AC022497.1
MIR29B2CHG	1.0634659653927292	4.5320579461357354e-10	MIR29B2CHG
FAP	1.1449554541070528	4.53869088110313e-10	FAP
CCL22	1.0927719291203408	4.63120961812631e-10	CCL22
SNRPGP4	1.332872379071515	4.6328544574160525e-10	SNRPGP4
SULT1C2P2	1.7467916547553286	4.659188291905698e-10	SULT1C2P2
AC022509.4	1.3326821624915726	4.673292764101471e-10	AC022509.4
LDHAL6EP	1.6377000207543893	4.7624618880362e-10	LDHAL6EP
AC010973.1	1.290645825382012	4.767540377551098e-10	AC010973.1
GREM2	-1.967903685927032	4.777119643470881e-10	GREM2
STMN1P1	1.4613903431466555	4.790027317198309e-10	STMN1P1
IGHV4-31	1.7617085485227375	4.791609699624394e-10	IGHV4-31
AC110994.2	1.0319258631069137	4.801764794300782e-10	AC110994.2
IGHV4-39	1.875786795591445	4.842801017613155e-10	IGHV4-39
AC007919.2	3.024034054985689	4.862381525420412e-10	AC007919.2
INSYN2B	1.3063973858606746	4.87599338365202e-10	INSYN2B
ACTL6B	3.0459054318061107	4.896913227540612e-10	ACTL6B
AC090510.4	1.8227271004987584	4.91711101682755e-10	AC090510.4
HMGA1P4	1.0918348085925695	5.013468648535118e-10	HMGA1P4
MPRIP-AS1	1.752957951727001	5.023383086940534e-10	MPRIP-AS1
ITIH2	-1.255440637264151	5.034479417718277e-10	ITIH2
AC004817.5	1.5272773746916963	5.089601804456794e-10	AC004817.5
AC079779.3	1.783763089076778	5.090631735038155e-10	AC079779.3
SYTL5	-1.5491160277656848	5.10096997803299e-10	SYTL5
AC128687.2	-1.7271973832704182	5.125513315027251e-10	AC128687.2
AC091826.2	1.8107853759047363	5.13017129341137e-10	AC091826.2
AC093765.4	2.42342513873619	5.1669959099922e-10	AC093765.4
AP001267.2	1.6091040066681823	5.172602306574843e-10	AP001267.2
Z94277.1	-1.5771044320851022	5.214260769646383e-10	Z94277.1
PRELID1P2	3.001406832231775	5.243583703611423e-10	PRELID1P2
GSG1L	-1.7451559879396463	5.272494581908942e-10	GSG1L
AL445991.1	1.1209353581058583	5.302130864433829e-10	AL445991.1
LRRN4CL	1.6261768092091	5.340722983716173e-10	LRRN4CL
AC126283.1	-1.1792400637718066	5.346927019750422e-10	AC126283.1
AL096870.10	1.447836683001014	5.350372165335988e-10	AL096870.10
MGC32805	-2.203234310698534	5.37979723615252e-10	MGC32805
PRMT1P1	1.757785217019563	5.426124280490436e-10	PRMT1P1
PRDX3P2	1.5021404685174382	5.44415112862991e-10	PRDX3P2
AC090543.1	2.404131349031437	5.488049367912583e-10	AC090543.1
MYOM3-AS1	2.039549011913829	5.5292790345872e-10	MYOM3-AS1
SYCP2L	1.0189805100545062	5.549288729141865e-10	SYCP2L
LINC01825	1.559828522762705	5.560824748003731e-10	LINC01825
AL451064.2	1.120001393464303	5.568387682470846e-10	AL451064.2
AL139805.1	-1.208864662662416	5.581120877962501e-10	AL139805.1
RPSAP16	1.822931125801839	5.618637633716997e-10	RPSAP16
AL136984.1	1.369183271955498	5.634723283603107e-10	AL136984.1
AF127577.2	1.7385785051722322	5.648400291748746e-10	AF127577.2
H2BC11	1.0361827425319008	5.694962083644451e-10	H2BC11
RNU6ATAC24P	1.255579770719858	5.701908728496781e-10	RNU6ATAC24P
LINC01869	1.1635898056491232	5.718712690936977e-10	LINC01869
OFD1P17	1.6089146932481624	5.748470573996633e-10	OFD1P17
C9orf50	1.092519169891384	5.766277539368168e-10	C9orf50
SLCO1A2	-2.2471988720800398	5.766970387589903e-10	SLCO1A2
CCT5P1	1.744901581974946	5.787435449114656e-10	CCT5P1
LINC01960	1.1212053636185302	5.799935808291995e-10	LINC01960
WNT10A	-1.2537967758368234	5.800416951817051e-10	WNT10A
RPL23AP48	1.1346771827004511	5.814335193708653e-10	RPL23AP48
AL354833.2	1.2805492379544297	5.820497839039011e-10	AL354833.2
AL591848.1	-1.4938096757114971	5.856967055423561e-10	AL591848.1
LRRC37A15P	1.4416590532542837	5.863361654186367e-10	LRRC37A15P
TRDN	-1.9850589541474857	5.888706535117018e-10	TRDN
KRT6B	3.205926448369558	5.896401054797892e-10	KRT6B
SLC25A53P1	1.615754378257411	5.9379600426786e-10	SLC25A53P1
AL356417.2	1.7210391254752282	5.953877440352695e-10	AL356417.2
AL161716.1	-2.112154022464216	5.958253734607118e-10	AL161716.1
PCDHGA5	1.0539564939236	5.994442093375994e-10	PCDHGA5
AP003471.1	1.2380407850710284	5.998864340006345e-10	AP003471.1
AC011767.1	-1.2595564521224945	6.029360310577631e-10	AC011767.1
AC025539.1	-1.4339093518011512	6.029758586476192e-10	AC025539.1
FCGR3B	1.2574789963463524	6.045196563243594e-10	FCGR3B
SLC6A10P	1.8878593055281996	6.121470842885449e-10	SLC6A10P
MIR4701	1.7196877501276562	6.146430524519847e-10	MIR4701
GRIA1	1.693957569456451	6.205350560222199e-10	GRIA1
AC013549.1	1.709015082268986	6.242552629043456e-10	AC013549.1
LINC00355	3.214932359675713	6.278760006659653e-10	LINC00355
AC010320.4	1.3909155547380114	6.278760006659653e-10	AC010320.4
CFAP46	-1.0787993784862695	6.27947669464045e-10	CFAP46
AL162171.2	1.4520850672554813	6.315388660525477e-10	AL162171.2
OR4K2	3.372996180886616	6.322660141385801e-10	OR4K2
BTF3P6	2.289174553816735	6.332531812705062e-10	BTF3P6
AL662789.1	-4.021881256018505	6.345075849983014e-10	AL662789.1
IGHV2-26	1.948491428178424	6.379312423720811e-10	IGHV2-26
DNAH3	1.1190317370150435	6.445819618698702e-10	DNAH3
AC078788.1	1.8258293467865787	6.464921921772814e-10	AC078788.1
PRMT8	-1.6881097939518532	6.473843584811428e-10	PRMT8
ASLP1	1.1609443445368504	6.49057022728863e-10	ASLP1
GAPDHP42	1.5754093388242596	6.51112060096398e-10	GAPDHP42
TMEM249	2.191840480005683	6.517984414573774e-10	TMEM249
GMPSP1	1.2464210361918486	6.558960979231424e-10	GMPSP1
LINC01192	3.318507682851904	6.57067889661523e-10	LINC01192
AC024937.2	1.505755907962806	6.585237554827302e-10	AC024937.2
AL137244.1	1.0814278833905622	6.613359241503965e-10	AL137244.1
AC105383.1	1.5089776322200186	6.648011529868401e-10	AC105383.1
ITIH3	1.324016242094448	6.677636213245897e-10	ITIH3
IL12A-AS1	1.267225337380392	6.739818481707782e-10	IL12A-AS1
AC005803.1	1.8774551495416525	6.764874719814623e-10	AC005803.1
IATPR	1.5503607505338797	6.776247440389966e-10	IATPR
RTEL1P1	1.3616160056172788	6.776285019261031e-10	RTEL1P1
GAPDHP64	1.6039597762080329	6.776326601829355e-10	GAPDHP64
AC115102.1	1.6571865031225148	6.779243169387697e-10	AC115102.1
AP002340.1	1.2381916370476822	6.813936303174649e-10	AP002340.1
FTH1P10	1.1896146667695022	6.864208326182867e-10	FTH1P10
CBY3	1.1973186704391166	6.959629815740072e-10	CBY3
AC093599.2	-1.3579343478217347	6.983469918909633e-10	AC093599.2
AC012254.1	1.5545524906600072	7.010069994918427e-10	AC012254.1
AP000695.2	1.009469755671571	7.032464677053658e-10	AP000695.2
AC012513.2	1.7105054808453186	7.03494883313748e-10	AC012513.2
RPL7P57	1.1837049946313054	7.043388869357132e-10	RPL7P57
AC092110.1	2.934129764386419	7.044264482387581e-10	AC092110.1
SLC25A1P1	1.2841491548086144	7.052519459345187e-10	SLC25A1P1
AC106873.1	2.8952758927134563	7.084209683742906e-10	AC106873.1
IL37	2.5604375128248336	7.087203364794144e-10	IL37
LINC02054	1.9185538953339292	7.172430507940961e-10	LINC02054
AC132803.1	1.4466599851989304	7.209945261485192e-10	AC132803.1
RNU4-78P	1.5609642487033588	7.280383198719486e-10	RNU4-78P
AC039056.2	-1.005480888445742	7.320629082346736e-10	AC039056.2
MAPT-IT1	1.6766042070757106	7.379996107733257e-10	MAPT-IT1
CAPN8	-1.824986463950716	7.386781633161271e-10	CAPN8
TMEM213	-2.875123494632824	7.409004366597703e-10	TMEM213
ANGPTL3	-1.7769296199017433	7.470651970283332e-10	ANGPTL3
AL049836.1	2.254159923721431	7.48975317090443e-10	AL049836.1
AC100849.1	1.0646069870340302	7.530762791628662e-10	AC100849.1
AP002336.1	2.6318805802426826	7.608854267478749e-10	AP002336.1
AC104809.1	2.116216291203165	7.6377525971446e-10	AC104809.1
AL157769.1	1.8729595867433264	7.658109013763715e-10	AL157769.1
AC120498.8	-1.5065000040875418	7.66251952350601e-10	AC120498.8
CSRP3	2.714567297355833	7.694058490780266e-10	CSRP3
LRRC74A	1.256590314840357	7.712836371753817e-10	LRRC74A
AL591926.7	-1.3643200759849277	7.713278148726325e-10	AL591926.7
AL359922.3	1.5495888393344306	7.785454056437116e-10	AL359922.3
AC051619.10	1.59163645464366	7.79796959442621e-10	AC051619.10
RNU4-90P	3.505109036416825	7.798558772153167e-10	RNU4-90P
MTND5P1	1.96774731395582	7.811817202594855e-10	MTND5P1
TBC1D26	2.4535059966933592	7.835632710888471e-10	TBC1D26
AC008764.10	2.3905556241299664	7.857614700579981e-10	AC008764.10
NPM1P35	1.5331915299870271	7.949222366302031e-10	NPM1P35
AC013553.4	1.5484733617744868	7.951138087615498e-10	AC013553.4
AC005828.5	2.3012350117655638	8.012928245948011e-10	AC005828.5
PPP1R1C	-1.637463144638266	8.026559318277754e-10	PPP1R1C
AC093281.1	3.1229351729853123	8.03337018441508e-10	AC093281.1
EFCAB6-AS1	1.319761559308475	8.084611035490294e-10	EFCAB6-AS1
AC004817.1	2.748680230160428	8.095712676746692e-10	AC004817.1
AL031293.1	1.6121212852049307	8.103607371805463e-10	AL031293.1
AC009468.1	2.95432497084307	8.129722626721788e-10	AC009468.1
AC093151.2	1.1786994729162328	8.160966428841004e-10	AC093151.2
AC010653.3	1.6131635436957643	8.171517930040772e-10	AC010653.3
BOLA2P2	1.3273403241327668	8.23243735950001e-10	BOLA2P2
SLC25A41	1.0572374836284884	8.293843028242209e-10	SLC25A41
SH3RF2	1.3025041662602892	8.30598128872058e-10	SH3RF2
NRN1	1.128353287577874	8.32547621620348e-10	NRN1
GAP43	1.4449725504699047	8.331430032953824e-10	GAP43
IGLV1-51	1.8104413970560536	8.357177628287658e-10	IGLV1-51
AL513210.1	2.620317090680864	8.445096534746896e-10	AL513210.1
RPL21P116	1.1228072034866476	8.454261517704902e-10	RPL21P116
AC138123.2	-1.5863889946084793	8.50696307745581e-10	AC138123.2
AC253576.2	1.1423102753698915	8.511225688919366e-10	AC253576.2
CLDN7	-1.0349045250050488	8.513660729489013e-10	CLDN7
AC008434.1	1.490121255927443	8.54616169253381e-10	AC008434.1
AC243772.2	1.136955037720479	8.559074813418753e-10	AC243772.2
RNA5SP311	1.2872781365400092	8.607575333827708e-10	RNA5SP311
AC078852.1	2.5079696979691657	8.610424886088382e-10	AC078852.1
DUX4L32	2.8810401646312727	8.639331002237928e-10	DUX4L32
ZNF114-AS1	3.4605258548063675	8.645612705150876e-10	ZNF114-AS1
COX6CP2	2.597025893038364	8.668512683277424e-10	COX6CP2
AL137058.1	-1.5395415013834095	8.712137169315958e-10	AL137058.1
AC022001.3	1.7941135955044898	8.718644769513146e-10	AC022001.3
AC124798.2	1.5319785090681055	8.752726460185581e-10	AC124798.2
DAPK1-IT1	2.2536822336812703	8.757247585068207e-10	DAPK1-IT1
AC008735.3	1.5351513228662386	8.796699166625814e-10	AC008735.3
AC135586.1	1.992559297279655	8.799984805282431e-10	AC135586.1
HSPE1P27	2.9561751522239352	8.81520251071267e-10	HSPE1P27
AC108693.2	-1.0382277826782025	8.820655776725362e-10	AC108693.2
TPT1P10	1.5746610407318204	8.876484649568206e-10	TPT1P10
AC087591.1	3.4419254637991377	8.920108886287298e-10	AC087591.1
MIR503HG	1.0448382619472116	8.947114284718308e-10	MIR503HG
AC002511.2	1.7049951084672974	9.084836968153197e-10	AC002511.2
LINC01823	2.025924663229682	9.096417168541143e-10	LINC01823
LINC02785	1.042586384909879	9.110421986354861e-10	LINC02785
AC010092.1	1.345625249631247	9.132833702316301e-10	AC010092.1
AQP7	-1.0666272039840925	9.151573271321015e-10	AQP7
AC084262.2	1.4570888797502015	9.172033315361844e-10	AC084262.2
AC008514.1	-1.3137842049104584	9.200104945467235e-10	AC008514.1
ADAD2	-1.3750163871507732	9.293965627824151e-10	ADAD2
AC134775.1	1.4489497734903105	9.393702528220244e-10	AC134775.1
A2ML1	1.2401427313326123	9.401810156120035e-10	A2ML1
AL157938.1	2.024506376672763	9.464876976623611e-10	AL157938.1
RN7SL602P	2.618511226772702	9.525313850302623e-10	RN7SL602P
RNU6-26P	1.4136070906311096	9.540546945027043e-10	RNU6-26P
RN7SL34P	1.294962170208782	9.550567105549962e-10	RN7SL34P
AC012435.3	1.1841273344978374	9.601988547125986e-10	AC012435.3
IGHV3-53	1.809191938174032	9.620068442023638e-10	IGHV3-53
AC243967.3	3.046331844770941	9.628835839214787e-10	AC243967.3
GRIK1	1.0932504681634432	9.635701491453755e-10	GRIK1
DUXB	1.4609377457836397	9.67034177391681e-10	DUXB
BEST2	2.2174592107720423	9.678417829013727e-10	BEST2
IGHV3-64D	2.0123868184281366	9.694608737805014e-10	IGHV3-64D
TDGF1P5	1.9503318299606056	9.73980573427635e-10	TDGF1P5
CHN2	-1.1691444262687325	9.7788895138473e-10	CHN2
CNN2P4	2.214072928332553	9.781016479106188e-10	CNN2P4
IGHV5-51	1.767535436095648	9.808043180288404e-10	IGHV5-51
AC089983.1	2.3449491887939877	9.837620098738084e-10	AC089983.1
AC004825.3	1.4616547343884383	9.845804400521556e-10	AC004825.3
AL592301.1	1.341083609105845	9.883955454729586e-10	AL592301.1
WFIKKN2	-1.942866467585276	9.897399047201336e-10	WFIKKN2
AL031864.1	1.4640862336332312	9.900356470659654e-10	AL031864.1
Z98752.2	2.11406572977976	9.93110904992022e-10	Z98752.2
AL450226.2	2.9727850630870942	1.0063667398920456e-09	AL450226.2
ODF2-AS1	1.7234626324336706	1.0095287473534666e-09	ODF2-AS1
AC098595.1	-1.5506496335394395	1.011421925572087e-09	AC098595.1
AC068189.2	1.5894284370188163	1.0142347308442827e-09	AC068189.2
AL157938.3	1.2454531076627464	1.0236375938952276e-09	AL157938.3
SPATA31E1	1.8188315317389896	1.0312221579724252e-09	SPATA31E1
ZBTB20-AS5	1.7337893958412045	1.0321451025659003e-09	ZBTB20-AS5
AC027544.1	1.742937822451013	1.0324287649372587e-09	AC027544.1
GRAMD4P3	2.8419057177200777	1.0326879609746651e-09	GRAMD4P3
OR10V3P	1.9542071337811555	1.0457451874436098e-09	OR10V3P
AC093909.3	2.648003060438613	1.0560689556050767e-09	AC093909.3
AL844908.1	1.1265320355518231	1.0567420647239674e-09	AL844908.1
C6	1.5574800230359978	1.057552193173541e-09	C6
AC115284.4	1.3292742985423496	1.0675543001662482e-09	AC115284.4
TRPM3	-1.1662578832725414	1.0713199655826126e-09	TRPM3
PRR36	-1.383285308661402	1.0734454181005902e-09	PRR36
MLIP-AS1	2.85007884006726	1.0739749480730243e-09	MLIP-AS1
CBX3P7	1.6766401319918256	1.0761755702043283e-09	CBX3P7
MIR193BHG	1.0806912119169638	1.0765295707627432e-09	MIR193BHG
ADAMTS7P4	1.0491222415320705	1.079894734303665e-09	ADAMTS7P4
LINC00621	1.2738321451785672	1.084021271293269e-09	LINC00621
H1-5	2.740321675294578	1.084021271293269e-09	H1-5
KASH5	1.8874692758241165	1.0887707918502822e-09	KASH5
LHX9	2.70247232192963	1.094287007877536e-09	LHX9
EIF5AP2	1.209849819726549	1.096384444033172e-09	EIF5AP2
H2AC12	2.432185312180032	1.1007007164390659e-09	H2AC12
AC000367.1	2.6721762237742293	1.1068473424168103e-09	AC000367.1
NEB	1.5868906405937506	1.108954176163832e-09	NEB
UBE2CP1	2.306771712605943	1.1233396465195886e-09	UBE2CP1
AC093801.1	1.5122003736644951	1.1534225134444578e-09	AC093801.1
AC016573.1	1.7248595825358086	1.1545128119896656e-09	AC016573.1
MIR6769A	2.017597459171681	1.1559823999328194e-09	MIR6769A
AC007687.1	2.267670340554949	1.1611877440347422e-09	AC007687.1
AC105101.1	2.2409170237071185	1.1634408706297258e-09	AC105101.1
CD207	1.2001166241755907	1.164450368160677e-09	CD207
LINC01713	2.573770709088497	1.1666113609618035e-09	LINC01713
MZB1	1.5988402985552552	1.1697121840904403e-09	MZB1
AC093904.4	-3.019683562746536	1.1780635401791144e-09	AC093904.4
PGAM1P7	1.579991575307817	1.181172965012158e-09	PGAM1P7
TCP10L2	-1.5989904885661013	1.1821397456692547e-09	TCP10L2
AP003721.1	1.5838090856941514	1.1860115899239784e-09	AP003721.1
RPL9P28	1.308349581114272	1.1880470195171615e-09	RPL9P28
AC068282.1	1.641791295840087	1.1962476742835468e-09	AC068282.1
ZNF556	-1.1952938521776038	1.1999718302075107e-09	ZNF556
AC107401.1	2.845909081025538	1.2028785288059238e-09	AC107401.1
PCDHB8	1.0951083060438087	1.203715035997011e-09	PCDHB8
IGKV2-24	1.7149690425422472	1.205550088882761e-09	IGKV2-24
FUT6	-1.302151361637054	1.209936848093203e-09	FUT6
MIR5685	1.5514154553811312	1.210487820478701e-09	MIR5685
OR4D9	2.900225313818332	1.2247828794837198e-09	OR4D9
SHOX	1.8624266504366216	1.226299622140967e-09	SHOX
AC105137.2	1.0574901858456354	1.230414207606057e-09	AC105137.2
RPS3AP18	1.43885911040567	1.2368842677046983e-09	RPS3AP18
LYST-AS1	1.8955168371020448	1.2412998529747878e-09	LYST-AS1
AL138899.2	1.5111293339578735	1.2416094198983396e-09	AL138899.2
AC005355.2	1.2562721536812649	1.2427325350367534e-09	AC005355.2
RNA5SP296	1.8095028160329567	1.2489629060967396e-09	RNA5SP296
USP32P2	1.6907356692121305	1.2584190460569775e-09	USP32P2
AL590807.1	2.116498557085483	1.2619115368347316e-09	AL590807.1
AC104581.3	1.8730660825760608	1.2657662309640827e-09	AC104581.3
WASF5P	2.4170742609318765	1.268686907049249e-09	WASF5P
AL034351.4	2.978617489762024	1.2715139460934895e-09	AL034351.4
GRIP2	-1.0014105758083724	1.2793735428247287e-09	GRIP2
SNORD91B	1.818438347799602	1.2822402276763306e-09	SNORD91B
TNFRSF17	1.5850189731353284	1.2853244515530567e-09	TNFRSF17
BSND	-3.391226842823767	1.2854557482403392e-09	BSND
AC003080.1	2.6596174777420423	1.2963767547880903e-09	AC003080.1
AC087893.2	1.780638587781184	1.2974432620232371e-09	AC087893.2
LINC01648	1.6317386470625248	1.2981505480794035e-09	LINC01648
AC019064.1	2.9749256356430966	1.306951002806393e-09	AC019064.1
BTNL3	1.3835545903778306	1.312716809656165e-09	BTNL3
AL354733.2	1.068950918493467	1.3173508181125783e-09	AL354733.2
EDRF1-AS1	1.1820854868920634	1.3177060938684571e-09	EDRF1-AS1
RN7SKP22	1.860719939787548	1.3177384462137904e-09	RN7SKP22
WNT6	1.1553433371253818	1.3177384462137904e-09	WNT6
NLRP4	1.682901747118303	1.3211013404165527e-09	NLRP4
AC092139.1	2.2990899657795145	1.3214787549918856e-09	AC092139.1
NKX6-3	2.8535013624751877	1.3238084356367286e-09	NKX6-3
LINC02768	1.0447285465248992	1.324796095911245e-09	LINC02768
POM121L9P	1.2196283081227803	1.3298947569042651e-09	POM121L9P
MISP	-1.6337581689865046	1.3324547055654454e-09	MISP
ARGFX	2.7619085059353665	1.332771072658811e-09	ARGFX
AC007494.2	1.9205505260770537	1.3346192651681847e-09	AC007494.2
AC025459.1	1.5360118846843018	1.3399571672667095e-09	AC025459.1
AC027796.1	1.3412019828037394	1.3424480998041607e-09	AC027796.1
CYP8B1	-1.4721470437387936	1.3435151874147055e-09	CYP8B1
AC002463.1	1.163145531783694	1.3437592646992231e-09	AC002463.1
POU2AF1	1.504029497498493	1.3666389504868347e-09	POU2AF1
RNU6-476P	1.4021397257392043	1.370483820166881e-09	RNU6-476P
AL139099.2	1.161301429709012	1.3742098394356443e-09	AL139099.2
LINC02334	-1.2399844131396869	1.375870417721673e-09	LINC02334
AL359922.2	1.0476156887845174	1.379995093153049e-09	AL359922.2
AP001024.1	1.3483228856500384	1.381184401891194e-09	AP001024.1
SLAMF9	2.012458351354242	1.387515598235263e-09	SLAMF9
LINC01924	-3.0350875056380184	1.3912149170527811e-09	LINC01924
LINC01280	3.014162180755307	1.4015802607273506e-09	LINC01280
AL033530.1	2.458985902223589	1.4029759846371602e-09	AL033530.1
CSMD1	-1.3385083930534338	1.4068429892416236e-09	CSMD1
AC074117.2	1.307451171524198	1.422942338958222e-09	AC074117.2
AL035706.1	1.9331267696089531	1.4379270751788002e-09	AL035706.1
AC078850.2	-1.6394469013940636	1.4415594122022486e-09	AC078850.2
AL034417.3	1.4379827273656365	1.4489381281960296e-09	AL034417.3
AL512274.1	-1.0566416444454512	1.449925025792298e-09	AL512274.1
AC099552.3	-4.357981687062026	1.455090478760924e-09	AC099552.3
GCNT1P1	1.5485046431392695	1.4582279566729634e-09	GCNT1P1
AC020910.4	1.5698596271004517	1.462010851282953e-09	AC020910.4
AC004846.2	1.038992336494306	1.476975791157025e-09	AC004846.2
RNU6-930P	1.880674582016501	1.4831382581913791e-09	RNU6-930P
MTND2P40	1.3345106107606706	1.494664534307538e-09	MTND2P40
RPS3AP27	1.5658624597696982	1.4947617744696148e-09	RPS3AP27
DAZL	-2.003053484941799	1.497992874715189e-09	DAZL
SGSM3-AS1	1.9094429162523645	1.4981447561204035e-09	SGSM3-AS1
USP32P1	1.741684943001392	1.5070682940269895e-09	USP32P1
SRPK3	1.0574236894666025	1.510938649862183e-09	SRPK3
MFAP1P1	1.0544266510521296	1.517920618798201e-09	MFAP1P1
HSD17B13	1.3232460279495186	1.5207141359052e-09	HSD17B13
AL513493.1	2.635463022578535	1.5240607276236422e-09	AL513493.1
AC233728.1	1.0661986570833015	1.5339520293789255e-09	AC233728.1
CYP26A1	1.9788828930097389	1.546018064168114e-09	CYP26A1
GPR42	2.7796417088661247	1.564432419728168e-09	GPR42
AC069222.1	1.021268190193455	1.5680527093455467e-09	AC069222.1
AL589935.2	1.213937189105916	1.575239694118405e-09	AL589935.2
KRT33A	2.742893210624868	1.5766246249744047e-09	KRT33A
TEX12	1.1854046468668176	1.5913970577128231e-09	TEX12
AL357556.1	2.20241021127676	1.592650516767863e-09	AL357556.1
RNA5SP527	1.5556083214123515	1.593724189105711e-09	RNA5SP527
GGT2	1.4062041663668396	1.613752093171592e-09	GGT2
AC015883.1	1.554317673220099	1.6172060092060272e-09	AC015883.1
AC005293.1	1.8828769519559676	1.6195278840826835e-09	AC005293.1
RN7SL233P	1.858349007247914	1.623728635089862e-09	RN7SL233P
C8orf74	2.925308697948217	1.633199222127498e-09	C8orf74
AL121835.2	2.0495599554262363	1.6458693497428916e-09	AL121835.2
AC068870.3	1.9545723382440328	1.6510975107670143e-09	AC068870.3
UBE2R2-AS1	1.2339635435536012	1.6518040844899835e-09	UBE2R2-AS1
RNU6-658P	1.2377143037728555	1.657483216709548e-09	RNU6-658P
SRP72P2	1.551717578243028	1.6631629599864554e-09	SRP72P2
ZYG11A	-1.3066544137284457	1.669621863546003e-09	ZYG11A
AC016954.1	2.3140868292296903	1.6848420644193202e-09	AC016954.1
LINC02600	-1.1162293551149052	1.690005531126605e-09	LINC02600
RPS15AP17	1.4396228044221118	1.6903342196802631e-09	RPS15AP17
LINC01304	2.98935068030001	1.6916011880699214e-09	LINC01304
IGHV3-7	1.6657988713902363	1.6950180103774552e-09	IGHV3-7
UBL4B	1.655588755697984	1.6992182236053283e-09	UBL4B
AIPL1	2.495788231900622	1.710150130475714e-09	AIPL1
Z98048.1	1.8026046859146745	1.72418556814726e-09	Z98048.1
TAS1R1	-1.088089823878067	1.7268654145822785e-09	TAS1R1
ETV5-AS1	1.6247922900384273	1.7334596357439123e-09	ETV5-AS1
RPS3P6	1.01993160998959	1.7514951558469362e-09	RPS3P6
AL158151.1	1.992824975458985	1.7699666051665323e-09	AL158151.1
ALDH1L1-AS1	1.7897792543997304	1.7930716473216707e-09	ALDH1L1-AS1
AL008718.2	1.2452112721254451	1.7997361928334075e-09	AL008718.2
AC079210.1	1.6117957444059454	1.8047374936702394e-09	AC079210.1
AC011453.1	1.7636670376338686	1.806335627360878e-09	AC011453.1
SNORD19C	1.1398045743670224	1.8270112145161918e-09	SNORD19C
TUBBP2	1.2296667041101197	1.8270112145161918e-09	TUBBP2
AC006141.1	1.7681194390696662	1.829549426088056e-09	AC006141.1
AC090150.2	3.119256626888582	1.8365079312811315e-09	AC090150.2
AC104335.2	1.7884989369132127	1.8386376234586083e-09	AC104335.2
AC092117.2	1.5409321947226893	1.844698373807412e-09	AC092117.2
CELF4	1.045932463818086	1.847223794881272e-09	CELF4
AC079316.2	2.671406503241136	1.859773670439053e-09	AC079316.2
CACYBPP1	2.5248686763664274	1.863102965427399e-09	CACYBPP1
GPX2	-1.4514670007859365	1.872959879381272e-09	GPX2
AC105020.2	1.772164772924992	1.874760434418995e-09	AC105020.2
AQP6	-2.698002366396881	1.8775497963060272e-09	AQP6
AP001993.1	2.719449414588928	1.891510258850841e-09	AP001993.1
AC004593.1	-1.5847939540195335	1.900999267321694e-09	AC004593.1
AC009560.3	1.4101649116996748	1.904389976770853e-09	AC009560.3
MMP12	2.0075653914744	1.92764558169663e-09	MMP12
WDR38	1.1016374410027558	1.931137638389444e-09	WDR38
AC107385.2	4.842468412360903	1.9638058648047553e-09	AC107385.2
PPIAP54	1.1623593527367329	1.969878270633406e-09	PPIAP54
AL162293.1	2.866587291186472	1.9826799427787344e-09	AL162293.1
LINC01570	2.800550615982396	1.986058972437929e-09	LINC01570
AC069437.1	2.3364207907686243	1.9879904013962126e-09	AC069437.1
CD79A	1.441375557495301	1.9888637200573502e-09	CD79A
THBS2	1.299391011629084	1.9908971234182062e-09	THBS2
LINC02340	1.1195435149613715	1.9914954267680988e-09	LINC02340
IGHJ3	1.933230597729708	1.9979315988396518e-09	IGHJ3
LINC02404	-2.5760173943613083	2.014753485837681e-09	LINC02404
AC008591.1	2.1504988213198324	2.03567468222063e-09	AC008591.1
IGHV3-11	1.734673949028758	2.040696230773248e-09	IGHV3-11
NXPH2	-3.4078153127435318	2.041750650147623e-09	NXPH2
IGKV3OR2-268	1.901379310468264	2.0456834470936473e-09	IGKV3OR2-268
AC009495.1	1.595588978837745	2.047320861565847e-09	AC009495.1
PIMREGP1	1.4712370065816762	2.062032978494325e-09	PIMREGP1
NADK2-AS1	1.005092804054578	2.062799337228613e-09	NADK2-AS1
AL354893.2	1.7112018631290749	2.0644354828766592e-09	AL354893.2
FOXG1	1.960231657073076	2.070503912472564e-09	FOXG1
MLIP-IT1	1.689913057340083	2.0787427368300003e-09	MLIP-IT1
AL136084.1	1.0950824918672537	2.0950721069412966e-09	AL136084.1
AGT	1.0860119727209103	2.095743877844444e-09	AGT
NCAM2	-1.4005787848123672	2.0998400019232554e-09	NCAM2
AC100774.1	1.3259211565250688	2.103087356099322e-09	AC100774.1
CBY2	-1.9478209264180464	2.1151846457458783e-09	CBY2
RPS20P31	2.353466663276335	2.144935059748516e-09	RPS20P31
PTBP1P	1.5786676012099936	2.1628961838191086e-09	PTBP1P
HMGB1P11	1.5943630352544595	2.163249196438702e-09	HMGB1P11
GALNT5	1.7748023161968938	2.169878423831008e-09	GALNT5
AP001442.1	1.1462726919826762	2.1709064127198e-09	AP001442.1
TNC	-1.03439571309361	2.181798654433279e-09	TNC
AC092620.1	2.1928615406612173	2.1844328963347724e-09	AC092620.1
AC006518.1	1.4982468812655143	2.191190763510326e-09	AC006518.1
AL356020.1	1.6289575200008428	2.197232887784736e-09	AL356020.1
AC018445.3	1.9459026897929543	2.2085752714305932e-09	AC018445.3
AC016831.6	1.0760208097920976	2.214301518069294e-09	AC016831.6
NEUROD2	1.507979200650978	2.2311567286725154e-09	NEUROD2
SNORA72	1.8907126029825208	2.2359535860271317e-09	SNORA72
SLC5A12	-1.5759825676517076	2.240590194981251e-09	SLC5A12
AC069499.2	1.9276930869676925	2.2493135865380597e-09	AC069499.2
AC244093.4	1.2212313777560049	2.2516585539364156e-09	AC244093.4
RN7SKP44	1.9207646687533309	2.255422170218565e-09	RN7SKP44
IGHV1OR15-2	2.040377976776958	2.260873877631038e-09	IGHV1OR15-2
HSD17B3-AS1	1.9048320979706692	2.2614740976971607e-09	HSD17B3-AS1
AC004543.1	1.7605697896802508	2.264742890999765e-09	AC004543.1
RPL10P8	1.317014920105978	2.340483025253206e-09	RPL10P8
AC018529.3	1.32272311827357	2.348680710201375e-09	AC018529.3
SPDYE7P	2.175589349741069	2.3800675731913966e-09	SPDYE7P
AC021066.2	1.976315767611362	2.4086397694037302e-09	AC021066.2
SLC25A24P1	2.6591697962300445	2.420465215660138e-09	SLC25A24P1
AC021755.3	-1.290795839500662	2.4387136729856503e-09	AC021755.3
STOML3	1.7588058345729547	2.439951505983926e-09	STOML3
FLRT3	-1.1906528764963484	2.444454186489342e-09	FLRT3
AC139103.1	1.8820791621842128	2.4689650300225254e-09	AC139103.1
AC068491.2	1.8070971525827404	2.4730389533479404e-09	AC068491.2
MIR3942	1.3710579077897351	2.481184726567128e-09	MIR3942
FAM156B	1.0944298537947112	2.4944756642506487e-09	FAM156B
AL391650.2	-2.372896642504598	2.497877499051711e-09	AL391650.2
AC008543.4	1.0444866273782227	2.502763706568785e-09	AC008543.4
SLC16A12	-1.1560913072135104	2.521746142613083e-09	SLC16A12
AL355864.2	1.4356127524892794	2.534546306876666e-09	AL355864.2
AC099804.1	1.7795549178406198	2.5357492988281107e-09	AC099804.1
AC114737.1	3.1220017498174983	2.5401573274087363e-09	AC114737.1
AC010271.1	1.1465581983529285	2.556372959456548e-09	AC010271.1
AP006545.2	1.2326544807979598	2.556372959456548e-09	AP006545.2
RPL9P3	1.154539212470577	2.567792678824661e-09	RPL9P3
AC112512.1	1.847969284548096	2.6125038943657e-09	AC112512.1
UGT3A2	-1.800593805318145	2.61638613721599e-09	UGT3A2
GPX1P1	1.061367527607859	2.6236171912371662e-09	GPX1P1
KRT18P10	1.1989832256528217	2.628727631988844e-09	KRT18P10
AC010287.1	2.813797459714749	2.631129901496381e-09	AC010287.1
AC078860.2	1.730527144294183	2.634650185910866e-09	AC078860.2
AC022364.2	3.173738637100287	2.649172588239193e-09	AC022364.2
AC027575.1	1.9287930920046328	2.662521635875733e-09	AC027575.1
EDARADD	-1.0505772925097328	2.6714386105893913e-09	EDARADD
AC079601.1	1.5582170470422687	2.6758833107063532e-09	AC079601.1
AC011506.1	1.0918722508953913	2.682064861213751e-09	AC011506.1
TUBBP5	-1.5454969028318064	2.6834561773615744e-09	TUBBP5
AC009305.1	2.1972495174395794	2.695241894558286e-09	AC009305.1
HSF5	1.141590760698453	2.701844927605453e-09	HSF5
IGLV2-11	1.6422952490433058	2.7122478934281834e-09	IGLV2-11
AC079193.2	1.13378470097909	2.720802424727489e-09	AC079193.2
RPLP1P13	1.8129974738302643	2.7421785342172732e-09	RPLP1P13
FCAMR	-1.5195883987391918	2.743095112581222e-09	FCAMR
PITX3	-1.7619057324127587	2.7589888273779853e-09	PITX3
F12	1.2346558319942753	2.7605685658305504e-09	F12
AC106799.1	-1.7378464833712717	2.76190568419957e-09	AC106799.1
STON1-GTF2A1L	1.818021047060932	2.7830045923093782e-09	STON1-GTF2A1L
AC239799.2	2.188832303693038	2.794330419082521e-09	AC239799.2
FCF1P5	1.5028415109788338	2.800795612677411e-09	FCF1P5
EEF1B2P7	1.4248327978790474	2.807707949282193e-09	EEF1B2P7
AL359697.1	1.0334480051120254	2.8234907825150942e-09	AL359697.1
AC005828.6	1.5562060619872464	2.852918067740506e-09	AC005828.6
SNORD19	1.3403254565748324	2.8637288597006263e-09	SNORD19
AC008147.2	1.049132627571815	2.8709101875802413e-09	AC008147.2
AL596275.1	1.2127735060570206	2.871309325208278e-09	AL596275.1
MT1DP	1.1285617384149158	2.9181916908463403e-09	MT1DP
AC005183.1	1.8367235725496236	2.935978161558029e-09	AC005183.1
ANKRD20A21P	1.342949168034724	2.938180745359033e-09	ANKRD20A21P
AP006261.1	-1.494154816121067	2.941250514131918e-09	AP006261.1
AP000553.9	1.2831674274428555	2.9444911856742087e-09	AP000553.9
MOB4P2	1.682780374728953	2.992520493167505e-09	MOB4P2
SCX	1.0366870493113944	3.012235947146321e-09	SCX
AK3P5	1.5413654079670835	3.017916466773001e-09	AK3P5
CHCHD2P7	-1.775679558589276	3.033344024279735e-09	CHCHD2P7
RNU6-882P	1.230089468789658	3.066594127748586e-09	RNU6-882P
LINC02167	2.5612860488265023	3.0932719072382595e-09	LINC02167
AC021613.1	1.96699106470201	3.0998490272143996e-09	AC021613.1
ZACN	1.2702077880434577	3.1038325852111766e-09	ZACN
AC087442.1	2.166768422195702	3.1133749795781662e-09	AC087442.1
CIBAR2	1.7894781874368435	3.119941121732713e-09	CIBAR2
THBS4-AS1	1.003227416672972	3.122073218413523e-09	THBS4-AS1
AC125611.4	1.654192132535986	3.151663466262033e-09	AC125611.4
SEC61G-DT	1.3466385134730003	3.167144281873033e-09	SEC61G-DT
TSLP	-1.0953946233196274	3.1759077175402463e-09	TSLP
AL118522.1	-1.8484303202138503	3.179279534424656e-09	AL118522.1
RNU6-322P	1.088587395666396	3.19756266652407e-09	RNU6-322P
AL034417.2	1.1681286481062378	3.231166397784888e-09	AL034417.2
RNU4-2	1.681162295779285	3.266033908421956e-09	RNU4-2
FBP2	-1.3570886062592942	3.2674769249569277e-09	FBP2
PLA2G1B	1.161619509423544	3.269312107161237e-09	PLA2G1B
AC009994.1	2.141015749405515	3.274492203922364e-09	AC009994.1
AC016727.3	1.3048985848564305	3.278708838793426e-09	AC016727.3
OR1I1	1.912486903730697	3.2806941020087484e-09	OR1I1
AL353138.1	1.067984459571531	3.287012207478192e-09	AL353138.1
NUP35P1	2.2968580690608253	3.3292600386796236e-09	NUP35P1
AL512656.1	1.2854593792919446	3.341743400170788e-09	AL512656.1
AC090527.3	1.3126846574373527	3.358854834820354e-09	AC090527.3
LINC01608	2.1934856720255844	3.3752485678082236e-09	LINC01608
SNORD11	1.6794224980009431	3.382826649526622e-09	SNORD11
AC022079.1	1.698337246345666	3.3981721055246e-09	AC022079.1
ADGRF4	2.033353294609614	3.4057634051478252e-09	ADGRF4
TCAF2C	1.1916679457539163	3.4202924231217474e-09	TCAF2C
AC087379.1	-2.247664567944829	3.427642632984573e-09	AC087379.1
LINC02887	1.4377874235595975	3.432031390265249e-09	LINC02887
AC244517.12	1.7836178713622872	3.4544773805640513e-09	AC244517.12
RPL9P18	1.032158872025971	3.4585401139172687e-09	RPL9P18
AC021134.1	3.105206171275233	3.464583249086906e-09	AC021134.1
AGAP7P	1.389892558905195	3.476403926140789e-09	AGAP7P
ALG1L	-1.064177807670529	3.507711507945295e-09	ALG1L
H3C7	2.7575423434708712	3.5369490763228314e-09	H3C7
AC091868.2	2.195269851839853	3.5437966717388387e-09	AC091868.2
AC090607.1	1.2182782015075615	3.5531742300473686e-09	AC090607.1
LINC01348	1.0874053423521364	3.5626829318144562e-09	LINC01348
RCVRN	1.4662684553637746	3.581688379920474e-09	RCVRN
CCBE1	-1.7945584236316825	3.6097091194738765e-09	CCBE1
AC138951.2	2.972688469814321	3.622281233994078e-09	AC138951.2
AC115619.1	3.143993050136753	3.627589685978057e-09	AC115619.1
GRM3-AS1	1.641413172667974	3.634011353281768e-09	GRM3-AS1
AL034418.1	1.836204877155686	3.6410739504489036e-09	AL034418.1
AC090844.3	2.0997154778489024	3.6411107522406287e-09	AC090844.3
MFFP1	1.8936420207412727	3.680705199385589e-09	MFFP1
GLYATL1B	2.309271078030661	3.689167971139707e-09	GLYATL1B
IGKV1-5	1.6631445737937889	3.6939569440687215e-09	IGKV1-5
AL359852.2	1.3811066053952377	3.700761720821785e-09	AL359852.2
AC009041.1	1.615621747327269	3.7050976394499367e-09	AC009041.1
HNRNPCP8	1.0865943423132924	3.716065132348646e-09	HNRNPCP8
AC091151.1	1.5509202821418706	3.7284787189469135e-09	AC091151.1
ASTN2-AS1	2.012443631510836	3.747071420146613e-09	ASTN2-AS1
AL353597.3	1.7210696430455377	3.749631467364067e-09	AL353597.3
LRRC74B	2.132853081006834	3.774280256700703e-09	LRRC74B
AC011465.1	1.4995890702087422	3.7800914148997115e-09	AC011465.1
LINC01933	1.268786815304738	3.808956865352809e-09	LINC01933
AC007349.1	1.383950613602696	3.812343124175553e-09	AC007349.1
AC026124.1	2.025125992830441	3.8288076271797535e-09	AC026124.1
AL023584.2	2.112162106652914	3.836493467882527e-09	AL023584.2
NPM1P8	1.2308945588374725	3.8536383000266995e-09	NPM1P8
RN7SL338P	2.09701620373755	3.862687384068603e-09	RN7SL338P
AL049542.1	2.6413422146976324	3.878496449676424e-09	AL049542.1
AC100797.1	1.6320284334993729	3.895025476619653e-09	AC100797.1
AC106882.1	2.251955429109369	3.922960361775525e-09	AC106882.1
WFDC21P	1.3422216626250674	3.922960361775525e-09	WFDC21P
AL512347.1	-2.0752426930602623	3.934975086352212e-09	AL512347.1
FOXL2	1.589562271808985	3.947062403249423e-09	FOXL2
AC007533.1	2.186502171408841	3.950552816414554e-09	AC007533.1
LDHC	-1.4978598117933764	3.950552816414554e-09	LDHC
AL157385.2	1.642495716403261	3.957690569106453e-09	AL157385.2
LINC02513	2.5086917503463115	3.9678988777289275e-09	LINC02513
AC022929.2	2.037578657162568	3.986371504146649e-09	AC022929.2
AC127024.3	1.866915319230191	3.998465930005416e-09	AC127024.3
RPS15AP38	1.134963864953489	4.0179397527527824e-09	RPS15AP38
SLC25A32	1.0049670832191742	4.0179397527527824e-09	SLC25A32
MAP3K5-AS1	1.074395677561325	4.02178633629593e-09	MAP3K5-AS1
AC005586.1	1.1351122022455968	4.031361147278711e-09	AC005586.1
GRAPL	1.2822899598153377	4.036190070226726e-09	GRAPL
AL121749.1	1.701767712707353	4.0416164439405505e-09	AL121749.1
AC009269.5	1.2324095013576553	4.059271985448282e-09	AC009269.5
AL590128.1	2.6944353093840894	4.063579563419206e-09	AL590128.1
BX293535.1	1.2116656210883543	4.0761087975918964e-09	BX293535.1
AC117394.2	1.0857007819753406	4.076754428762061e-09	AC117394.2
IGHV3-69-1	1.955277739295564	4.083630464427944e-09	IGHV3-69-1
LINC01902	2.068705884196994	4.0949005178756255e-09	LINC01902
AC026353.1	2.465089711645512	4.098768204046618e-09	AC026353.1
UBA52P7	1.6861519969284833	4.11919696581808e-09	UBA52P7
KCNJ13	-2.042239820440411	4.138988492006586e-09	KCNJ13
BX255925.4	1.5207457513117602	4.171870254367449e-09	BX255925.4
AP001056.2	2.1396126520565684	4.197683110493977e-09	AP001056.2
LZTS1-AS1	3.0009979399856928	4.2516958340172315e-09	LZTS1-AS1
BX088651.4	1.0822621850405367	4.253402844885543e-09	BX088651.4
FGF14	1.1340125484221075	4.2650493239767685e-09	FGF14
AC114550.1	2.51124680410786	4.304879023666058e-09	AC114550.1
AC139783.1	1.9776317321771235	4.3113981972721114e-09	AC139783.1
AC020904.1	2.4091679894900406	4.328521877184009e-09	AC020904.1
AC004485.1	-1.5780308727725167	4.339094800664866e-09	AC004485.1
AC009955.4	1.5420945846365162	4.419373688790618e-09	AC009955.4
BTF3P7	1.1570323511753122	4.429793976460109e-09	BTF3P7
HOXB1	-2.3044233025009024	4.4325931576795035e-09	HOXB1
RPS6P8	2.700932221172364	4.4482411918702625e-09	RPS6P8
OR5AK4P	1.827630755965505	4.459481368201314e-09	OR5AK4P
AC113615.1	2.6619070478275098	4.4949118235662035e-09	AC113615.1
ROBO2	-1.053287436077709	4.4991524123917265e-09	ROBO2
AC138776.1	1.318317705140846	4.526318973675087e-09	AC138776.1
KRT7	-1.748369404716483	4.5376686074361395e-09	KRT7
PTPRD	-1.1935339599492556	4.576413189753643e-09	PTPRD
AL590434.1	-1.91054306104889	4.631840093427181e-09	AL590434.1
Z94160.1	2.5106174269731043	4.6403332491127024e-09	Z94160.1
AC009434.1	2.462057450780799	4.641223573487811e-09	AC009434.1
AC007014.2	1.4764261873357332	4.721831059444817e-09	AC007014.2
AC008147.3	1.7261722028079276	4.7626000275719705e-09	AC008147.3
GPRC5A	-1.4937239409254006	4.763251373903258e-09	GPRC5A
AC008937.2	1.6319580357208767	4.767235401134875e-09	AC008937.2
MIR202HG	2.362903309739039	4.785584629181335e-09	MIR202HG
SMIM41	2.0530158274759454	4.798095227001055e-09	SMIM41
RPLP0P2	-1.4174620774487747	4.807214933765116e-09	RPLP0P2
AC008438.2	2.9142336886626548	4.820474948325198e-09	AC008438.2
AL136320.1	2.7885471070536423	4.848882817028473e-09	AL136320.1
RPS26P21	1.73964294669788	4.853232932479156e-09	RPS26P21
NR5A1	2.3828311835159006	4.862153329490696e-09	NR5A1
VCX	1.9557952898584063	4.876161848725707e-09	VCX
PIP	2.6576214557375137	4.909662295873626e-09	PIP
AC008805.2	2.2836470256574213	4.9321433841266375e-09	AC008805.2
SLC38A4	-1.690762652011898	4.937031955971883e-09	SLC38A4
TP53AIP1	-1.4360850022670848	4.961248395107389e-09	TP53AIP1
RN7SL69P	3.216266981006932	4.961611626302377e-09	RN7SL69P
AL163192.1	1.92285275366676	4.9620286002798e-09	AL163192.1
RHOXF1P3	1.056886768753832	4.974821485117447e-09	RHOXF1P3
RPL10AP1	1.6943064005136508	5.008574231484087e-09	RPL10AP1
AL133492.1	2.383107804440578	5.039642784016411e-09	AL133492.1
MIR145	1.3301177487177944	5.047179060524492e-09	MIR145
AL591866.1	1.232448858945084	5.138963694896805e-09	AL591866.1
KRT18P40	2.37633727010782	5.141993432533351e-09	KRT18P40
AC079416.3	1.321440416293408	5.151007199133227e-09	AC079416.3
SLC27A2	-1.109789366489762	5.165039338796526e-09	SLC27A2
LINC02064	3.487410035337006	5.172123327128902e-09	LINC02064
AP005229.2	-3.604722927584976	5.189032580070345e-09	AP005229.2
PCP4	-2.457550776465748	5.2507695237523055e-09	PCP4
KCNS2	-1.3651906617756109	5.259721177216958e-09	KCNS2
LINC01498	2.458230453036813	5.268624035719751e-09	LINC01498
AC011451.4	1.297280066809246	5.275305244404339e-09	AC011451.4
MKRN2OS	-1.0255745701728574	5.288052554799154e-09	MKRN2OS
CYP2G1P	1.6042406050503135	5.308789830790764e-09	CYP2G1P
CALCA	-3.039964656998178	5.3125164673192974e-09	CALCA
RPL7P52	1.5918277372070184	5.352905384980096e-09	RPL7P52
NEUROG3	1.8910758984355065	5.391655285600436e-09	NEUROG3
AC002128.2	1.1404923476261506	5.392398975751785e-09	AC002128.2
LINC02507	1.873954104901928	5.401429925025728e-09	LINC02507
ETV4	-1.3214482337253055	5.404892854989026e-09	ETV4
IGHV2-70	1.866492054827112	5.417991030155055e-09	IGHV2-70
CYP4A22	-1.848034726829162	5.4220536807818864e-09	CYP4A22
AC064802.1	3.512272990894639	5.4421276209559245e-09	AC064802.1
AC073326.1	1.3938861603719117	5.443219590974841e-09	AC073326.1
HCN4	-1.3022335119943993	5.446433286164521e-09	HCN4
AC011481.3	1.076104951818299	5.496205211190019e-09	AC011481.3
RN7SL277P	2.7356724631892613	5.558343194732026e-09	RN7SL277P
AL513325.1	1.4481661677736108	5.5948198758683435e-09	AL513325.1
SPATA13-AS1	2.227036219699992	5.663311372979531e-09	SPATA13-AS1
AL158156.1	1.344590262004087	5.681451397988964e-09	AL158156.1
GALNTL5	3.0212024952782977	5.686482367851658e-09	GALNTL5
GCNT1P3	2.663788338194869	5.692051743817337e-09	GCNT1P3
LINC02112	2.190186642767893	5.692051743817337e-09	LINC02112
DSG3	2.3873106606919885	5.703033957747096e-09	DSG3
Z98885.1	1.83424824922796	5.716360316259211e-09	Z98885.1
PCDH11Y	-1.790612442003765	5.757614745277082e-09	PCDH11Y
AC100827.5	2.486404533750204	5.761458075411728e-09	AC100827.5
AC008781.1	1.0279670510613017	5.769081331767433e-09	AC008781.1
AC087379.2	-2.000941049583969	5.782205431604359e-09	AC087379.2
AC093675.2	2.0427243812234392	5.818063393937873e-09	AC093675.2
AC004490.1	2.186781254940802	5.831827542254464e-09	AC004490.1
RN7SKP68	-1.3613981712964118	5.887127780605546e-09	RN7SKP68
IL5	1.3163274803025191	5.899730890444905e-09	IL5
AP004609.1	1.5258665209455031	5.960738310022528e-09	AP004609.1
ADGRG7	2.0267479763333536	5.968718953993983e-09	ADGRG7
PGLYRP1	1.2625361109100546	5.986735437059864e-09	PGLYRP1
MIR200CHG	-2.8879194474176804	5.986735437059864e-09	MIR200CHG
H2AC14	2.9581297726973843	6.046295322136806e-09	H2AC14
AC105114.2	2.477452411190668	6.057839180639493e-09	AC105114.2
AC027796.3	1.9638752159786652	6.058252140194065e-09	AC027796.3
Z97353.2	1.2339853678166732	6.0586135548300945e-09	Z97353.2
RPL35AP9	2.19696336208204	6.060296781144131e-09	RPL35AP9
LINC01533	3.039267944075342	6.064355361280763e-09	LINC01533
AL136531.3	1.2790824351551102	6.064999119684105e-09	AL136531.3
RPL17P40	2.971010520794968	6.077965768784406e-09	RPL17P40
EGR4	-1.725866983965669	6.128171687094774e-09	EGR4
AP000569.1	1.1584814173340088	6.130331794017183e-09	AP000569.1
AC055758.2	2.903532213778592	6.155480335549831e-09	AC055758.2
AC100793.2	1.7294060626096377	6.155480335549831e-09	AC100793.2
AC103996.2	1.90535582364876	6.168680060951432e-09	AC103996.2
ITGB5-AS1	1.6506918081397464	6.203683793147949e-09	ITGB5-AS1
AC006529.1	2.8551778836106294	6.224332741830635e-09	AC006529.1
AL031432.2	1.2361523183576213	6.2816383653608e-09	AL031432.2
PIWIL3	1.874049584244844	6.285534926701414e-09	PIWIL3
AC098583.2	2.4390840314064848	6.3038247289974435e-09	AC098583.2
TUBG1P	1.292748766235097	6.335123501435649e-09	TUBG1P
VSNL1	-1.81212921962554	6.350553053654506e-09	VSNL1
RPEP4	2.290733002221744	6.370951391225814e-09	RPEP4
MAGEA3	4.061963192053031	6.378384011981991e-09	MAGEA3
ADGRA1	-2.4440515572616484	6.410977881803046e-09	ADGRA1
MTCYBP21	1.955341108618804	6.451735795723759e-09	MTCYBP21
OR10V2P	1.2973577427409075	6.498283691599349e-09	OR10V2P
RNA5SP118	1.831614596153587	6.516291011805422e-09	RNA5SP118
ST3GAL1P1	1.109529603249226	6.598595737525653e-09	ST3GAL1P1
PCDH11X	-1.89832109687776	6.635603206152266e-09	PCDH11X
DUX4L35	2.474828373686485	6.635603206152266e-09	DUX4L35
AC010680.2	1.1805130820100187	6.652303535927136e-09	AC010680.2
FLG2	1.391867250729384	6.662730315366991e-09	FLG2
AL121885.2	2.1029354419613355	6.681624724591821e-09	AL121885.2
AC137936.1	-1.1224427664569954	6.6878392757743044e-09	AC137936.1
AC091305.1	-1.8071028999779464	6.751090161000007e-09	AC091305.1
RPL30P4	1.287086634879873	6.801511021720207e-09	RPL30P4
AC011592.1	2.8592938540659394	6.811006582466585e-09	AC011592.1
NPY6R	1.1504121022743992	6.835310558707718e-09	NPY6R
LRRC37A17P	1.3603333973026135	6.862769890596014e-09	LRRC37A17P
H4C12	1.1634723655940262	6.875724411209461e-09	H4C12
IGKV1D-8	1.665839834002362	6.885902387461986e-09	IGKV1D-8
AL035420.1	1.028953545164346	6.942894814987665e-09	AL035420.1
IGKV1-6	1.704517190367416	7.017055883563621e-09	IGKV1-6
AC091304.2	-1.7633839187071787	7.022624012742385e-09	AC091304.2
RNA5SP37	1.0017465961636174	7.0343157005495135e-09	RNA5SP37
AL078596.1	3.732456181610308	7.049570304636136e-09	AL078596.1
TBPL2	2.42919433678243	7.061747564449613e-09	TBPL2
OR2H1	2.986009168282716	7.075285737046822e-09	OR2H1
AL691403.2	1.066844702766041	7.095450511300221e-09	AL691403.2
AC073941.1	-1.5911978689461403	7.155983801148833e-09	AC073941.1
SERPINA11	2.628023838969475	7.182055331294496e-09	SERPINA11
AL354811.1	1.1603292039531317	7.187222957597233e-09	AL354811.1
IGHV4-59	1.567579766910692	7.209266893782023e-09	IGHV4-59
AC018978.1	3.336842914950019	7.220883219824423e-09	AC018978.1
RN7SKP271	1.4294944905268254	7.242107333896282e-09	RN7SKP271
PPIAP29	1.2177641801546653	7.258402013813928e-09	PPIAP29
AL157895.1	1.0062503882454876	7.2821342597125795e-09	AL157895.1
LINC02278	1.184718751426462	7.345753428974526e-09	LINC02278
TMPRSS11F	2.3305219207203023	7.371155284145964e-09	TMPRSS11F
MIR3153	2.2623189531058303	7.42292676021863e-09	MIR3153
AL158212.2	1.1401242571621035	7.483002099297372e-09	AL158212.2
BSNDP2	1.7222165376153014	7.50134041802314e-09	BSNDP2
GDPD4	1.0675186969863133	7.568105945407488e-09	GDPD4
RPL21P32	1.538264487441276	7.572169924228821e-09	RPL21P32
IGKV3D-7	3.082409033942476	7.591153719514547e-09	IGKV3D-7
RNU6-277P	2.834455450965997	7.633898896478406e-09	RNU6-277P
AC022893.2	-2.29313657947215	7.64189246360709e-09	AC022893.2
POLR2KP1	1.26106299330728	7.698764566290004e-09	POLR2KP1
AL669983.1	1.4984287781953811	7.716992501991937e-09	AL669983.1
UPK1A	-1.371376940701657	7.777658322287431e-09	UPK1A
UHRF2P1	1.6326882082428116	7.79728977908649e-09	UHRF2P1
AL138847.1	1.86640311545944	7.815945538366651e-09	AL138847.1
AC079336.2	1.2591248052384951	7.856836651546868e-09	AC079336.2
NANOG	1.634106742295741	7.858316300416158e-09	NANOG
AC000065.1	1.0981428025071245	7.913372895745938e-09	AC000065.1
AC148477.3	-1.8534160601453489	7.96051817560058e-09	AC148477.3
AC016571.1	1.3223267860749817	8.018780899491517e-09	AC016571.1
GAL3ST2	-1.18945995674709	8.075712043445881e-09	GAL3ST2
CCR3	1.0998823311409045	8.116042665129829e-09	CCR3
CDC42P2	3.494955549590696	8.250724488085814e-09	CDC42P2
MTDHP4	2.0887446029857486	8.258283611518465e-09	MTDHP4
MEF2C-AS2	1.000521586653308	8.28509247259935e-09	MEF2C-AS2
TRAV28	3.5830293856144744	8.299563258598048e-09	TRAV28
TSPYL6	1.6463549767919663	8.344132431661432e-09	TSPYL6
KDELC1P1	2.112211996550117	8.382114274311837e-09	KDELC1P1
AP003973.2	-1.211122575214208	8.449636991299727e-09	AP003973.2
LINC02101	1.113870186773572	8.485908631725933e-09	LINC02101
AC090912.2	1.0931804379607544	8.524208817347006e-09	AC090912.2
AC004777.1	1.7589289109496875	8.527678942467744e-09	AC004777.1
AC091544.5	2.204768243743125	8.647877910435254e-09	AC091544.5
CHMP1B2P	-1.6139966670413757	8.650007367483762e-09	CHMP1B2P
ADRB1	-1.5004007007003737	8.681819040386054e-09	ADRB1
LINC00159	1.5978253503319295	8.693660449523086e-09	LINC00159
AC113189.3	1.4313645668524524	8.723603591441732e-09	AC113189.3
C1orf195	1.3736955882085595	8.7313650199246e-09	C1orf195
PABPN1P2	1.7673244367177774	8.74580899128794e-09	PABPN1P2
CNMD	1.9533247700832872	8.755683522099069e-09	CNMD
RN7SL745P	1.9380108534472384	8.775508933446854e-09	RN7SL745P
AC005906.2	2.27764875698541	8.78762639794667e-09	AC005906.2
AC011458.2	1.2948497123204057	8.805646186747955e-09	AC011458.2
LINC02805	1.1945108077358608	8.825517432646207e-09	LINC02805
AC023137.1	1.30239723005848	8.854472132297781e-09	AC023137.1
SULT1C4	1.043719251556719	8.958260426533507e-09	SULT1C4
ACTA2-AS1	1.0953647121346006	8.972601209959081e-09	ACTA2-AS1
AGXT2	-1.236243019845273	8.983224233777403e-09	AGXT2
RPL23AP83	1.6198204886260843	9.0610143730325e-09	RPL23AP83
RN7SL328P	2.178798527442327	9.068622568735037e-09	RN7SL328P
AC244250.1	-1.05977250983223	9.180679669683114e-09	AC244250.1
AC068768.1	1.114020389208174	9.183742893238441e-09	AC068768.1
IGLC6	2.035863299109232	9.1994534118047e-09	IGLC6
RPSAP36	1.1893623269426892	9.203261475185568e-09	RPSAP36
AC016745.1	1.4336319086418194	9.36694584097214e-09	AC016745.1
CPE	1.000951444399352	9.376959850711324e-09	CPE
TAS2R2P	-1.610050436055248	9.38451973168597e-09	TAS2R2P
AC018521.7	1.3876950415586278	9.409085766116316e-09	AC018521.7
ASCL3	-1.4521187628607488	9.427470482499424e-09	ASCL3
NPM2	-1.0190129330704225	9.483629051266709e-09	NPM2
RNU1-22P	1.602815541211138	9.492962870365046e-09	RNU1-22P
AC005034.2	1.0965331813644237	9.553543531109738e-09	AC005034.2
AC026310.1	2.089131701239694	9.5811066488016e-09	AC026310.1
KLHL6-AS1	1.2529215606281645	9.61057300356003e-09	KLHL6-AS1
NDUFA3P1	1.5726085344581675	9.690927231895226e-09	NDUFA3P1
AL137802.2	-1.0878262944822092	9.71250243877532e-09	AL137802.2
RNU6-595P	1.4720359014400717	9.734012247887245e-09	RNU6-595P
RDH10-AS1	-1.0759480790470717	9.781442459493781e-09	RDH10-AS1
AC106028.2	1.416290233801608	9.786971486419207e-09	AC106028.2
RAD51AP1P1	3.37878841807261	9.820050428480527e-09	RAD51AP1P1
AC009063.2	1.5985606595212856	9.842357836083104e-09	AC009063.2
CAMP	1.4098451630007616	9.895493108136068e-09	CAMP
RBPJL	1.77611299726491	9.906566828294765e-09	RBPJL
AC093627.2	-2.535218803563536	9.987024626621648e-09	AC093627.2
PKD1P5	1.2451225364551757	1.0109168316606682e-08	PKD1P5
AC009220.1	1.0599516846588388	1.0288125488371432e-08	AC009220.1
AL109923.1	2.189972255881646	1.0316312437104354e-08	AL109923.1
RBBP8P1	2.2347633929124653	1.0338782665363964e-08	RBBP8P1
AC005392.2	1.8202841889605117	1.0393443468175946e-08	AC005392.2
TRAV18	1.5890590561198066	1.0410472238585456e-08	TRAV18
RLBP1	2.5618703805320044	1.04454629721585e-08	RLBP1
IGKV3-20	1.629599389600002	1.046922108343974e-08	IGKV3-20
RPL36AP26	1.3106923333980742	1.0560257732942495e-08	RPL36AP26
Z97192.2	1.071438589925876	1.0583236805613728e-08	Z97192.2
EPHA6	1.3630419432304943	1.0739456741881413e-08	EPHA6
GLP1R	1.335175210819055	1.0742451511634263e-08	GLP1R
BDKRB2	-1.1634719241405629	1.0838001045209824e-08	BDKRB2
AL033381.2	1.4578553415390618	1.0859203296227529e-08	AL033381.2
SNORD53B	1.6299275816766974	1.09019464345137e-08	SNORD53B
RN7SL239P	1.6761962482246302	1.0909013537012749e-08	RN7SL239P
AC079354.2	1.883027276368556	1.092283406051843e-08	AC079354.2
AC104758.2	1.2019018050702843	1.0948923734441292e-08	AC104758.2
AC131009.2	2.740677141593427	1.0973218786125017e-08	AC131009.2
GPR22	-1.976626123217012	1.1024787903575092e-08	GPR22
AL589739.1	1.1605367370769133	1.1025304420211512e-08	AL589739.1
AC096564.1	1.4016538933821083	1.1035815185743326e-08	AC096564.1
CHD5	-1.5938217577704878	1.1053068197563937e-08	CHD5
ZIC3	-2.135798026454281	1.1131132182036686e-08	ZIC3
AREG	1.0992002726597103	1.114950040655036e-08	AREG
XKR4	-1.5956084175180911	1.1156723721947052e-08	XKR4
NLRP11	1.0191716974698437	1.1184896115318833e-08	NLRP11
AC008417.1	1.728363445086659	1.12366073981024e-08	AC008417.1
AC007731.3	2.516232730340229	1.1252537873362466e-08	AC007731.3
RN7SKP292	2.1918058631775765	1.1294447770017694e-08	RN7SKP292
LINC01287	1.5082893667375006	1.1351377070243641e-08	LINC01287
AC104333.3	1.071725620230365	1.1404022260594298e-08	AC104333.3
AC097372.2	1.1393265010965423	1.1538358447672006e-08	AC097372.2
AL669831.4	1.0078761845312998	1.1617530381990396e-08	AL669831.4
AC017006.2	2.1926151041106348	1.1632997114417677e-08	AC017006.2
AC007728.1	1.6134355879805822	1.1714820849555193e-08	AC007728.1
MIR3939	1.5218376675498726	1.175077807177722e-08	MIR3939
IGHV1-69-2	2.591899061593754	1.1777922123795837e-08	IGHV1-69-2
SHISAL1	1.410702546668454	1.1796448003814968e-08	SHISAL1
PCSK1N	-1.5519756688169437	1.1897227408947424e-08	PCSK1N
EIF4BP5	1.76793204840646	1.1915249424423189e-08	EIF4BP5
ERICH3	1.2325989044089485	1.1988017002245266e-08	ERICH3
AC092828.1	1.0250805056469532	1.2008108737931456e-08	AC092828.1
NSA2P3	1.1751658398356313	1.2091364482823589e-08	NSA2P3
NPIPB6	1.2961602343753	1.2115053005260716e-08	NPIPB6
RNU6-97P	2.2321411225406886	1.2166542263141572e-08	RNU6-97P
IGKV1-12	1.67485637360156	1.2241207657275021e-08	IGKV1-12
HCFC1-AS1	1.2709349152909	1.2269488782497484e-08	HCFC1-AS1
U82695.1	1.6000263050243264	1.2282263728848111e-08	U82695.1
RPL21P1	1.5656358546697495	1.2290821306678822e-08	RPL21P1
AL451007.2	-1.4831642171572004	1.2291563297284677e-08	AL451007.2
AC111188.1	2.780256896546052	1.2306548116324775e-08	AC111188.1
BICDL2	1.1094019394849612	1.2453199964348726e-08	BICDL2
AC008543.3	1.3015819106944604	1.249720209101246e-08	AC008543.3
SNCG	1.0033092950002582	1.2540426342891876e-08	SNCG
CDCA4P1	1.1430602436641526	1.2629758078054282e-08	CDCA4P1
AL357673.1	1.0808136277804206	1.272797759170993e-08	AL357673.1
AC021192.1	3.2169174853470164	1.2757829506472024e-08	AC021192.1
BNIP3P40	1.8943717119877863	1.2814640727822406e-08	BNIP3P40
DIP2A-IT1	1.662749031116555	1.288178320924564e-08	DIP2A-IT1
FKBP6	1.6471414148195485	1.2905729062361071e-08	FKBP6
AL023806.4	1.2448330373499927	1.2935716637460962e-08	AL023806.4
KRTAP16-1	2.1559716077120377	1.2980444425237657e-08	KRTAP16-1
TRBV6-4	1.5981115889078528	1.3004334632803024e-08	TRBV6-4
AL583825.1	3.295574413985824	1.3039368517583329e-08	AL583825.1
EXTL3-AS1	1.0520444722050295	1.3107720077092506e-08	EXTL3-AS1
AC112484.3	1.1262333145297383	1.3157388504133157e-08	AC112484.3
KCNH8	1.457533648401661	1.3268773390404728e-08	KCNH8
CDH10	-1.7696445312280256	1.3422177056642137e-08	CDH10
WNT11	-1.3683032357518237	1.3469837151896045e-08	WNT11
CYP2F1	2.0963954380091785	1.357754041619767e-08	CYP2F1
LINC01050	2.928695757384133	1.3612310483228256e-08	LINC01050
CCND2-AS1	1.1075371434555363	1.367159278279736e-08	CCND2-AS1
AC090826.3	1.8701667938994029	1.370095265068386e-08	AC090826.3
AL355075.5	1.6993832487006069	1.3702955778325948e-08	AL355075.5
AC012184.4	1.7980881331694631	1.3775625616884532e-08	AC012184.4
AC003957.1	1.1458092814655263	1.3802623446794501e-08	AC003957.1
AL589745.2	1.7677472387502111	1.3811343967594396e-08	AL589745.2
EGR3	-1.137749375353043	1.3816391998890113e-08	EGR3
AC023389.2	1.819291765405052	1.3844101977235142e-08	AC023389.2
AC004233.3	1.2028337525182924	1.3853903846938356e-08	AC004233.3
FCRL4	2.723584393264181	1.3855253392946522e-08	FCRL4
C1orf146	1.4044863318908667	1.3882023577816302e-08	C1orf146
IGHV3-43	1.7081072098031465	1.3882023577816302e-08	IGHV3-43
AC073225.1	2.798249527506258	1.393588592512654e-08	AC073225.1
RPS3P2	1.456797381064043	1.4006332843550474e-08	RPS3P2
AL512329.1	1.8973924278786247	1.4071070835395871e-08	AL512329.1
ANKRD49P2	3.054926814876385	1.4077197928438322e-08	ANKRD49P2
AC009630.4	1.3471806167280589	1.4152989114194725e-08	AC009630.4
AC026167.1	-2.7865127269410284	1.4165144319072169e-08	AC026167.1
AC211476.6	1.126105947664914	1.4564099951891172e-08	AC211476.6
AL359844.1	-1.190892528562902	1.45771896513124e-08	AL359844.1
AC078852.2	2.035000326534926	1.4594104303163968e-08	AC078852.2
LEMD1-AS1	1.4251505978789143	1.4594547910351304e-08	LEMD1-AS1
RLIMP1	1.5433468767327811	1.4601396301616829e-08	RLIMP1
AC017000.1	-1.3441231518995287	1.4603255801286189e-08	AC017000.1
LINC01622	1.30303059071562	1.464151715662278e-08	LINC01622
NSA2P5	1.0459292456430591	1.4660669298524014e-08	NSA2P5
FCAR	1.1007469288156644	1.4674834194248262e-08	FCAR
GOLGA6L17P	1.776192694669758	1.4718276564720138e-08	GOLGA6L17P
AC027688.2	2.275042966954171	1.4762900422352064e-08	AC027688.2
DNM1P51	1.1233588416986588	1.4817224670060716e-08	DNM1P51
RPS12P31	1.6730773138568071	1.4867529265581908e-08	RPS12P31
RPL7AP22	1.3544790396480453	1.4934791317981757e-08	RPL7AP22
AC112236.3	1.9543541379732257	1.4968481537516143e-08	AC112236.3
AC012409.2	-1.281019542990249	1.5056525317245974e-08	AC012409.2
AL928654.3	2.2807833214511857	1.5069550068305972e-08	AL928654.3
AC114402.1	1.8043048721505344	1.5154685281610954e-08	AC114402.1
SLC18A1	1.1488394327235163	1.517037650380722e-08	SLC18A1
AC010997.6	2.440525052758022	1.5204807344521163e-08	AC010997.6
AC093677.3	2.881108321455856	1.5230702797801037e-08	AC093677.3
AL023802.1	2.184431418937504	1.5251836278809633e-08	AL023802.1
IGHD	1.6515111092011765	1.5383602743486494e-08	IGHD
AL049747.1	2.7690780590166786	1.5498349990662918e-08	AL049747.1
AL157938.2	1.250630580171164	1.5512885691451852e-08	AL157938.2
AL136115.1	1.4716963449773592	1.5517387025940262e-08	AL136115.1
AL133243.1	1.451627965277456	1.5575434153230952e-08	AL133243.1
AL391097.2	2.690032219333633	1.5616947518381596e-08	AL391097.2
LINC02157	1.0389908387281137	1.5745736102657752e-08	LINC02157
PADI4	1.1138807751488626	1.5822691102789856e-08	PADI4
AC084866.2	1.0831366116852477	1.5841015044383333e-08	AC084866.2
CPB2	1.5146221386895964	1.5846993822976435e-08	CPB2
CHRM3-AS2	-1.127811181143344	1.5853591720833627e-08	CHRM3-AS2
FOXD3	-2.1770518427831806	1.5872542366814112e-08	FOXD3
AL109910.2	1.280870943876679	1.5880390606113622e-08	AL109910.2
CYP4F29P	1.2949651534009257	1.6261789245372312e-08	CYP4F29P
AL031848.1	1.5563887918653847	1.6321380906872063e-08	AL031848.1
OPRM1	1.9598495317764653	1.6395234202526277e-08	OPRM1
AL357140.3	1.795772055635352	1.6571987132294933e-08	AL357140.3
MIR3186	1.416530967970629	1.6572480705186443e-08	MIR3186
AC068594.1	2.4512269245966487	1.6593632887524594e-08	AC068594.1
LIX1	-1.7551273594083876	1.6611043162855828e-08	LIX1
LINC01300	1.7676318145721446	1.6679451095116504e-08	LINC01300
KRT4	2.3974431976061714	1.6681214252306357e-08	KRT4
AC093772.2	-1.8779382968684772	1.6735695802452644e-08	AC093772.2
AC009831.3	1.4704089952319086	1.6846347510209712e-08	AC009831.3
AC131944.1	-1.0204320385620167	1.6865263236663027e-08	AC131944.1
AC011755.1	2.17833615004292	1.6880788809959595e-08	AC011755.1
LINC02570	2.419735150550084	1.6916954050189895e-08	LINC02570
ESYT3	-1.0431089389289745	1.6943936829985882e-08	ESYT3
FAXC	-1.6390241765634057	1.7035103170321616e-08	FAXC
LINC00640	1.0698036036202532	1.7177457333502e-08	LINC00640
RN7SL200P	2.8026964398468803	1.7232961450290295e-08	RN7SL200P
AC026464.5	2.0837408871101397	1.73028823611195e-08	AC026464.5
RAB5CP1	2.223931508755663	1.7361153844760644e-08	RAB5CP1
GNA14-AS1	1.8406048304472105	1.7376721485376915e-08	GNA14-AS1
AC008121.1	1.8050222734463253	1.7413585219950795e-08	AC008121.1
SERPIND1	1.5430295706739148	1.74651598788875e-08	SERPIND1
LINC01967	2.3133766749449	1.757201748690283e-08	LINC01967
AC022872.1	1.5685659273880674	1.7585536710579854e-08	AC022872.1
SULT1C2P1	1.0636564501489396	1.7608191656629638e-08	SULT1C2P1
AL021368.1	1.5126912573838245	1.7672667828209925e-08	AL021368.1
CR381653.2	1.5099681119657835	1.7672667828209925e-08	CR381653.2
AC107398.3	-1.256687438329039	1.7701866902535706e-08	AC107398.3
PABPC1P1	1.1391720048287255	1.7728859019323837e-08	PABPC1P1
AC098591.3	1.3021121502696928	1.774699178599939e-08	AC098591.3
CYP2B7P	1.098044042649204	1.7763976476794252e-08	CYP2B7P
AL391903.1	2.21265695692282	1.795976165383027e-08	AL391903.1
ZSCAN10	2.1474703538239304	1.8096488255493826e-08	ZSCAN10
AP001011.1	2.7337985907444606	1.811973912730588e-08	AP001011.1
AL357093.2	1.482071674492279	1.819839960411573e-08	AL357093.2
AC099343.2	1.035775260248435	1.822301633873523e-08	AC099343.2
AC016813.1	1.4635070027633512	1.8304309411222772e-08	AC016813.1
AC104664.1	2.4544024128437334	1.8315420080338978e-08	AC104664.1
SYT3	-1.2591919987715916	1.8414227541949813e-08	SYT3
CCDC144A	1.6505512630440158	1.8446580639992848e-08	CCDC144A
AC244093.2	2.5454245043680643	1.8535974259808424e-08	AC244093.2
AL161742.1	1.6557486799045775	1.8550579894052752e-08	AL161742.1
CLIC1P1	1.086686591206192	1.858437764451771e-08	CLIC1P1
SERPINF1	1.0696604690580152	1.8601807908703158e-08	SERPINF1
CACNA2D1-AS1	2.4571905517865624	1.8730663271208537e-08	CACNA2D1-AS1
AC007608.1	-1.5531171476880383	1.876967754903888e-08	AC007608.1
RPS3AP14	1.2617962017554476	1.8772735378050366e-08	RPS3AP14
AC087894.3	1.7546565317652425	1.8782535898692697e-08	AC087894.3
AC037487.2	1.949610817232148	1.893069885047267e-08	AC037487.2
RHOXF2	2.675827031698145	1.912027681690053e-08	RHOXF2
TSIX	1.4801527589275312	1.9171510839360497e-08	TSIX
SPATA12	1.1000167122158115	1.9186803582351826e-08	SPATA12
NPM1P30	2.594672177882417	1.9220059991242264e-08	NPM1P30
AC007879.2	1.2420131371990666	1.9249702832018287e-08	AC007879.2
ANKUB1	1.5186899151640705	1.926308042497647e-08	ANKUB1
AF127577.6	1.1406672789046295	1.9281822370701507e-08	AF127577.6
AC113208.5	1.3921482735318629	1.940488681233958e-08	AC113208.5
FLJ42393	1.7636467978379624	1.9425039412799822e-08	FLJ42393
AC129803.1	-1.0611756464201334	1.9509953668225608e-08	AC129803.1
AP005431.1	1.11263683822636	1.95255777263212e-08	AP005431.1
SLC30A3	1.1927633403819025	1.9632117595093123e-08	SLC30A3
PIP5K1P1	1.415340748166668	1.963996322685488e-08	PIP5K1P1
TH	-2.0413886619248176	1.963996322685488e-08	TH
AC097504.1	3.137730153995435	1.964021182204772e-08	AC097504.1
AKR1C2	-1.1502682796982495	1.9649366299377555e-08	AKR1C2
PDGFRL	1.141672456345037	1.9729210490051853e-08	PDGFRL
AL365338.1	2.68607338325227	1.988000831467317e-08	AL365338.1
AC008759.2	1.0749664056785355	2.0112501912959112e-08	AC008759.2
RN7SL502P	2.1839723036879035	2.018068360793281e-08	RN7SL502P
LIPC-AS1	-1.0311045865170667	2.0305185874358943e-08	LIPC-AS1
TSPAN1	-1.1281652680381156	2.0472465482076267e-08	TSPAN1
BX664718.2	1.2046111081039332	2.0603756590046224e-08	BX664718.2
FOXN4	-1.478721460971796	2.0603880031450504e-08	FOXN4
AC011467.1	2.1347589522602948	2.0629388123796777e-08	AC011467.1
AL928711.1	1.1514981793619483	2.067574738440257e-08	AL928711.1
LINC02065	-1.9333742830236849	2.0845808666867986e-08	LINC02065
SORCS2	-1.3385155128104265	2.094283599593516e-08	SORCS2
AKR1C1	-1.052488270962264	2.107691616637516e-08	AKR1C1
FAF1-AS1	1.53279747983974	2.114962919034459e-08	FAF1-AS1
AC073263.1	1.1121609033117998	2.1256713216258183e-08	AC073263.1
RN7SL125P	2.5844436649666416	2.132494483475422e-08	RN7SL125P
IGKV1-27	1.572718126063774	2.13872101207224e-08	IGKV1-27
AL359094.1	1.6400804877902788	2.1443881569602547e-08	AL359094.1
CSTP1	3.265879633276118	2.1451298457987727e-08	CSTP1
AC124947.2	-1.2914810849583611	2.1457259327581553e-08	AC124947.2
MCOLN3	-1.4283592555962423	2.1533196376275796e-08	MCOLN3
FCGBP	-1.1517167918952411	2.157945302949896e-08	FCGBP
BASP1-AS1	1.1785854711233226	2.1597053263082602e-08	BASP1-AS1
AL391095.2	3.5613597963386026	2.1790238086661266e-08	AL391095.2
CYSLTR2	1.5448358097772936	2.1890504563917857e-08	CYSLTR2
CHRM1	-1.9402492943571112	2.2066377359586283e-08	CHRM1
NPM1P11	2.8911031850658704	2.219214142192228e-08	NPM1P11
AC004014.2	3.1583878127322214	2.220063748004164e-08	AC004014.2
AC073349.4	1.0786757499411237	2.2248152975065763e-08	AC073349.4
GCGR	-2.689143969537497	2.2450504495410494e-08	GCGR
SLC10A4	1.0255806862829702	2.2467283515171222e-08	SLC10A4
SERPINF2	1.0202717304787403	2.2622602667621362e-08	SERPINF2
FAR2P3	-1.755886498099355	2.2635819137682003e-08	FAR2P3
AC020728.1	1.7321075087059328	2.2649758689851753e-08	AC020728.1
MEOX2	1.210324359035883	2.268398362165279e-08	MEOX2
LINC01558	-1.0821472492580493	2.273139785478903e-08	LINC01558
BMPER	1.0762133960025972	2.2797064475037173e-08	BMPER
AC009060.1	1.0693926305301489	2.280664215224584e-08	AC009060.1
PRELID1P3	1.595786497745345	2.287646660110135e-08	PRELID1P3
RN7SKP180	2.8183974573058337	2.2909421262192758e-08	RN7SKP180
AC093591.1	1.054104658352128	2.3112010514900088e-08	AC093591.1
SV2C	1.0594528727605366	2.338534952300657e-08	SV2C
TCERG1L-AS1	1.6314150718701252	2.344529698311024e-08	TCERG1L-AS1
TM6SF2	1.2041036615167793	2.347011451773928e-08	TM6SF2
AC072039.1	1.853709466224557	2.3526026084251843e-08	AC072039.1
AP001429.1	1.1552131135403276	2.3637132581132855e-08	AP001429.1
AC135068.3	1.9965396505967947	2.3892900828042792e-08	AC135068.3
AP003071.1	1.2311578918930464	2.3915885348163212e-08	AP003071.1
LINC02127	2.207605868177699	2.3993710440332546e-08	LINC02127
RPL10P4	1.1576141992054434	2.4161879716500094e-08	RPL10P4
SDR9C7	1.885847546891012	2.4212138404471325e-08	SDR9C7
DES	-1.7016570933400723	2.440638236105768e-08	DES
AC069294.1	1.6547983241259343	2.4508604000028945e-08	AC069294.1
RNU6-341P	1.675248690058803	2.4527650241065587e-08	RNU6-341P
GRIN1	1.3904408555476608	2.453684682241576e-08	GRIN1
FAM170A	1.9563945968849217	2.4565438616641666e-08	FAM170A
SLC31A1P1	1.1419949354807104	2.4616541046273685e-08	SLC31A1P1
AL353151.2	-1.0129286661734531	2.4789656295117524e-08	AL353151.2
AL033539.2	2.4308354572334423	2.4912011218928598e-08	AL033539.2
IGKV1-13	2.566998183361294	2.491605633853487e-08	IGKV1-13
AC092332.1	2.3505790575070336	2.496451978878596e-08	AC092332.1
AC084398.2	1.107429706208345	2.523279129401432e-08	AC084398.2
AP001271.2	1.102815842769964	2.525061601211437e-08	AP001271.2
AC093909.5	2.4113393708623554	2.5285767620968788e-08	AC093909.5
CAVIN2-AS1	1.33674894948058	2.5327947734844062e-08	CAVIN2-AS1
AC009268.3	2.1894812235671237	2.5358797688787903e-08	AC009268.3
RPS12P27	1.5433254650683716	2.5495373563932564e-08	RPS12P27
LINC01585	1.2910429712847955	2.575480622661553e-08	LINC01585
AF001550.2	3.0866018677192306	2.5756760198367675e-08	AF001550.2
AL691420.1	2.2905426481692395	2.5804201977864656e-08	AL691420.1
SNORD59A	1.34519771535911	2.5827213441413064e-08	SNORD59A
LRG1	1.2185422039223168	2.5919009577273072e-08	LRG1
AL357522.1	-1.178010925490666	2.6089394402292785e-08	AL357522.1
AC108063.2	-1.6117719805364208	2.6145332370752065e-08	AC108063.2
TLX1	2.582427565584671	2.6188014102098176e-08	TLX1
ARL4AP4	1.2232443358508744	2.6383414573612067e-08	ARL4AP4
PRKAR1B-AS2	1.082310398072166	2.641927022103344e-08	PRKAR1B-AS2
IGKV2-28	2.1695748679849998	2.6581465161767005e-08	IGKV2-28
KRT17P4	1.5429335688482688	2.6626000964530022e-08	KRT17P4
SMIM2-IT1	1.4827004029913124	2.6677626703366054e-08	SMIM2-IT1
AC127496.2	1.426658208828775	2.6944294202794084e-08	AC127496.2
UBE2L4	1.2719505215227545	2.7065448284873143e-08	UBE2L4
AC003965.2	-2.1857376310570285	2.714493000458124e-08	AC003965.2
AP005203.1	2.8075467791865845	2.716856812986413e-08	AP005203.1
RN7SL672P	2.4954726638416576	2.716856812986413e-08	RN7SL672P
ISX	-2.6234892543924286	2.7363406796884685e-08	ISX
AL360181.1	1.3016814068896116	2.749919436324601e-08	AL360181.1
IQCA1L	2.5695492897540784	2.7547340438132088e-08	IQCA1L
AP000346.1	1.2638193837304526	2.7624038010174373e-08	AP000346.1
RPL10P6	1.7442997285013095	2.770098711754251e-08	RPL10P6
SRRM3	1.1971153186501535	2.7723918045893824e-08	SRRM3
HIGD1AP1	-1.2036181413950913	2.788104626996432e-08	HIGD1AP1
AC009554.1	1.834544695481664	2.8023418856909798e-08	AC009554.1
AC093158.1	1.2132048131866615	2.8218808750215693e-08	AC093158.1
HERC2P10	1.0422291828910488	2.8567150853759152e-08	HERC2P10
TET2-AS1	1.4735726592724308	2.8725789447395174e-08	TET2-AS1
AC046158.3	1.1715732519617923	2.882862743930168e-08	AC046158.3
RNASEH2A	1.353483612470873	2.8938273307524105e-08	RNASEH2A
CXCL1	1.3887603386389489	2.901708952143533e-08	CXCL1
AC007040.2	1.2480795302775385	2.924129665985861e-08	AC007040.2
AC008073.1	1.2680868086534514	2.9278284817335397e-08	AC008073.1
MAP3K19	1.153454126993876	2.928528594477613e-08	MAP3K19
AC104958.1	1.6353529586903195	2.9315928154079574e-08	AC104958.1
AC003989.1	2.383695260560652	2.9451710951136706e-08	AC003989.1
AC012370.2	1.638739571100981	2.950358636270809e-08	AC012370.2
AL121888.1	1.4733831009764384	2.9773214577355904e-08	AL121888.1
AL731577.1	2.1004031142571247	2.9777666626566216e-08	AL731577.1
RNU1-153P	1.3326846347498127	2.9867655494137666e-08	RNU1-153P
GLRA1	1.9353590577117497	3.014859373355068e-08	GLRA1
AL137779.1	1.13550257226606	3.022914374200349e-08	AL137779.1
MIR9-1HG	1.0358099472796969	3.0594109813785495e-08	MIR9-1HG
DHDH	-1.2323883200442944	3.0989087675133234e-08	DHDH
AC090192.1	1.7986918916098735	3.102781711195253e-08	AC090192.1
AP001496.4	2.843666314894028	3.1045153444360985e-08	AP001496.4
AL355607.1	1.5075625969236432	3.1064346340097655e-08	AL355607.1
IGHV3-66	1.6644316860431778	3.121499493327093e-08	IGHV3-66
F10	1.297686383290121	3.1577789044104055e-08	F10
PROP1	2.7984251705898004	3.1723797448651486e-08	PROP1
C2orf83	2.5934266437506177	3.1819348344169524e-08	C2orf83
AP003498.1	1.5354373118394946	3.20678358902622e-08	AP003498.1
GCKR	1.6948502020106233	3.2103084143736574e-08	GCKR
LINC00326	2.8903295467812105	3.2135767050272126e-08	LINC00326
NANOS2	3.053670649092371	3.215919538129815e-08	NANOS2
IGDCC4	1.415934941579288	3.217361970485701e-08	IGDCC4
AC016734.1	2.897599407790393	3.2335886631877304e-08	AC016734.1
PRR18	-1.6579713680081514	3.2456460589146074e-08	PRR18
LINC01269	1.5866708115121329	3.2475763801508844e-08	LINC01269
CCDC27	1.052427989074587	3.268241771192878e-08	CCDC27
LINC00524	3.089652744298088	3.268241771192878e-08	LINC00524
AC092135.1	1.6620013992718323	3.2862090757957165e-08	AC092135.1
AC009518.1	2.239701973652167	3.2963123652051725e-08	AC009518.1
CHST9	1.163413438729885	3.2990534127725975e-08	CHST9
IGHV3-62	1.9293440423666288	3.2990534127725975e-08	IGHV3-62
AC069431.2	1.9027386774723256	3.331608096301721e-08	AC069431.2
CT70	1.2008949753177711	3.3319575083794246e-08	CT70
ABCC5-AS1	1.9671009907086048	3.3363795685798735e-08	ABCC5-AS1
AC020661.3	1.6738108168181391	3.357687486404303e-08	AC020661.3
AC009303.2	1.4035657264029102	3.370857640939542e-08	AC009303.2
AC136424.2	2.5064767889239508	3.3957253155807167e-08	AC136424.2
AC004672.1	2.031714410784114	3.3989487644641976e-08	AC004672.1
AC008459.1	2.920973167758039	3.4418849588030925e-08	AC008459.1
ZNF300P1	-1.079377835813416	3.453731522643503e-08	ZNF300P1
HOXC13-AS	1.6945803886319075	3.4599165532252383e-08	HOXC13-AS
LINC00837	2.5411186911596806	3.4880000187803283e-08	LINC00837
AC092755.2	1.6421544215533297	3.4907662915609564e-08	AC092755.2
ITPK1-AS1	1.5047767517777717	3.5021372804636896e-08	ITPK1-AS1
U8	1.8830109595293203	3.5092316674033154e-08	U8
AC131237.1	2.2150010213874483	3.5446782175338013e-08	AC131237.1
AC234771.4	1.4722339686325443	3.557730614896348e-08	AC234771.4
FNDC7	1.7506748184492271	3.5605314305699764e-08	FNDC7
INPP5J	-1.813548396454974	3.59281365741182e-08	INPP5J
AC092919.1	1.226598865508744	3.5941075675456244e-08	AC092919.1
MIR378H	1.1780931123802023	3.5949455239028326e-08	MIR378H
AP000265.1	1.5685090621983724	3.60956711500098e-08	AP000265.1
CCIN	1.0671328845049513	3.649962911611157e-08	CCIN
AC105046.1	1.37407608973783	3.6582204330186236e-08	AC105046.1
RFLNA	1.4482545313597714	3.6794499164916695e-08	RFLNA
AC093503.2	1.293145792057068	3.707412222959484e-08	AC093503.2
AL356130.1	1.875225163330606	3.722838548582301e-08	AL356130.1
CRNN	2.141290678710686	3.728190580065035e-08	CRNN
PAUPAR	3.203852362341152	3.737056678305311e-08	PAUPAR
C9orf24	-1.0660731454724734	3.7424176921383535e-08	C9orf24
AC079460.2	-1.5023696666429152	3.74536977877191e-08	AC079460.2
CYP2A7	1.9174858046979768	3.7531164045833575e-08	CYP2A7
WFDC3	1.0635460375913608	3.777630700308895e-08	WFDC3
KC877392.1	1.158793122482871	3.7794145458488635e-08	KC877392.1
FAM178B	1.0137041460642515	3.795155835583869e-08	FAM178B
AC118755.1	2.2240170087510034	3.798276165608448e-08	AC118755.1
LINC01989	1.9060832874917728	3.808394543852956e-08	LINC01989
BX679664.1	1.2014839783711673	3.808394543852956e-08	BX679664.1
AC006557.5	1.1814074183391834	3.8123942600094215e-08	AC006557.5
AL353803.4	1.5708072076190045	3.8161268180579225e-08	AL353803.4
AC027688.1	2.4787717163041685	3.8289169963783565e-08	AC027688.1
MB	1.1084050371188297	3.849945179649736e-08	MB
AC013714.1	1.7499801937760846	3.867357937756962e-08	AC013714.1
AL136982.3	1.8796042601525964	3.88872644810736e-08	AL136982.3
AC021236.1	2.6717055094753843	3.949373373744023e-08	AC021236.1
AC099506.1	2.084335120610097	3.9729249649696685e-08	AC099506.1
AC133919.2	1.593125309345542	3.9854987288199395e-08	AC133919.2
AP002993.1	2.376827948530801	4.0046831883496746e-08	AP002993.1
AC011726.2	1.0464942652663591	4.009107799249936e-08	AC011726.2
RNU7-84P	1.7641821394072557	4.01174894729192e-08	RNU7-84P
DRC1	-1.164116803812636	4.026221014565593e-08	DRC1
AL121890.5	1.063470686247301	4.0398309555709794e-08	AL121890.5
AC104656.1	1.9157974934940605	4.059759501658267e-08	AC104656.1
RNU6V	1.4600439455850482	4.062707876529293e-08	RNU6V
AC104984.3	1.6950771384832477	4.0836465105610796e-08	AC104984.3
SNORD9	1.841036019369208	4.0929766630508716e-08	SNORD9
ETS1-AS1	2.2178541706704595	4.108809139236365e-08	ETS1-AS1
RPL7P26	1.0461794560666433	4.114632695826487e-08	RPL7P26
AL049781.1	1.9301760023660277	4.1758186630509696e-08	AL049781.1
AP004289.1	2.5877990489100307	4.185267470754704e-08	AP004289.1
CNGA3	-1.946523407540712	4.1966189546224526e-08	CNGA3
AC079416.2	1.1162374759120584	4.244536859030265e-08	AC079416.2
AC018442.1	1.7991220809798396	4.2603082255280286e-08	AC018442.1
IGHV3-35	1.8883410681659265	4.270198929798697e-08	IGHV3-35
AC099489.3	2.0880312491843545	4.2884733885491076e-08	AC099489.3
ZMYND19P1	1.514043969185239	4.288595559524188e-08	ZMYND19P1
SLC9C2	1.606664896185807	4.300772142244748e-08	SLC9C2
KARS1P3	1.7558081576976234	4.319430031637092e-08	KARS1P3
AL359880.1	1.5443724011985118	4.3315534999171916e-08	AL359880.1
AC113385.1	1.825387536643566	4.3729282608169945e-08	AC113385.1
AC002451.2	3.1574323444945134	4.4070238254466134e-08	AC002451.2
AC025268.1	1.067188726202635	4.4417987192333594e-08	AC025268.1
AC103810.5	1.2244568162623828	4.5450049629132185e-08	AC103810.5
ADORA1	-1.1036673731138955	4.56755456109126e-08	ADORA1
RN7SKP287	1.3253931791960902	4.5731292869474736e-08	RN7SKP287
ALDOAP1	1.1108559149562802	4.575206057463888e-08	ALDOAP1
RN7SL267P	-1.8509323180432224	4.5831462939687867e-08	RN7SL267P
ABCB10P1	1.644681137550246	4.585666691904634e-08	ABCB10P1
AL355802.3	1.281957301409286	4.5898529524557656e-08	AL355802.3
PACRG	-1.403578465488531	4.5958207925071387e-08	PACRG
LINC01492	2.4262286029208155	4.622627854417858e-08	LINC01492
EEF1B2P1	1.3611750480693348	4.6614312923929473e-08	EEF1B2P1
AL355376.2	-3.465306480074009	4.6622554681865013e-08	AL355376.2
GMCL1P2	1.7917304486727448	4.724796718678233e-08	GMCL1P2
AC010328.2	1.2951380088122266	4.727998933085273e-08	AC010328.2
IFNWP5	-4.107386040902156	4.7378999223227314e-08	IFNWP5
RPL21P8	1.8444845069168263	4.7396750197652025e-08	RPL21P8
AC007952.2	1.0827822643223657	4.8225096257895844e-08	AC007952.2
AL441992.2	1.2566347265463789	4.89627393606278e-08	AL441992.2
AC091435.2	1.149275518761761	4.920631259894715e-08	AC091435.2
AC114947.1	1.2929744572629231	4.92294407363686e-08	AC114947.1
RN7SKP38	2.774689152115549	4.9387938279930326e-08	RN7SKP38
LINC02454	1.4606036754685965	4.9543960016641045e-08	LINC02454
AC009319.1	1.6387855659554902	4.964984964357933e-08	AC009319.1
AC011379.1	1.2430781482746776	4.9925787484160586e-08	AC011379.1
TPI1P3	1.2571793788137442	5.0022746909175945e-08	TPI1P3
PROKR1	1.1013422272625162	5.015489776807344e-08	PROKR1
AL356585.4	-4.186789680930428	5.045951362896096e-08	AL356585.4
GAPDHP59	1.3689950732495526	5.047290733255717e-08	GAPDHP59
MBL1P	-1.0104910479662357	5.0477142876924536e-08	MBL1P
LINC00479	1.3075419741771863	5.06598275215787e-08	LINC00479
AC124067.2	1.1953625124796037	5.076250110656696e-08	AC124067.2
AL031736.1	1.813805473231353	5.092822072549166e-08	AL031736.1
RNU6-638P	1.5325547019955714	5.100760184129843e-08	RNU6-638P
IGKV3D-15	1.759580105498474	5.1013286526351654e-08	IGKV3D-15
F13B	2.633647134981352	5.118390162656395e-08	F13B
SLC35G5	1.1981379215364594	5.155924321156472e-08	SLC35G5
UCA1	-1.980445279022412	5.1688957358779813e-08	UCA1
BRD7P3	1.8367309487295964	5.1829968357223775e-08	BRD7P3
PCGEM1	2.3937703598509525	5.1882572041898886e-08	PCGEM1
AL391863.1	2.4466937973060925	5.1947471380687414e-08	AL391863.1
IZUMO1R	-1.060904519741165	5.1947471380687414e-08	IZUMO1R
ST8SIA6-AS1	1.5716296534524432	5.19992571611399e-08	ST8SIA6-AS1
LINC02199	2.377948917156244	5.207742954355228e-08	LINC02199
NPM1P1	1.702149105379152	5.2380958786378e-08	NPM1P1
AC079866.1	1.8106238171893905	5.2990647088484176e-08	AC079866.1
AL139128.1	1.1261431784523737	5.304942677051092e-08	AL139128.1
RN7SL1	1.1199207039086838	5.3206049878842256e-08	RN7SL1
AL359075.1	1.1871126945881958	5.3234746035746886e-08	AL359075.1
SLC5A8	1.4969848928114184	5.3463658928669094e-08	SLC5A8
STK32A	-1.3707296641652296	5.35515214173728e-08	STK32A
VTA1P1	2.377982677546207	5.366319130200982e-08	VTA1P1
TPT1P8	2.0659586566048493	5.3746361518965886e-08	TPT1P8
SPRR3	3.1070491754748986	5.4040994755867286e-08	SPRR3
AC020916.2	1.4802358920886225	5.4155826000543513e-08	AC020916.2
OR5A1	2.4243826658325323	5.435744670401532e-08	OR5A1
FP325332.1	1.0701788847921	5.476199729989297e-08	FP325332.1
AC068442.1	1.9888332174458043	5.5038519360046193e-08	AC068442.1
BNIP3P16	1.2184825025124604	5.513601454706245e-08	BNIP3P16
AC021146.3	-2.0056563741117373	5.5369850478318404e-08	AC021146.3
AL137024.1	1.119224896523628	5.63898481614643e-08	AL137024.1
SMIM18	-1.3369374250904174	5.6497653993206316e-08	SMIM18
AC087277.2	2.008235392406667	5.649794954110263e-08	AC087277.2
AC134050.1	2.094923946133084	5.665072433745603e-08	AC134050.1
IGKV1-33	2.1135410601855056	5.719855482352693e-08	IGKV1-33
AC026894.1	2.146467470321027	5.7283066754573476e-08	AC026894.1
AC006058.3	-2.355471973039759	5.76497019659326e-08	AC006058.3
DNAH9	-1.0002743618060137	5.8081092179767806e-08	DNAH9
AC084116.3	-1.7354147422310833	5.896919308211328e-08	AC084116.3
AC097493.3	1.3856346082532405	5.9010871532896975e-08	AC097493.3
LINC00698	2.9016147990810994	5.9178854442141136e-08	LINC00698
PSMA8	1.3749432171120517	5.918169457392007e-08	PSMA8
SNORA70	2.952355783468817	5.920908540239159e-08	SNORA70
MIR4527HG	2.9479251982104158	5.925188069802618e-08	MIR4527HG
OR52N3P	2.6384903584920303	5.9268153695543154e-08	OR52N3P
NPAS2-AS1	1.3757488153968302	5.934904962977822e-08	NPAS2-AS1
DGCR6	1.5582252454072636	5.943271858479954e-08	DGCR6
AC093765.5	1.9289692387771729	5.972818373618073e-08	AC093765.5
LINC02881	1.5749235760872875	5.997301540522538e-08	LINC02881
RPL7AP34	1.0209217015324226	6.005363017683566e-08	RPL7AP34
AC103853.1	2.2493071731723555	6.046660492618054e-08	AC103853.1
AC007218.3	2.253923505911639	6.096269271159358e-08	AC007218.3
LINC00993	2.8398489547247743	6.119490996337808e-08	LINC00993
OR6D1P	1.292716800282646	6.159213415295813e-08	OR6D1P
SLIT2	-1.1914025488782554	6.19099252844896e-08	SLIT2
DRICH1	1.0527819129242613	6.211553914934008e-08	DRICH1
ERAP2	1.0389914295381777	6.214249355202368e-08	ERAP2
MTND4P20	1.7832267310669432	6.280438937145904e-08	MTND4P20
CCT4P2	2.415725235898736	6.318046945433166e-08	CCT4P2
AC025431.1	-1.9396632811069012	6.318822364564391e-08	AC025431.1
AC025918.1	1.4007161820160758	6.321195275719917e-08	AC025918.1
AL512785.1	-2.2936604326921417	6.323135366869915e-08	AL512785.1
AL357673.2	1.2359922947648323	6.34017448257807e-08	AL357673.2
AC018766.1	1.1493824096551823	6.370679102432828e-08	AC018766.1
SPDYE2B	1.964418602076634	6.538571738028429e-08	SPDYE2B
AL360091.1	1.102101422942247	6.561125848075585e-08	AL360091.1
SMILR	3.1783754698063738	6.668962621704023e-08	SMILR
SUMO2P19	1.3504617825496703	6.718117092693661e-08	SUMO2P19
AC018529.1	1.033063731335952	6.780853279038393e-08	AC018529.1
AC004898.1	1.5386964309179127	6.85248818620765e-08	AC004898.1
AC084030.1	2.5194188295821087	6.861013821229228e-08	AC084030.1
OR2H2	1.893645589566419	6.88379901488971e-08	OR2H2
MYL2	1.7249186463940902	6.911206907850145e-08	MYL2
TDRD1	-1.7642124927306166	6.930935900469478e-08	TDRD1
TRBV7-3	1.1800631789916778	6.959891719760686e-08	TRBV7-3
OR5BD1P	3.109443333329333	6.983642605147107e-08	OR5BD1P
AL137186.3	2.4465846534103246	7.01157011405429e-08	AL137186.3
RPL21P65	1.3345034540167724	7.024771863313397e-08	RPL21P65
OR10K2	1.864226514323915	7.029069392038064e-08	OR10K2
RBFOX3	-1.1936277794535972	7.034779511163244e-08	RBFOX3
UBBP1	1.06349224489898	7.108678523558815e-08	UBBP1
AC027018.1	1.9320701923663683	7.114850409299451e-08	AC027018.1
AC002076.1	2.433046990378797	7.130365894686882e-08	AC002076.1
AC027644.2	1.2293024069643623	7.232110014897038e-08	AC027644.2
RNVU1-4	1.8496823256722472	7.248683331676885e-08	RNVU1-4
SNORA12	1.1050757845008876	7.254302897075268e-08	SNORA12
AC245187.1	1.4463635473164145	7.284219955335489e-08	AC245187.1
RN7SKP74	1.2553732534136408	7.30761780302874e-08	RN7SKP74
RN7SL452P	1.4078916036778473	7.309089791411393e-08	RN7SL452P
AL359538.1	2.1110419421134305	7.311852513730956e-08	AL359538.1
LINC02148	-1.05411509206599	7.318290826028389e-08	LINC02148
RPL7P7	1.870942764443648	7.426300728541136e-08	RPL7P7
AL645608.1	1.0721224152096986	7.42910906143635e-08	AL645608.1
HEMGN	1.51413470955867	7.487725316421108e-08	HEMGN
AC243773.1	-2.736754180338656	7.512246454949906e-08	AC243773.1
PRDX2P1	1.985683647650937	7.5237147154712e-08	PRDX2P1
TBC1D3E	2.3312525369803976	7.546463116379962e-08	TBC1D3E
EHMT2-AS1	1.0088014303181834	7.614791269504134e-08	EHMT2-AS1
RPS28P7	1.068630518560997	7.656130405743432e-08	RPS28P7
SPINK4	-1.933308868304224	7.680171600917063e-08	SPINK4
AC004943.3	1.3815219080212595	7.698295625475999e-08	AC004943.3
VEGFD	-1.0079317724007528	7.739057474404578e-08	VEGFD
AC117465.1	1.608785973623342	7.784690117281901e-08	AC117465.1
LINC01170	1.6277081161432263	7.805805270347325e-08	LINC01170
PSG2	2.971461303770452	7.809657266579395e-08	PSG2
CCDC197	2.549633481824615	7.90416518564461e-08	CCDC197
TEX26-AS1	1.1294259550750392	7.975078575645415e-08	TEX26-AS1
AL512356.4	1.3812193820617178	7.984137937004854e-08	AL512356.4
RPS26P41	2.098511982396178	7.985670990155573e-08	RPS26P41
ARL4AP5	1.2638871538458625	7.991046307881789e-08	ARL4AP5
DMRTC2	3.177644766038674	8.052713906474589e-08	DMRTC2
KRTDAP	1.3792055914299528	8.057862422139401e-08	KRTDAP
AC133040.1	3.211906069683571	8.122068170715406e-08	AC133040.1
AL355377.1	1.1986247931500535	8.171540882647544e-08	AL355377.1
KCND2	1.340401776127925	8.20227118424908e-08	KCND2
AC104117.1	1.3413753848698164	8.26358406946422e-08	AC104117.1
NUTM1	1.842596256890053	8.282916449941435e-08	NUTM1
CNTN3	-1.781717631499466	8.3021655086308e-08	CNTN3
CYP4F35P	1.2903055568891844	8.314052673455588e-08	CYP4F35P
SHISA8	-1.576651384894807	8.378874807638086e-08	SHISA8
COL6A5	-1.701026200625238	8.463263583357108e-08	COL6A5
AC008507.4	1.069960202192059	8.480194531103029e-08	AC008507.4
AL591501.1	-1.5680814392992994	8.481263557225214e-08	AL591501.1
LINC02681	3.017389101369383	8.504067865823548e-08	LINC02681
AC139887.5	1.3981665437264534	8.544235350113664e-08	AC139887.5
AC092821.1	1.4528753364681344	8.608114772315307e-08	AC092821.1
RPL23AP58	1.6105271271460146	8.625056695314145e-08	RPL23AP58
AL591163.1	2.9955857416554674	8.629455169425269e-08	AL591163.1
LINC02419	-1.371182661993324	8.693571830932861e-08	LINC02419
PMP2	-2.4359380450700363	8.743212204784565e-08	PMP2
LINC01544	-2.288980503557197	8.775471166213496e-08	LINC01544
AP001554.1	1.7696328062244715	8.775471166213496e-08	AP001554.1
AF230666.2	1.649798511402468	8.802714502062093e-08	AF230666.2
AC100812.1	1.195676878486175	8.827435598814414e-08	AC100812.1
EFNA2	1.5988969538060689	8.828389915256212e-08	EFNA2
AL445433.1	1.096719281939722	8.852547347473821e-08	AL445433.1
AC009955.3	1.7640685873249689	8.900099666606595e-08	AC009955.3
PPFIA1P1	1.7673961093615618	8.900099666606595e-08	PPFIA1P1
AC022034.3	1.7330990862289963	8.922055339533968e-08	AC022034.3
HMGB1P51	2.015200750043008	8.965713004837315e-08	HMGB1P51
SLC17A1	-1.1956320386251362	9.088760669000721e-08	SLC17A1
TRDV3	1.7481801501866403	9.164406314912986e-08	TRDV3
LINC01471	2.7294572905163927	9.194138565273802e-08	LINC01471
CRYAA2	-3.906250888678425	9.2662247474702e-08	CRYAA2
AC026348.1	1.1775832020468182	9.282130387197741e-08	AC026348.1
AKR7A2P2	1.4856710290473394	9.385404667826429e-08	AKR7A2P2
LINC01567	1.8239631971321717	9.409044459205808e-08	LINC01567
OR7E158P	1.5714520984066318	9.417262684610494e-08	OR7E158P
ZNF99	-1.194772066160306	9.493648122225829e-08	ZNF99
KCNU1	3.1372014278065947	9.508892200640397e-08	KCNU1
AC055874.1	-1.1381871713867469	9.618375177147597e-08	AC055874.1
AC090164.4	1.1606490197973762	9.625798337545161e-08	AC090164.4
ATP13A5	-1.3679971781086824	9.635177758021435e-08	ATP13A5
PLAC1	1.378342901056803	9.642437912217073e-08	PLAC1
AP006259.1	2.7462944675128096	9.65829345406813e-08	AP006259.1
AC011503.1	-2.1003229193757376	9.683051579914741e-08	AC011503.1
LINC02003	1.0705989763092394	9.689515305265013e-08	LINC02003
RN7SL587P	1.6596475129095725	9.690009896797735e-08	RN7SL587P
AL050403.1	2.5653427367728683	9.801983389313196e-08	AL050403.1
IGHV5-78	1.1146349798318371	9.811854542240749e-08	IGHV5-78
UNC13A	1.0094125405617356	9.84850091937754e-08	UNC13A
AC090519.1	1.7274461384384443	9.924517469796813e-08	AC090519.1
AP000221.1	1.786535405403065	9.959151308727485e-08	AP000221.1
AC092802.4	1.091829734123335	9.97226579553822e-08	AC092802.4
MIR548A1HG	1.823698606677995	1.0010974797922649e-07	MIR548A1HG
LINC01698	2.417728320865932	1.0076280052079497e-07	LINC01698
LINC01863	-2.2994948108339224	1.0100169167760593e-07	LINC01863
HTR1DP1	2.1883585365154943	1.017096182376458e-07	HTR1DP1
LINC02700	1.241678105673854	1.0203090909651669e-07	LINC02700
AL031602.1	1.1944918255726444	1.0207387577020396e-07	AL031602.1
HTR2B	-1.007893993657387	1.0353738030752297e-07	HTR2B
CBX1P4	1.310723319636723	1.0361378594300619e-07	CBX1P4
IGKV3D-11	1.6855772841599388	1.036702836057515e-07	IGKV3D-11
RPS14P8	1.0526004560574451	1.040147952656936e-07	RPS14P8
AC138150.1	1.062452944912344	1.040799245229705e-07	AC138150.1
MTTP	-1.7149684010976975	1.0441028635684217e-07	MTTP
LINC02027	-1.1447949910559767	1.0441154323651805e-07	LINC02027
RHO	1.375125508863288	1.0441653208021485e-07	RHO
NDUFB4P3	2.6869715504629297	1.0482841775701536e-07	NDUFB4P3
AL450270.1	-1.5320096413833213	1.0491969954970785e-07	AL450270.1
ST7-OT4	1.5353776168837052	1.0526751330914232e-07	ST7-OT4
BNIP3P42	1.6883122766623866	1.0613835456324513e-07	BNIP3P42
AC040174.1	-1.4677556274710828	1.0627389603795145e-07	AC040174.1
AC073210.1	1.114405605961562	1.064629732043016e-07	AC073210.1
AC010333.2	1.247549796307689	1.0745149061418948e-07	AC010333.2
AC244230.2	1.5962072694158886	1.0782158582412661e-07	AC244230.2
GLRB	-1.2473855233744833	1.0782158582412661e-07	GLRB
AL627308.1	2.019560957411566	1.0855385455657165e-07	AL627308.1
CHRDL1	-1.806803971480108	1.0874250554931921e-07	CHRDL1
IGKV2D-28	1.8987202197475772	1.0938721203044685e-07	IGKV2D-28
AC116903.2	1.119910084816041	1.095756380240016e-07	AC116903.2
AL133485.3	1.0908429520636354	1.0983000073721845e-07	AL133485.3
AC008105.1	1.0714675404145342	1.1091498900550801e-07	AC008105.1
AC107373.2	1.4878048108666493	1.1094505359184349e-07	AC107373.2
IFIT1B	1.4065816163598972	1.111964216198273e-07	IFIT1B
MTND4P14	1.7751321837191851	1.1209812865786373e-07	MTND4P14
IGLV2-18	1.6024406190383278	1.132897456803959e-07	IGLV2-18
LINC01124	-1.313633646258435	1.142843196334524e-07	LINC01124
IGKV2-26	2.3582941057863	1.1429375621868965e-07	IGKV2-26
FO393414.3	1.717766729575961	1.1433263587578517e-07	FO393414.3
AC011447.2	1.6157689035363347	1.1447617632823613e-07	AC011447.2
RN7SL521P	1.2378484243058143	1.1454455349981081e-07	RN7SL521P
AL136985.1	2.5086557942169896	1.1559911093796192e-07	AL136985.1
BNIP3P18	1.8649990595956445	1.1571286679915613e-07	BNIP3P18
AL078604.1	1.0584322991825057	1.1615818589266473e-07	AL078604.1
TAS2R3	1.1749083702407257	1.1626447684588853e-07	TAS2R3
AC092793.1	3.087822053685108	1.165986497151192e-07	AC092793.1
AL162578.1	1.79631629770139	1.1688042238941937e-07	AL162578.1
PCDHA9	1.0051069389284677	1.1745235506339757e-07	PCDHA9
AL132986.1	1.2476592317467474	1.1749574623969497e-07	AL132986.1
LINC01551	2.5598079921619488	1.1779638317554847e-07	LINC01551
IQCA1-AS1	1.0514408961051658	1.195046644522597e-07	IQCA1-AS1
AC010627.1	1.2368357875052622	1.1982915968349632e-07	AC010627.1
TPTE2	1.2866992823762	1.1991012554959153e-07	TPTE2
BX255925.2	1.7322636626844592	1.2116863973177173e-07	BX255925.2
AC104435.2	1.9996774803046589	1.2133818289750525e-07	AC104435.2
AC138305.1	-1.465619898363986	1.2133818289750525e-07	AC138305.1
AC008571.2	1.949945026401872	1.214979580643797e-07	AC008571.2
AL049646.1	1.0133900103994795	1.2199500898553353e-07	AL049646.1
SNORA63C	1.2942410269864582	1.2231559445334077e-07	SNORA63C
AP003025.1	2.598534889571935	1.225674516789789e-07	AP003025.1
ST8SIA3	2.584910419508744	1.2295349236585014e-07	ST8SIA3
AC137695.2	1.789432606232622	1.2336108534252065e-07	AC137695.2
AC079075.1	1.09610996282789	1.2402370774703226e-07	AC079075.1
NLRP10	-1.710171550471769	1.2606433994124368e-07	NLRP10
SNORA63	1.259829789767636	1.283485542176148e-07	SNORA63
AL031666.3	1.3739501212959442	1.2925913017798817e-07	AL031666.3
RN7SL192P	1.2336766650044453	1.293508309186562e-07	RN7SL192P
AC062022.2	3.068816242828455	1.293973385603627e-07	AC062022.2
AL157996.1	1.049680329328907	1.2956951023749876e-07	AL157996.1
AL359976.1	1.7840346442428727	1.2964726039343604e-07	AL359976.1
AC068473.3	-1.118989718553559	1.300315353572013e-07	AC068473.3
UGT2B11	1.218737908416969	1.3053872340075757e-07	UGT2B11
AC106799.2	2.390669738083203	1.316169178995412e-07	AC106799.2
SNORD3A	1.3669850480833825	1.3203564393641722e-07	SNORD3A
LINC00520	1.641098548504454	1.3242151104451758e-07	LINC00520
AC009731.1	2.6865593261206437	1.330344353910113e-07	AC009731.1
AC069549.2	1.5493023787840858	1.3307237793896125e-07	AC069549.2
AL356215.1	1.300674787764169	1.3307237793896125e-07	AL356215.1
GBP7	1.2567719537905355	1.338222998456822e-07	GBP7
NDUFAF2P2	2.1378589467899154	1.3415672407671697e-07	NDUFAF2P2
TBR1	1.8081519796551664	1.3415672407671697e-07	TBR1
ROS1	-2.320447601118899	1.345407791518116e-07	ROS1
MIR579	1.5197500420165808	1.351337049853043e-07	MIR579
RN7SL646P	2.932344983379504	1.3643061576447912e-07	RN7SL646P
AC026368.1	1.0034024422736607	1.3711303328025197e-07	AC026368.1
AC005009.1	2.0280474693804917	1.3742925573387988e-07	AC005009.1
FCRL2	1.396451583541125	1.3760975528229314e-07	FCRL2
AOX2P	1.902800960950751	1.3855531717213284e-07	AOX2P
PPIAP65	1.2486186189117796	1.388904014707504e-07	PPIAP65
OR13J1	1.527126532280613	1.390044691250599e-07	OR13J1
CYP4A11	-1.6304258910074576	1.401440123270447e-07	CYP4A11
PPIAP14	1.696110670691214	1.4180246076363672e-07	PPIAP14
AL353616.1	1.4014217561515037	1.4298573616784318e-07	AL353616.1
DPPA4	1.2334047507764556	1.4311071585735136e-07	DPPA4
AC090241.1	2.3779119059934626	1.4323544450091765e-07	AC090241.1
TPRG1LP1	1.203926625464126	1.4365138933559665e-07	TPRG1LP1
LINC01785	-2.677276106845852	1.4388260684776073e-07	LINC01785
DLL3	1.6267715189801724	1.4421445466389633e-07	DLL3
AL606970.1	-1.239416523936889	1.4436059032212629e-07	AL606970.1
IGHV4-28	1.5271154785916294	1.449808046864682e-07	IGHV4-28
AL136964.1	-1.4060508804020804	1.454229823308781e-07	AL136964.1
CDC20B	-1.2923139048266368	1.4542934240401065e-07	CDC20B
MTCO1P40	1.3127147709032574	1.466447837384991e-07	MTCO1P40
AL390726.5	-1.9620245893515933	1.476268906532393e-07	AL390726.5
AC009716.2	1.7322028796625686	1.4785128787890465e-07	AC009716.2
AP005212.4	1.2973339363858014	1.485874909291735e-07	AP005212.4
AC005622.1	1.634999129103701	1.4972659426609946e-07	AC005622.1
AC063950.1	1.100569601332973	1.4976561143464173e-07	AC063950.1
PDZRN4	-1.381100578019199	1.4983250875649138e-07	PDZRN4
ABHD17AP5	1.213254312143237	1.5120379234307057e-07	ABHD17AP5
ANP32BP3	2.701659632640819	1.5124552210408297e-07	ANP32BP3
SLITRK2	1.3862400606841982	1.5146401806590946e-07	SLITRK2
AC127002.1	1.4023193109543042	1.5235565794317094e-07	AC127002.1
AP002833.3	3.0959968497982837	1.5242308461513613e-07	AP002833.3
ACTN1-AS1	1.166333266203403	1.5242308461513613e-07	ACTN1-AS1
MIR3609	1.3545928162944254	1.5244469101835756e-07	MIR3609
MIR3657	1.6803941933001418	1.529072028897642e-07	MIR3657
AC087276.2	1.021733885665118	1.5345315470725866e-07	AC087276.2
AL499627.1	2.988720149633577	1.5379360704984893e-07	AL499627.1
IL13RA2	-1.1432786295480195	1.5434674492955598e-07	IL13RA2
SCN3A	-1.4755596574314176	1.553886199080905e-07	SCN3A
IMPA1P1	1.6610547276707304	1.556523244969077e-07	IMPA1P1
AC112493.1	2.1019029493755643	1.560344324896083e-07	AC112493.1
ZSWIM5P3	2.8628120040066083	1.5647130308986581e-07	ZSWIM5P3
AL929091.1	-1.6017648266703766	1.5661006050975388e-07	AL929091.1
NPY4R2	2.3981165266069624	1.576450809830788e-07	NPY4R2
AC092168.2	1.2556648165022315	1.5887946165186981e-07	AC092168.2
IGLV4-60	1.79416350458703	1.598166830993401e-07	IGLV4-60
AC105914.2	1.9852750015865448	1.602266249046405e-07	AC105914.2
RPL28P2	1.0087368514820287	1.6056045008177274e-07	RPL28P2
RN7SL221P	1.0256349413862358	1.626867406776328e-07	RN7SL221P
NSG1	-1.2626408825478597	1.642960557959587e-07	NSG1
LINC00466	2.2788246725061034	1.6445633398766632e-07	LINC00466
CABP5	2.302885815585301	1.651205532512103e-07	CABP5
RN7SL174P	2.986476151689284	1.6517400589253218e-07	RN7SL174P
DOCK3	-1.1233912484826218	1.6558035214218428e-07	DOCK3
AC078899.4	1.678743155404902	1.6572660409537464e-07	AC078899.4
PRDX3P4	1.253524191584571	1.6577127511272045e-07	PRDX3P4
AC010542.3	1.2607514026242037	1.666253350373795e-07	AC010542.3
AC051618.1	-3.6287131048726753	1.6670806926991726e-07	AC051618.1
AC092427.1	2.17859591484948	1.6773515607248534e-07	AC092427.1
AC112200.2	2.6321263170534985	1.6839936673787854e-07	AC112200.2
IGHV3-38	1.808509657161824	1.6847470397249664e-07	IGHV3-38
AC007598.1	1.7785477823950349	1.6962056449780866e-07	AC007598.1
LMOD2	1.3329203546132216	1.7028208873430733e-07	LMOD2
AC108136.1	3.662836247009953	1.714033304190066e-07	AC108136.1
AP001269.2	1.053092571883445	1.7185093474500258e-07	AP001269.2
H2AC10P	1.6165487300627677	1.7374543138393102e-07	H2AC10P
AL139042.1	1.5233464301434505	1.7410117621512359e-07	AL139042.1
LINC01914	1.3577782189342305	1.7432638846285785e-07	LINC01914
MICD	1.2961135105294634	1.743509958117091e-07	MICD
AL139815.1	1.163912442222292	1.7485212721674262e-07	AL139815.1
C9orf57	2.380105676100106	1.7533014274332857e-07	C9orf57
KLK2	2.2826655338263646	1.769797603579069e-07	KLK2
IGLV2-14	1.450842445345863	1.7725212169561074e-07	IGLV2-14
NSRP1P1	1.1031392314096398	1.780258063052214e-07	NSRP1P1
AP002762.3	1.7587143928618485	1.780258063052214e-07	AP002762.3
AC069257.2	1.105624990116413	1.816065914350311e-07	AC069257.2
C12orf77	2.345288442947505	1.823628085561878e-07	C12orf77
MSMB	2.457613741619604	1.8313204894423645e-07	MSMB
AC009097.2	1.3467463617843127	1.8313204894423645e-07	AC009097.2
AC104090.1	2.3137063464207785	1.8358135579324649e-07	AC104090.1
AC012569.1	1.1417964778761027	1.8373841075609865e-07	AC012569.1
AC130814.1	1.2292401802827668	1.8379896208824533e-07	AC130814.1
LINC01612	-2.7142652592309604	1.8401486884002719e-07	LINC01612
IQSEC3	1.260671228702588	1.847242376230175e-07	IQSEC3
SMYD3-AS1	1.8979411328087572	1.849091492183681e-07	SMYD3-AS1
AL591926.5	-1.73164560363712	1.8660642308340077e-07	AL591926.5
IGHE	1.8463303966485047	1.882789478257696e-07	IGHE
SUGT1P2	1.3854692646533118	1.893569081481529e-07	SUGT1P2
LINC02060	1.2547666554775034	1.896458694403293e-07	LINC02060
AC008747.1	-1.143183541331201	1.9029490345884994e-07	AC008747.1
HMGA2	1.6748125680938484	1.91014180746e-07	HMGA2
TYRO3P	1.1276436410878443	1.910151427136713e-07	TYRO3P
AL121769.1	1.4430768360504245	1.9126143202587864e-07	AL121769.1
IGKV2D-24	1.6761816413127069	1.9173341850386165e-07	IGKV2D-24
AC007130.1	2.0694165861588503	1.9234164228003048e-07	AC007130.1
PAFAH1B2P2	1.8143222135812056	1.9243397736475045e-07	PAFAH1B2P2
GLYCTK-AS1	1.1212746910715048	1.925200986616716e-07	GLYCTK-AS1
HSPD1P13	2.7683587001842023	1.935337024042877e-07	HSPD1P13
AC093249.4	1.093002604437568	1.9405490989204877e-07	AC093249.4
SCG3	1.3523804191937074	1.952616130583621e-07	SCG3
LINC02249	2.579863951241087	1.9591525265956945e-07	LINC02249
AC112907.2	-1.2118679633888745	1.9806773279653907e-07	AC112907.2
ADRA1D	-1.050212877678328	1.990493877817053e-07	ADRA1D
REG3A	3.3207505115651488	2.006077728220112e-07	REG3A
AC130895.1	2.1524745371841125	2.0115615733033826e-07	AC130895.1
KRT8P30	1.953363698187345	2.0711935343143538e-07	KRT8P30
NPM1P20	2.719468538726971	2.0733541216215563e-07	NPM1P20
SLC6A13	1.044962492771632	2.077168755799577e-07	SLC6A13
AC073592.3	1.3143777375908543	2.0839599225829966e-07	AC073592.3
AC113143.1	1.7024177870641863	2.096008346745062e-07	AC113143.1
AC007638.1	2.243358224025536	2.0993076171474894e-07	AC007638.1
AL669818.1	2.2335936197774364	2.104615476758021e-07	AL669818.1
SPIN4-AS1	1.4891406831511915	2.109078370744771e-07	SPIN4-AS1
CICP8	2.401067077945497	2.1097778525063254e-07	CICP8
BX324167.2	1.4464885429035248	2.115744435682285e-07	BX324167.2
RPS4XP10	1.8559182695012104	2.136792356397016e-07	RPS4XP10
SND1-IT1	1.0882978087020294	2.139181322510611e-07	SND1-IT1
AC022215.2	1.5488095959242858	2.1460817813132335e-07	AC022215.2
AL021877.2	2.3904941117214684	2.147472760009362e-07	AL021877.2
ANKRD20A3P	2.312591025437916	2.1534829275395557e-07	ANKRD20A3P
AC079336.7	1.3743521578442766	2.1538652733261438e-07	AC079336.7
C12orf42	1.015970574459795	2.163859237635526e-07	C12orf42
AC108471.1	1.8777393884681908	2.1713146885517875e-07	AC108471.1
IGHV3-13	1.5888495112893064	2.1713844651733882e-07	IGHV3-13
AC106037.2	1.166096802643468	2.1717178406684106e-07	AC106037.2
CDH19	-2.107081144250587	2.198573960744686e-07	CDH19
TBX20	2.443323272953921	2.1997577503985887e-07	TBX20
LINC01180	2.2557024539540267	2.2105043894106995e-07	LINC01180
CAPZA3	-2.5982019259001343	2.2111921000819002e-07	CAPZA3
AC063961.1	1.5498083806726457	2.2194061208318418e-07	AC063961.1
LINC02822	2.641281097328718	2.2227744420759626e-07	LINC02822
AC011442.1	1.152997258036082	2.256559297467643e-07	AC011442.1
AC118754.2	-1.4947374663887194	2.2571587002816441e-07	AC118754.2
AC046129.1	1.6241982662541652	2.258632410631751e-07	AC046129.1
AC093895.1	1.4710771555513855	2.2602851065456042e-07	AC093895.1
AC090953.1	2.1327626370622177	2.264334328492727e-07	AC090953.1
GRM5-AS1	1.1944060592242247	2.266521752940471e-07	GRM5-AS1
AC091043.1	2.6011499591697054	2.2677992050473994e-07	AC091043.1
PPP1R17	1.254685228317867	2.287499911334362e-07	PPP1R17
AC023824.5	3.0427256768221613	2.3112878881543333e-07	AC023824.5
AC004900.1	1.014320401707281	2.3123681041156706e-07	AC004900.1
AC008013.2	1.9912065157614276	2.3198370046015138e-07	AC008013.2
FRRS1L	-1.4339507627986987	2.319984856418073e-07	FRRS1L
AL731556.2	2.427491659966671	2.320788358485225e-07	AL731556.2
AC006116.6	-1.01051376669672	2.325879678693334e-07	AC006116.6
LINC01436	1.7298323543936496	2.3275490441346533e-07	LINC01436
AL136526.1	1.260737733282665	2.3353255851099517e-07	AL136526.1
AC010524.1	1.247567954526476	2.3416879702136322e-07	AC010524.1
PRSS3	-1.7060059970154635	2.350497422510196e-07	PRSS3
C9orf92	1.1306765863742008	2.3637287233238706e-07	C9orf92
AADAC	2.0218037055600484	2.36857845501212e-07	AADAC
AL359636.2	1.273486447765923	2.3706957283677477e-07	AL359636.2
TAS2R30	1.3898209395237635	2.373863455924523e-07	TAS2R30
AC140912.1	1.860473537204393	2.3753906738740087e-07	AC140912.1
PLET1	1.5639561151365098	2.395053847058491e-07	PLET1
HMGB1P16	2.727923204266516	2.407862132022392e-07	HMGB1P16
LINC01014	-1.884741543626038	2.418903222761191e-07	LINC01014
IGKV5-2	1.822600398574744	2.4347524372555165e-07	IGKV5-2
AC092849.2	-1.2447178985895129	2.435587362755708e-07	AC092849.2
MAGEA8	1.1077715510025827	2.4419209982823904e-07	MAGEA8
RPL7L1P12	2.4270269109628657	2.4471775073620893e-07	RPL7L1P12
LKAAEAR1	1.6247752653635272	2.458508888603077e-07	LKAAEAR1
AL121899.4	1.2134316396564937	2.4770069354271386e-07	AL121899.4
AL392089.1	-1.2465993730982656	2.50216565516102e-07	AL392089.1
NR0B2	-2.727497958329153	2.510666453356717e-07	NR0B2
MFSD1P1	1.5402916342222412	2.518622583388007e-07	MFSD1P1
LINC02435	1.3078894501572296	2.520500394403473e-07	LINC02435
AC107029.2	2.149362946686611	2.5290815084484053e-07	AC107029.2
AC004801.1	1.6829208914432394	2.540140773434498e-07	AC004801.1
AL590426.1	1.739262563945165	2.5489267877250056e-07	AL590426.1
AC068880.4	1.1292909959061654	2.550627250448241e-07	AC068880.4
CKS1BP1	-1.4414450936522916	2.570492741753524e-07	CKS1BP1
Z95114.2	1.8625285211704328	2.573375705681064e-07	Z95114.2
HTD2	1.0957041190166152	2.5770832141597544e-07	HTD2
AC244100.2	1.2370301728193642	2.5809113635226533e-07	AC244100.2
AGTR2	-2.6433021842183115	2.588359160461419e-07	AGTR2
AC107419.1	1.7106906026223383	2.591432056696731e-07	AC107419.1
PAX9	1.03407450135932	2.592821140294472e-07	PAX9
AL031598.1	2.586245232659041	2.594974846142881e-07	AL031598.1
SLC26A7	-1.9776903868887177	2.599675588092876e-07	SLC26A7
AC083798.1	1.2554222527003238	2.605393808173825e-07	AC083798.1
LINC00836	2.148799514179479	2.610712178117483e-07	LINC00836
AL671986.1	1.0773484040326913	2.6111111013515484e-07	AL671986.1
AL512324.6	2.8464952122393616	2.611186668568047e-07	AL512324.6
RNF6P1	2.757301261518082	2.621962551829352e-07	RNF6P1
IGKV1-39	1.6740533940833795	2.635616136027225e-07	IGKV1-39
AL121970.1	1.5678031093231632	2.648882702444811e-07	AL121970.1
LINC00304	1.3720891264799138	2.649587910487034e-07	LINC00304
ERFE	-1.1068067027726745	2.6522740087196816e-07	ERFE
LINC01429	2.420560846002225	2.657530125106792e-07	LINC01429
AL031056.1	1.304737175934415	2.6772725661113e-07	AL031056.1
AC115485.1	1.3568947612684306	2.689215236477928e-07	AC115485.1
IGHV1OR15-9	1.77089780697694	2.715850771505167e-07	IGHV1OR15-9
AC108102.1	2.0242687360131413	2.73649754400652e-07	AC108102.1
RPL7AP65	2.0132976263190603	2.743144677497995e-07	RPL7AP65
DUX4L27	-1.0287535535010677	2.7491248440389255e-07	DUX4L27
AL583824.1	1.3511115099999538	2.7562655945716973e-07	AL583824.1
AC020978.2	1.3093037636549218	2.757009814754151e-07	AC020978.2
AC016683.1	1.675421980681259	2.777676051214108e-07	AC016683.1
TEX19	2.272337702089872	2.7786853831911694e-07	TEX19
IGLV2-33	2.161304009818499	2.787891903720119e-07	IGLV2-33
AP000997.3	2.516278618208778	2.789567711119877e-07	AP000997.3
LINC01451	-1.078307349611478	2.7981962036014573e-07	LINC01451
NMNAT1P3	1.7773155922900197	2.810648119589182e-07	NMNAT1P3
C4orf45	1.085555567407299	2.818541011934591e-07	C4orf45
HNRNPA1P34	1.3244098165385858	2.820991191607207e-07	HNRNPA1P34
PDE4C	1.268734176051307	2.8663286571522666e-07	PDE4C
KRT8P43	1.3476410614047043	2.870623451482345e-07	KRT8P43
AC087633.1	2.0405770171279585	2.8757643469726065e-07	AC087633.1
AC010197.1	-1.437292849752153	2.88740951322474e-07	AC010197.1
MIR4432HG	1.3766185371700743	2.909361869865272e-07	MIR4432HG
AC068631.3	1.0546409528590577	2.922550343166155e-07	AC068631.3
FGF21	2.8368885414458496	2.9303643258228466e-07	FGF21
KRT18P15	1.0791722645362416	2.948834506925888e-07	KRT18P15
TUBB3P1	2.7909395868196607	2.957738145701127e-07	TUBB3P1
RN7SL334P	2.668081460728469	3.011268231949549e-07	RN7SL334P
AC104763.1	1.1365757732769597	3.043523075930578e-07	AC104763.1
NLRP9P1	2.10779853125473	3.044307531579584e-07	NLRP9P1
OSBPL10-AS1	1.3069249296901886	3.047356961897563e-07	OSBPL10-AS1
AL359092.1	1.652023694307567	3.052330108602081e-07	AL359092.1
AC069281.1	-1.68850899286367	3.062123506407617e-07	AC069281.1
LINC02263	2.4663740829386733	3.106335330724639e-07	LINC02263
AL603824.1	1.971203007255932	3.135191222941635e-07	AL603824.1
SCARNA9	1.1096613398130752	3.143430867386933e-07	SCARNA9
AC010265.1	2.6303061375136467	3.144142135703723e-07	AC010265.1
AC009044.1	2.69422082276326	3.144337223299885e-07	AC009044.1
ATP5MGL	1.2900317525554774	3.149829335764286e-07	ATP5MGL
UBE2V1P1	1.2966476595945355	3.153204981379105e-07	UBE2V1P1
RN7SL827P	1.7616988228260704	3.165785691365303e-07	RN7SL827P
RIMS4	-1.659358435449349	3.170230367708244e-07	RIMS4
KIAA2012-AS1	1.3636773610392825	3.17038520545046e-07	KIAA2012-AS1
SLC16A9	-1.0934588473804123	3.17862677671056e-07	SLC16A9
AL049649.1	1.1130483387759935	3.1811849288936906e-07	AL049649.1
FAM183BP	1.169739480450184	3.23177200949001e-07	FAM183BP
C7orf33	2.761746720770116	3.265144818752506e-07	C7orf33
AL163953.1	1.2102025508473035	3.282804164311056e-07	AL163953.1
FOXB2	2.7029385551357	3.286971403473633e-07	FOXB2
SSX8P	3.0302319745187547	3.291149155234856e-07	SSX8P
RNU6-945P	1.1309610855205097	3.293360784057795e-07	RNU6-945P
LINC01721	-1.566830334075155	3.303450368400218e-07	LINC01721
HBM	2.1987942116370216	3.3121889380813866e-07	HBM
AL512604.2	-1.0232119689049946	3.328889889212704e-07	AL512604.2
SAMD12-AS1	-1.00055083195049	3.380761020596421e-07	SAMD12-AS1
FP236383.9	3.0846832349682844	3.386967582077138e-07	FP236383.9
AC099517.1	2.652402820158975	3.398378712073452e-07	AC099517.1
SLC35F3	1.1572489994587354	3.398463287864537e-07	SLC35F3
AC109597.1	2.4951808055122267	3.4018840888586335e-07	AC109597.1
AC025678.3	1.2987070368939049	3.40378357887109e-07	AC025678.3
RN7SL180P	1.5608596947761475	3.405745059203228e-07	RN7SL180P
AL355612.1	-2.127129874169248	3.409718799328414e-07	AL355612.1
AL161717.1	-1.3171837440415224	3.415043706260444e-07	AL161717.1
RN7SKP90	2.9281575675477844	3.419782617492797e-07	RN7SKP90
RNY1P10	2.9489744598384124	3.4229635412732615e-07	RNY1P10
AC087257.1	1.1585591264014587	3.423783370209983e-07	AC087257.1
SLC25A52	1.1768852517135648	3.4265345600146257e-07	SLC25A52
AC109583.1	1.378011324086758	3.436987771333492e-07	AC109583.1
ZNF775-AS1	1.0441551549592605	3.44061056949693e-07	ZNF775-AS1
AC127070.3	2.104125609393773	3.4502978405219017e-07	AC127070.3
AC099494.1	2.1544839315779867	3.452876818143705e-07	AC099494.1
RN7SL441P	1.5303968959655236	3.455628544500638e-07	RN7SL441P
AC010148.1	1.162735023599196	3.460784620734758e-07	AC010148.1
PNPLA5	2.830295513497413	3.466962805319769e-07	PNPLA5
CATSPER4	2.622884693767365	3.469817040973411e-07	CATSPER4
OR8A1	2.67697146533789	3.484683294103152e-07	OR8A1
LINC00377	1.2983034005235652	3.5324672874701626e-07	LINC00377
LDC1P	-2.1369028959002616	3.535557963128916e-07	LDC1P
AL451074.1	1.1023015289882243	3.537242750878152e-07	AL451074.1
IGKV1-8	1.613612313682963	3.5638965052900615e-07	IGKV1-8
AC079779.2	1.3347723441640609	3.564493105841188e-07	AC079779.2
LINC00486	1.4749410863486585	3.5904023957492174e-07	LINC00486
AL353637.2	2.828469685093217	3.613204776964087e-07	AL353637.2
MIR27B	1.5379319254629145	3.629992950764818e-07	MIR27B
SLC25A48	-1.059518834797025	3.632321967112549e-07	SLC25A48
FAM169B	1.2048505990049838	3.67838030644147e-07	FAM169B
VTRNA1-3	2.2835945374112647	3.701076343578396e-07	VTRNA1-3
AC066616.1	2.865421483351484	3.7087956489793195e-07	AC066616.1
Z99129.3	1.1481218277791172	3.758764032061375e-07	Z99129.3
PSG6	3.0635652855136954	3.785458022044806e-07	PSG6
CDH18	-2.243472219960104	3.816254788448792e-07	CDH18
AC007014.1	2.3653876867634187	3.8200491423166827e-07	AC007014.1
FGF14-AS1	1.873005493384744	3.837192952085876e-07	FGF14-AS1
AC023593.1	1.3967544933611045	3.8453202924896603e-07	AC023593.1
RPL3P5	1.223486628783686	3.8776380049701066e-07	RPL3P5
GTF2F2P1	1.0534907616335878	3.8839668063386857e-07	GTF2F2P1
AC009303.1	1.499386238173252	3.914344675780781e-07	AC009303.1
MTND5P12	1.127517213551121	3.91633468603634e-07	MTND5P12
AC099811.5	1.143732403342934	3.946890310470975e-07	AC099811.5
AC003044.1	-1.2864608485315403	3.9481699807498963e-07	AC003044.1
ZNF259P1	1.0218257461619322	3.953838498442342e-07	ZNF259P1
AC004217.2	2.8872763849632648	3.957253219545898e-07	AC004217.2
DRD1	-1.0281902517606711	3.982843419352102e-07	DRD1
FBXL21P	1.3396793759081522	3.982843419352102e-07	FBXL21P
LINC01085	-1.061219456099278	3.988563161421412e-07	LINC01085
CR769776.2	1.7849466923887236	3.9945544687928346e-07	CR769776.2
AL021918.4	1.0247199802055085	4.00936485530217e-07	AL021918.4
LLCFC1	-1.0100846644521404	4.019651096996397e-07	LLCFC1
AP000720.1	1.6068443694262522	4.019651096996397e-07	AP000720.1
AC006445.2	1.2331018020925693	4.050770220929488e-07	AC006445.2
GIP	2.8920909161716297	4.0731665190044107e-07	GIP
AL109659.3	1.09793226922218	4.127090423755596e-07	AL109659.3
LUM	-1.2685701858657643	4.1344480859468923e-07	LUM
ZNF676	-1.372851982342761	4.154008102338456e-07	ZNF676
NCAM1-AS1	1.4609159982236923	4.22490073650469e-07	NCAM1-AS1
FAM216B	-2.1649058726556203	4.2629185498108585e-07	FAM216B
AC133552.3	1.0602138873907665	4.265156371354737e-07	AC133552.3
PSG3	2.9377800715602107	4.271796237943194e-07	PSG3
RNA5SP195	1.6230577649626312	4.273411488169333e-07	RNA5SP195
AC021517.1	-1.696819201211999	4.291018017009258e-07	AC021517.1
AL451123.2	1.5055032437206095	4.297477065417431e-07	AL451123.2
RPL19P11	1.6370761301669658	4.3507294370625313e-07	RPL19P11
AC021146.12	-1.8402543466022867	4.38869295522577e-07	AC021146.12
GNAS-AS1	1.1235002904811426	4.4076889512085605e-07	GNAS-AS1
KRT19P4	1.9486598910686277	4.415622495976369e-07	KRT19P4
AL121992.3	-1.0056964895354126	4.422570477975294e-07	AL121992.3
AC010531.4	2.739757825161557	4.4238531042796923e-07	AC010531.4
PPIAP42	1.0525241483112897	4.428462080461069e-07	PPIAP42
AP002967.1	2.9534991488429467	4.433512193647356e-07	AP002967.1
AC124276.2	1.7776148888850067	4.441198183639845e-07	AC124276.2
IGHV1-67	1.7973861092199015	4.448961921380779e-07	IGHV1-67
MORN5	-1.0198410607196142	4.452843856645155e-07	MORN5
JCHAIN	1.3156878836038002	4.469937318246339e-07	JCHAIN
SREK1IP1P1	1.953391205125248	4.490209795616072e-07	SREK1IP1P1
AC027281.1	1.2388370128476358	4.495362666440888e-07	AC027281.1
MIR553	1.4774620138823868	4.5060389034979046e-07	MIR553
AC002074.1	1.0992978844764751	4.5179403812628434e-07	AC002074.1
RPL21P106	2.375454989709929	4.534628251717476e-07	RPL21P106
AC079052.1	-2.644256716624666	4.580328906797822e-07	AC079052.1
MTCO2P27	1.5614928632297709	4.587964284535562e-07	MTCO2P27
DIO3OS	1.2066900908059894	4.600519069069952e-07	DIO3OS
IGHV4-61	1.6165954910912712	4.609831176459953e-07	IGHV4-61
C4orf51	1.263261832325782	4.6390998861580114e-07	C4orf51
AC010333.1	1.175408341668919	4.65205021981788e-07	AC010333.1
AC008592.4	1.0670732096081856	4.662033973845534e-07	AC008592.4
AL139354.1	2.300996850906268	4.662676346977703e-07	AL139354.1
AC005277.2	1.5277378304369635	4.672588811222354e-07	AC005277.2
AC025627.2	1.198734413887173	4.677476548366258e-07	AC025627.2
RPSAP71	3.0235712466198965	4.7037987087888876e-07	RPSAP71
AC027779.1	-1.50525074370642	4.72219689277869e-07	AC027779.1
AC004862.1	-2.3999027799802803	4.734025608171574e-07	AC004862.1
LINC00971	2.582305566383678	4.738696380337226e-07	LINC00971
AC079160.1	2.5015533015445293	4.787714151235606e-07	AC079160.1
CALR4P	1.3419945399870037	4.790226376179555e-07	CALR4P
ADH7	2.9323969819468583	4.818198408070488e-07	ADH7
SLC7A10	-1.4771077545116955	4.826935077694632e-07	SLC7A10
EPHA5	-2.038273105717537	4.839115967873611e-07	EPHA5
ISM2	-1.489237441711723	4.862997291902047e-07	ISM2
LINC00879	3.4640917636362096	4.873934505489425e-07	LINC00879
AC010335.1	1.2117960883878878	4.880958255445619e-07	AC010335.1
MIR4500HG	1.346685809250575	4.899910737213321e-07	MIR4500HG
LINC00323	-1.3496561705202903	4.901998543119557e-07	LINC00323
RPS20P15	1.886776321716296	4.902336181560982e-07	RPS20P15
SNORA80E	1.538971837443107	4.917404822698185e-07	SNORA80E
AC022121.1	1.6388156272248826	4.927552412557076e-07	AC022121.1
AC012363.2	2.0714543419907505	4.958337561986515e-07	AC012363.2
TCHH	1.0586809821118228	4.959420636978357e-07	TCHH
MIR4537	2.553799127788683	4.967678952507281e-07	MIR4537
MAGEA10-MAGEA5	2.201614340435806	4.996001748085448e-07	MAGEA10-MAGEA5
COL18A1-AS2	1.0980704481494554	5.013280344165778e-07	COL18A1-AS2
AC005578.1	1.0807201663465844	5.01508432050548e-07	AC005578.1
LINC00316	1.4018070231385529	5.036939757786236e-07	LINC00316
ARMC2-AS1	1.2718297854662763	5.085493734597108e-07	ARMC2-AS1
COL19A1	-1.129072594343889	5.12460875239895e-07	COL19A1
AC068286.2	1.1862258591008064	5.136480191919925e-07	AC068286.2
LINC02663	2.743973623298827	5.137766619842598e-07	LINC02663
AL031429.1	-1.4947949211936336	5.137766619842598e-07	AL031429.1
EPN2-AS1	1.1178791906820305	5.144539092889802e-07	EPN2-AS1
ERP27	-1.4473227355146547	5.151669279174543e-07	ERP27
AC105046.2	1.7211677161999908	5.18182400695752e-07	AC105046.2
AC087636.1	1.6901905249770517	5.218953460469565e-07	AC087636.1
CASC20	2.60367606065231	5.218953460469565e-07	CASC20
CELP	-1.2023334468289846	5.2249322900618e-07	CELP
GAU1	1.0295568007468503	5.242272299227599e-07	GAU1
AP001066.1	2.9209639948729795	5.2938130002491e-07	AP001066.1
BX119321.1	1.6202088276460578	5.35255611186573e-07	BX119321.1
AL355607.2	1.7232333574020997	5.374172024316526e-07	AL355607.2
TMSB4Y	-1.68798242950799	5.407207678884569e-07	TMSB4Y
GSTT4	2.0459449054331698	5.409251101890686e-07	GSTT4
DDX18P1	1.0115525265649927	5.424228581785253e-07	DDX18P1
AC113367.3	2.8714368583138854	5.426129919023726e-07	AC113367.3
AC079089.1	1.460100960103781	5.449092960897613e-07	AC079089.1
MYO16-AS1	2.789806175218514	5.454222401175003e-07	MYO16-AS1
AC025871.2	1.0687111012419928	5.487406187350764e-07	AC025871.2
AL022097.1	1.5553857309486916	5.515565580828261e-07	AL022097.1
AC002563.1	1.1675388182996165	5.520242716439522e-07	AC002563.1
PTK6	1.0338662922895396	5.555220314569393e-07	PTK6
IGKV3D-20	1.4420201222639226	5.631031712344329e-07	IGKV3D-20
NAPSA	-1.1758983065823725	5.636599211187066e-07	NAPSA
AC023983.2	1.2648566139936777	5.643983296025996e-07	AC023983.2
MCIDAS	-1.7776217736042688	5.678084978205113e-07	MCIDAS
CICP11	2.3233330523336075	5.687368883178755e-07	CICP11
AL050327.1	-1.703802276188062	5.704751920748075e-07	AL050327.1
AL121762.1	-1.2665877801581498	5.743215584611539e-07	AL121762.1
TUBB4A	1.2412588948873613	5.746758774078673e-07	TUBB4A
LINC02438	2.8317143352511507	5.747242659826951e-07	LINC02438
MIR3976HG	2.611317617206416	5.79874012999355e-07	MIR3976HG
AC027104.1	1.3988481389334166	5.87604760147873e-07	AC027104.1
AC025871.1	1.810615578840777	5.87604760147873e-07	AC025871.1
AC093829.1	-2.920323774244068	5.876430699551941e-07	AC093829.1
HAS2	-1.0303824135717037	5.882375605925741e-07	HAS2
LINC02840	1.5017877455507005	5.894129928529668e-07	LINC02840
EYA1	1.4336875309142991	5.913841958600174e-07	EYA1
AL078602.1	1.6938213646294975	5.917378904545098e-07	AL078602.1
VN1R7P	3.0343060667996533	5.937408537075463e-07	VN1R7P
AC115282.2	2.283687939158789	5.956561611096179e-07	AC115282.2
RPS6P21	2.7220732852625784	6.00194420365945e-07	RPS6P21
TMBIM7P	1.82171295726866	6.048598580109796e-07	TMBIM7P
RN7SL280P	2.12283141617372	6.049044755588326e-07	RN7SL280P
AC012508.3	1.9272042423567304	6.087196064008431e-07	AC012508.3
AC243562.1	1.012675059135154	6.114695710339689e-07	AC243562.1
LINC02683	1.3828542659717686	6.144839738083381e-07	LINC02683
AC253576.1	2.444626442244354	6.160697395147585e-07	AC253576.1
TMEM255A	1.2156926726961883	6.162713302664363e-07	TMEM255A
MTCO3P29	1.2773067688448967	6.162713302664363e-07	MTCO3P29
AL049629.2	1.5277596722474789	6.175382180032811e-07	AL049629.2
G6PC2	1.2663604597510263	6.179395254650812e-07	G6PC2
RNY4P25	1.674419188463638	6.208198751311084e-07	RNY4P25
AC095050.1	1.494574726941133	6.211825498195925e-07	AC095050.1
SPATS1	1.3917803455041904	6.22788958457358e-07	SPATS1
H2AC19	1.2501572383772936	6.242621086838225e-07	H2AC19
AC008567.1	1.4248194942208832	6.244165831264366e-07	AC008567.1
AL158212.1	1.04924828115591	6.259657610419543e-07	AL158212.1
AL160412.1	1.4773881906150887	6.270816480848431e-07	AL160412.1
AGBL5-AS1	1.011955200287517	6.367117214858613e-07	AGBL5-AS1
RN7SKP185	2.3439631134594987	6.377570534258507e-07	RN7SKP185
RPL17P43	1.0245677377336937	6.5465342642201e-07	RPL17P43
ZNF729	-1.5959384570097517	6.553391253427178e-07	ZNF729
IGKV1D-13	1.6928946821756248	6.553391253427178e-07	IGKV1D-13
AC011092.2	2.5463337628786182	6.563468095089096e-07	AC011092.2
AC004990.1	2.357037194672217	6.582279895462425e-07	AC004990.1
AC018638.3	1.2959740575761831	6.583497257163888e-07	AC018638.3
AC015726.3	2.416335107650769	6.601165194138236e-07	AC015726.3
HSD3BP3	1.295493568546263	6.604699395035784e-07	HSD3BP3
EDAR	-1.1951558876176025	6.654528494817194e-07	EDAR
AC016682.1	1.954117055924789	6.665852807228157e-07	AC016682.1
AL356234.2	2.271090357008786	6.679626784480351e-07	AL356234.2
AP001783.1	2.1701878581568974	6.7215941914666e-07	AP001783.1
HABP2	1.5899455679082874	6.723599720224096e-07	HABP2
LINC01213	-1.6290748102906716	6.731832760967871e-07	LINC01213
RSU1P2	2.5300082935995305	6.743784705922632e-07	RSU1P2
AC023794.4	1.0467352736230304	6.75690310841313e-07	AC023794.4
AC108159.1	2.2059637259661624	6.787775711117728e-07	AC108159.1
HTR1A	-1.7725027592424978	6.830758487772714e-07	HTR1A
PYDC1	1.835839298188497	6.833084836305398e-07	PYDC1
AC019257.2	1.0377709505737682	6.87376930473987e-07	AC019257.2
SEPTIN12	2.522035050836964	6.890959508420372e-07	SEPTIN12
AP001977.1	1.4334426288996294	6.904671783401883e-07	AP001977.1
RN7SL220P	2.4639791927250405	6.914035108874358e-07	RN7SL220P
IGLL1	1.540544605536995	6.917007259436577e-07	IGLL1
AC005695.1	1.4773189528054345	6.917131511707562e-07	AC005695.1
LINC02412	1.231932457266523	6.936734895626159e-07	LINC02412
AC026355.2	1.475583295134086	7.034532295112621e-07	AC026355.2
AC133785.1	2.5863701680018103	7.037964582908296e-07	AC133785.1
TMEM132D	1.2690096890572544	7.064828164620531e-07	TMEM132D
CSDC2	-1.3738276631272492	7.078078063991967e-07	CSDC2
AC007182.1	1.2774331695673349	7.10078452718605e-07	AC007182.1
ERN2	1.5118684468479666	7.193002496942158e-07	ERN2
AC008738.4	2.472880134842684	7.253040081109421e-07	AC008738.4
LINC02008	2.458525466347208	7.277136167865773e-07	LINC02008
TOP3BP1	2.006141665848848	7.279343426476124e-07	TOP3BP1
VENTXP7	3.142038337148388	7.282640601794884e-07	VENTXP7
AL121578.1	-1.7636271895125433	7.321853998801476e-07	AL121578.1
AC087857.1	-2.491205385864456	7.323728023695732e-07	AC087857.1
CAP2P1	1.4399259805884546	7.323728023695732e-07	CAP2P1
AC106800.1	1.3540692922409543	7.332142941626086e-07	AC106800.1
MIR217HG	-1.837154076069877	7.332142941626086e-07	MIR217HG
LINC00488	-1.6735355631191238	7.333435748436073e-07	LINC00488
AC006364.1	2.5328564021038047	7.424728261144381e-07	AC006364.1
KCNA2	1.1546811696719148	7.447539321803338e-07	KCNA2
AC245884.6	2.515271175110169	7.467557469267448e-07	AC245884.6
DEFB125	-3.079047657781324	7.471470212600006e-07	DEFB125
LAMTOR3P2	1.563606502980838	7.473787112198082e-07	LAMTOR3P2
UBE2U	-1.6221872676015856	7.537621403252389e-07	UBE2U
TPT1P3	1.8175605208710368	7.601058959676193e-07	TPT1P3
LINC02405	1.4482092623677858	7.667133375382878e-07	LINC02405
RNU6-720P	1.097420060922555	7.687469909708107e-07	RNU6-720P
IGHV3-72	1.3059287624866194	7.699681780417793e-07	IGHV3-72
TMEM130	1.3177660531763746	7.723103803090219e-07	TMEM130
SNX18P9	1.6975287941194914	7.780807616938556e-07	SNX18P9
CSF2	1.53574893562541	7.81431562979801e-07	CSF2
AC116609.3	2.1026466631089944	7.818369357553476e-07	AC116609.3
AC073210.3	1.123676778927237	7.841802976234278e-07	AC073210.3
AC087045.2	1.0230378376356832	7.842526196530078e-07	AC087045.2
RN7SL144P	2.7142736842561725	7.888513407048015e-07	RN7SL144P
AL022326.1	1.4392129372629228	7.902672088481545e-07	AL022326.1
AL592164.1	1.4537108824402265	7.955704185205361e-07	AL592164.1
TMEM196	1.9174284108902813	7.982316175496153e-07	TMEM196
SNAP47-AS1	1.5200172761091006	7.985475067878696e-07	SNAP47-AS1
RHOXF1P2	2.8905824209500346	8.067215388432945e-07	RHOXF1P2
C1QTNF3	1.0293065267640256	8.070892335826054e-07	C1QTNF3
AC110296.1	1.9211668930221508	8.114281370098984e-07	AC110296.1
AL445623.2	1.103931013111379	8.162043364201376e-07	AL445623.2
AC018892.3	-1.3447188636931644	8.181450961566843e-07	AC018892.3
AL356515.1	2.40644840231736	8.194038576420608e-07	AL356515.1
AC092131.1	1.870195323970399	8.225238530167147e-07	AC092131.1
CDHR5	1.0370806326727426	8.247854891199227e-07	CDHR5
TULP1	-1.0092564239593156	8.258942120730484e-07	TULP1
LINC01586	1.753083996155159	8.277591960271663e-07	LINC01586
TXNP6	1.0143644720727136	8.278586112622168e-07	TXNP6
RNU6-35P	-1.9910374906594417	8.346979893187293e-07	RNU6-35P
AC106895.2	3.18100828443738	8.377718989022e-07	AC106895.2
LINC02635	-2.634777951589709	8.414085557060356e-07	LINC02635
LINC00582	1.4442380568822952	8.414115663825923e-07	LINC00582
RNY1P16	1.212832158616711	8.437610136420295e-07	RNY1P16
AC066613.2	1.5210199474392572	8.510185684660664e-07	AC066613.2
AC130651.1	1.3258504991395257	8.515065174623861e-07	AC130651.1
SERPINB13	2.545188275844581	8.530853629838094e-07	SERPINB13
Z80897.2	2.632755080941982	8.554831895127931e-07	Z80897.2
NUTF2P6	1.2573377932531111	8.573070372069008e-07	NUTF2P6
LINC01980	1.7466944414447705	8.598346507828301e-07	LINC01980
RBPMSLP	2.511193732607468	8.604291545379327e-07	RBPMSLP
LINC02250	1.368277150330805	8.67464957911576e-07	LINC02250
AL355672.1	4.7387798594062405	8.688994388265729e-07	AL355672.1
IGLVI-70	2.427859343078804	8.701660107972554e-07	IGLVI-70
C11orf91	1.0352497272647858	8.725717276871004e-07	C11orf91
CNIH3-AS2	1.8550117867959617	8.727576612237878e-07	CNIH3-AS2
IGHV3OR16-8	1.7311471630628084	8.807449007595103e-07	IGHV3OR16-8
LINC00311	1.4689537913821915	8.821524261665408e-07	LINC00311
MGAT4EP	1.606713548020328	8.88028249063055e-07	MGAT4EP
TDGF1P3	-2.6455768711044763	8.929922031809988e-07	TDGF1P3
IGHEP2	1.2662496790425106	8.982366160098259e-07	IGHEP2
BNIP3P33	-2.1566672920119503	9.021526573433188e-07	BNIP3P33
RN7SL426P	2.102891379547534	9.060202113142844e-07	RN7SL426P
AC000065.2	1.2420307504242576	9.200999294321836e-07	AC000065.2
DRAXINP1	2.777817437432781	9.205652328359956e-07	DRAXINP1
RN7SL208P	1.018770993636806	9.29930100267514e-07	RN7SL208P
AC097376.1	1.5282575517383818	9.32293242392468e-07	AC097376.1
RN7SL160P	-1.7951689773573916	9.323848329063064e-07	RN7SL160P
AL137246.1	1.194540737477778	9.398268583165194e-07	AL137246.1
NBPF4	2.2430876168407354	9.408022462709756e-07	NBPF4
SNORD72	1.62123573991147	9.414805508148932e-07	SNORD72
TMEM40	-1.0705272811413211	9.437500649585348e-07	TMEM40
AC010970.1	1.764480313794766	9.58805829749875e-07	AC010970.1
H19	1.2109588431345204	9.642878754393248e-07	H19
NKX2-2	2.382333414099884	9.645751317405138e-07	NKX2-2
IGHV3OR16-11	2.360856754495237	9.65512189748291e-07	IGHV3OR16-11
PSG8-AS1	2.8383533054581878	9.712924144288896e-07	PSG8-AS1
AL035420.2	1.2902642192507685	9.714727626255826e-07	AL035420.2
RPL9P21	1.138212027684838	9.826626044223749e-07	RPL9P21
AC245884.12	1.341599022465493	9.924304195442044e-07	AC245884.12
AP001065.3	1.1256091387195577	9.967041542804422e-07	AP001065.3
PGLYRP4	1.8657472093032856	1.0030235722963232e-06	PGLYRP4
AC104129.1	1.6258542434585346	1.00350142965714e-06	AC104129.1
AL450992.2	1.1138659513502596	1.0070393399774812e-06	AL450992.2
AC007326.5	2.5034763925049184	1.008783966085358e-06	AC007326.5
AC074099.1	2.1872680020324764	1.0094246931993252e-06	AC074099.1
DPY19L2P4	-1.0245979538880714	1.017335895850741e-06	DPY19L2P4
TMEM211	1.042428576124723	1.0178822897768104e-06	TMEM211
KCTD4	1.1489624134605576	1.0204342786365167e-06	KCTD4
C7orf65	1.184943415271315	1.025354155487881e-06	C7orf65
RPL23AP42	1.107941155170696	1.0271621186876547e-06	RPL23AP42
MIR221	1.3337212920127557	1.0271621186876547e-06	MIR221
NXT1-AS1	1.031123147631888	1.0317095674461088e-06	NXT1-AS1
BMP2KL	2.16925104119301	1.0346248470691673e-06	BMP2KL
IGKV1D-39	1.5323373015331625	1.0363598631044152e-06	IGKV1D-39
AC090630.1	1.0304719995051743	1.0373763325727947e-06	AC090630.1
IGLV3-27	1.481813546392075	1.0384856020709974e-06	IGLV3-27
AC092353.1	-1.5063341269413886	1.048169051505062e-06	AC092353.1
RNU6-553P	1.5091211866038712	1.0495138477788788e-06	RNU6-553P
PRDM12	1.140481626470395	1.0515815582239803e-06	PRDM12
FKBP1AP1	1.089034681295931	1.055241462517937e-06	FKBP1AP1
HMGN1P14	2.627775997612453	1.0571194302856851e-06	HMGN1P14
AC022276.1	2.1424109600781893	1.0575589828854162e-06	AC022276.1
AL080312.2	1.2137296588930195	1.062612213091495e-06	AL080312.2
IGHV3-75	2.272437627249175	1.0693483857270632e-06	IGHV3-75
AL773545.3	1.334644551180601	1.069864042216176e-06	AL773545.3
AP000350.2	1.1278690726328076	1.0741825148455605e-06	AP000350.2
AC005529.1	1.9218273568552195	1.0777945425216475e-06	AC005529.1
LINC02618	-1.0931941810501244	1.0806609726311691e-06	LINC02618
CIR1P1	2.6037492052282656	1.086274179660862e-06	CIR1P1
AC112219.2	1.4819296590357238	1.0884289211263005e-06	AC112219.2
BBIP1P1	1.1474724459081032	1.088677613170164e-06	BBIP1P1
AP000902.1	1.4211444048649358	1.0918889608150935e-06	AP000902.1
AC092142.1	-1.2209993796319851	1.093681432737649e-06	AC092142.1
AL359265.2	2.307207597133974	1.1008112233549829e-06	AL359265.2
IGKV3-7	1.4682575769907436	1.111771211393014e-06	IGKV3-7
DEFB109D	1.0695918695183704	1.1149916148360014e-06	DEFB109D
LINC02883	1.1204606418418188	1.1218894117338971e-06	LINC02883
MARCKSL1P1	1.2685628161098714	1.1358536491607523e-06	MARCKSL1P1
LINC01233	-1.601116641169247	1.1492132968826557e-06	LINC01233
RFX6	2.013102528094393	1.1503180735378465e-06	RFX6
RPL7P17	1.215807924039236	1.1543163483409374e-06	RPL7P17
PTGS2	-1.1142218068189294	1.1697926296086498e-06	PTGS2
KRT18P39	1.0983446268692874	1.171314585373854e-06	KRT18P39
MAPK8IP1P2	2.1881802042511302	1.1743355021766815e-06	MAPK8IP1P2
PHBP7	1.501922008239066	1.1760275588910611e-06	PHBP7
AC026111.1	1.409198874782351	1.180455269535945e-06	AC026111.1
AC026470.2	1.0178234352960382	1.1808833567210632e-06	AC026470.2
AC005914.1	-1.6060029707721146	1.1833721486896787e-06	AC005914.1
RPL35P9	2.3144894923075987	1.1847625393481691e-06	RPL35P9
CELF2-DT	2.1415717146990128	1.1941746158381894e-06	CELF2-DT
SLC25A5P3	-1.0669432444779	1.1977023710496992e-06	SLC25A5P3
RN7SL442P	2.8147248321340124	1.1985413657551469e-06	RN7SL442P
IGHV7-56	2.6184252973089595	1.2036020829604042e-06	IGHV7-56
AC004233.1	1.0706178500210992	1.2038189160336116e-06	AC004233.1
AC011944.2	1.133076528392862	1.204493196335193e-06	AC011944.2
DDX39BP2	1.466254600940495	1.2082690988772886e-06	DDX39BP2
C1orf167	1.1676028243286878	1.2145510562951568e-06	C1orf167
AP001804.1	2.182973956630427	1.216400278071185e-06	AP001804.1
PDCL2	2.812958090903709	1.2178220588570972e-06	PDCL2
AL157385.1	2.231704521936404	1.2291935903266704e-06	AL157385.1
MPPED1	1.4130673032893133	1.2310752261987617e-06	MPPED1
AC024568.1	1.2528999380700694	1.2397490573688682e-06	AC024568.1
PFN3	-2.329846499676538	1.2411223216669942e-06	PFN3
AC004707.1	1.7188420811976828	1.245096602314017e-06	AC004707.1
WFDC2	-1.1538666512980331	1.2588888154389887e-06	WFDC2
LINC01290	1.0274639268508683	1.268044349310243e-06	LINC01290
COCH	-1.2171548836994217	1.2706999496254228e-06	COCH
INSL5	1.5221796758784896	1.2778877880095906e-06	INSL5
LINC01121	1.6663523458031086	1.2795322516956484e-06	LINC01121
CYP17A1	-1.8592639420675912	1.2835801164134704e-06	CYP17A1
AC100784.1	2.692922657933908	1.286120081993911e-06	AC100784.1
ZNF716	2.361506142834416	1.2899182199727208e-06	ZNF716
LINC02133	1.419266550718379	1.2899725520631405e-06	LINC02133
SP8	2.840997557823417	1.2931328045345408e-06	SP8
EEF1DP4	1.032714387346001	1.2950549135859616e-06	EEF1DP4
SPPL2C	2.355458296306204	1.2966809985097168e-06	SPPL2C
AC073065.1	2.147892385233393	1.3041237053856345e-06	AC073065.1
AL359551.1	1.0333103122304936	1.3088138247778958e-06	AL359551.1
CR589904.2	-1.4927136232668072	1.3137418175877216e-06	CR589904.2
PPIAP59	1.8786484532521976	1.3203290199016285e-06	PPIAP59
AC010271.2	-1.0725922630372768	1.3226613269640918e-06	AC010271.2
PGA4	2.4194609258968818	1.3265564156445098e-06	PGA4
KCTD9P1	1.614086383148544	1.328422955070093e-06	KCTD9P1
IGLV5-48	1.9002829013382212	1.3443422074964446e-06	IGLV5-48
RPS26P38	1.9202155969740469	1.3485979625807882e-06	RPS26P38
AC008268.1	2.732417798482876	1.3567356081688182e-06	AC008268.1
OR2AG1	1.6050653106692503	1.365845005032071e-06	OR2AG1
ANKRD40CL	1.3064014440891567	1.3895048876533174e-06	ANKRD40CL
SLC15A5	1.4798014318118733	1.3998251130263674e-06	SLC15A5
AC025423.3	1.5997844240892911	1.4020917228200733e-06	AC025423.3
AC005300.1	1.5223104675439667	1.4074510874689856e-06	AC005300.1
RN7SL445P	1.378963293074493	1.42620305324317e-06	RN7SL445P
AC079949.3	2.4603383780820365	1.4284245505296737e-06	AC079949.3
DEFA3	2.0456300151623195	1.4324607059960636e-06	DEFA3
AC084724.1	1.1097148556070813	1.4511000969047916e-06	AC084724.1
AL139274.1	1.91452792333891	1.469147181209757e-06	AL139274.1
KCNIP1	-1.4057641522217288	1.4700800276276666e-06	KCNIP1
HNRNPCP9	2.3990930565550816	1.4719732739796467e-06	HNRNPCP9
AC110769.3	1.833937921282109	1.489043479818554e-06	AC110769.3
TPSD1	1.26590360997541	1.4899307212855268e-06	TPSD1
RNU7-186P	1.2834600982985092	1.503392098342208e-06	RNU7-186P
AC079035.1	1.417407019338926	1.507567866064207e-06	AC079035.1
CYCSP52	1.5753842475628146	1.5249371072329394e-06	CYCSP52
DUSP15	-1.2361543513509887	1.5285935448571926e-06	DUSP15
CARM1P1	2.559052608756935	1.5775166055252895e-06	CARM1P1
IGLV3-16	1.7925179007370908	1.5790213379511744e-06	IGLV3-16
RFPL4A	1.2075704539973886	1.5976190340111255e-06	RFPL4A
TTLL6	1.011658879773814	1.6034225025207837e-06	TTLL6
NCAM1	1.2760016369420637	1.6034225025207837e-06	NCAM1
LINC01053	2.803008869490516	1.608276760857274e-06	LINC01053
CALCR	1.1428090970997158	1.6095903998008775e-06	CALCR
AC007431.1	1.540755224494155	1.6110696265464164e-06	AC007431.1
LINC01804	2.5536356838067924	1.6276840018035289e-06	LINC01804
AC092848.1	1.4937266434120242	1.629001450183293e-06	AC092848.1
AC124804.1	2.2571594794903738	1.6356544318511369e-06	AC124804.1
RN7SKP261	2.935602433837666	1.6482987542927698e-06	RN7SKP261
AC078955.1	2.827630096715089	1.6526222462025168e-06	AC078955.1
LINC00534	1.0753924062691995	1.6536505233947594e-06	LINC00534
AC078942.1	1.2027395791388984	1.6611696212717012e-06	AC078942.1
AC010729.1	1.7845980808517128	1.6623998682000826e-06	AC010729.1
GDNF-AS1	-1.4026828697519722	1.67111065391918e-06	GDNF-AS1
AJ003147.2	2.159090100988727	1.6803555368282772e-06	AJ003147.2
AL355596.1	1.5339648102311856	1.6893870376999556e-06	AL355596.1
AC004910.1	1.9258745584199808	1.7040274488129131e-06	AC004910.1
CBS	-1.1579325716890922	1.7055754837926326e-06	CBS
AC010343.3	1.0554332450471349	1.7083292922354853e-06	AC010343.3
SPINK2	1.4553891199663491	1.72603724099224e-06	SPINK2
AC011443.1	1.7477884897156923	1.750130529521605e-06	AC011443.1
AL360007.1	-1.6775301228652804	1.75071765807043e-06	AL360007.1
TBC1D3D	2.9834568957336427	1.7516107789895302e-06	TBC1D3D
HSPA8P14	1.1953612791867558	1.755038083967552e-06	HSPA8P14
RN7SL297P	2.9490953465161938	1.763490216504273e-06	RN7SL297P
AC090774.2	2.4658607976844045	1.7753967592590665e-06	AC090774.2
UGT1A6	1.0886780857714633	1.7834278583029837e-06	UGT1A6
RPAP2P1	2.2674730135448566	1.7847993273027603e-06	RPAP2P1
ADIG	-1.6245078175834906	1.798989947790371e-06	ADIG
RPS8P4	1.2317530278084698	1.8045853028199767e-06	RPS8P4
AC131391.1	1.378437291943275	1.8087167326556944e-06	AC131391.1
AC126696.1	2.4522936178653154	1.8157747599833956e-06	AC126696.1
CACNG1	1.720994927702942	1.816304966623872e-06	CACNG1
ANKRD20A4P	1.1613800900784346	1.8281086512120029e-06	ANKRD20A4P
KRT77	2.7408391556326026	1.8362696245535987e-06	KRT77
CDH15	1.2739631817792916	1.856586500129485e-06	CDH15
GAPDHP14	1.2287455806706231	1.858378735729101e-06	GAPDHP14
AC110792.2	1.5331252258218806	1.872938001099601e-06	AC110792.2
VWA3A	1.0692631310618708	1.885257233472824e-06	VWA3A
HS6ST3	-1.4205766485694171	1.89255471454812e-06	HS6ST3
EIF3KP3	2.93638764211939	1.8938135216164875e-06	EIF3KP3
BX664727.3	1.172523635481245	1.9120914628860422e-06	BX664727.3
KRTAP5-7	1.2211823463400984	1.912974902872021e-06	KRTAP5-7
AC019131.3	1.0063102442834644	1.9177479179259374e-06	AC019131.3
CNTFR	-1.333310351421219	1.924903155516165e-06	CNTFR
AL133467.1	1.0317389847280385	1.9484407306428688e-06	AL133467.1
AC015853.3	1.0207901257042842	1.956872339026943e-06	AC015853.3
MIR378A	1.5024472669759308	1.960661773274541e-06	MIR378A
AC244090.2	1.1310032060101407	1.9699880953124644e-06	AC244090.2
AL355306.2	2.5403802011067014	1.9774507914825564e-06	AL355306.2
LINC01739	-2.852857258468988	1.994318429192482e-06	LINC01739
AC007601.2	1.5248075186673349	1.9950323997954214e-06	AC007601.2
NLRP5	2.420248257910886	1.9989342195406736e-06	NLRP5
RTBDN	1.8597535068822448	1.9997488707810564e-06	RTBDN
LINC00365	-1.0815754164521325	2.0026068784627314e-06	LINC00365
AC010422.4	1.0452004315502907	2.0164303984539176e-06	AC010422.4
RAP2CP1	-1.0049724425161468	2.023791873466889e-06	RAP2CP1
ZSWIM5P2	-1.0400382670720545	2.0249678644944106e-06	ZSWIM5P2
LIN28B-AS1	2.185142242219809	2.038598475233012e-06	LIN28B-AS1
IGLV1-36	1.4995347689411311	2.0405735931284244e-06	IGLV1-36
Z82170.1	-3.0270737730829462	2.043016330776115e-06	Z82170.1
RPL7P15	1.1381353707441884	2.0523355050389595e-06	RPL7P15
DEFB118	2.749409046417628	2.056027340951706e-06	DEFB118
MTND2P5	1.731802653540487	2.0651406134331504e-06	MTND2P5
AC011995.2	2.363025488694916	2.088447469611124e-06	AC011995.2
KISS1	1.231599143797058	2.098165698081703e-06	KISS1
AL590282.2	1.1366351845233968	2.0983281825868573e-06	AL590282.2
STUM	-1.1003061406328416	2.107647757093732e-06	STUM
PLA2G4F	-2.310982068431916	2.109934996852717e-06	PLA2G4F
DNAJC5G	1.6369723130504297	2.1246092740827046e-06	DNAJC5G
PLK5	1.5519765866042925	2.126711111191669e-06	PLK5
SRMP2	1.7597649356850056	2.136155313316602e-06	SRMP2
LINC00922	2.071375034616581	2.1450233431865297e-06	LINC00922
UBTFL9	1.5900752061896797	2.167623372106729e-06	UBTFL9
AL354950.1	1.0533129276727935	2.17050277963572e-06	AL354950.1
RN7SL395P	1.328021338347256	2.1836923792772694e-06	RN7SL395P
BX322635.1	1.5012561458282243	2.191622705398789e-06	BX322635.1
AC116351.2	1.002553387536452	2.192926342433854e-06	AC116351.2
AC093536.2	2.932126006338812	2.197447208856121e-06	AC093536.2
TCAM1P	1.277789355984258	2.209977342464909e-06	TCAM1P
CDC42-IT1	1.2835766307349248	2.2305523565784183e-06	CDC42-IT1
AC096570.1	2.0191847004833963	2.240995549004891e-06	AC096570.1
SLC6A2	-2.0626686825030736	2.266143057994386e-06	SLC6A2
IGKV2-29	1.989504422611854	2.2664873755168157e-06	IGKV2-29
AC087289.3	1.6262711766855535	2.2775860369673364e-06	AC087289.3
AC140118.2	2.0490697101326565	2.2797770383549416e-06	AC140118.2
AC092903.1	-2.6429861945532958	2.282202853514735e-06	AC092903.1
LINC01267	1.844188721638845	2.286229594802073e-06	LINC01267
AC005153.1	1.1898964276848305	2.292981564033797e-06	AC005153.1
AC074135.2	3.0723667214872887	2.2931814121872814e-06	AC074135.2
LINC00330	-1.5276690866634854	2.295789393141472e-06	LINC00330
PIGR	-1.4647953451593148	2.297850465253665e-06	PIGR
AC005828.1	1.3519650820874525	2.298103354605424e-06	AC005828.1
AP001619.1	1.0340185390679613	2.3506803146374645e-06	AP001619.1
AC009271.2	1.8322778254815328	2.358605517810052e-06	AC009271.2
RNVU1-30	1.1723644789521592	2.362940478920415e-06	RNVU1-30
CEACAM16	1.6888138004437208	2.3786235989536984e-06	CEACAM16
GAL	-1.5014191555405063	2.388877819646019e-06	GAL
MIR4538	2.412494788512436	2.3902110432980035e-06	MIR4538
MTND4P24	1.1845207186540945	2.3902110432980035e-06	MTND4P24
AC100835.1	1.245340601827937	2.4061903075299936e-06	AC100835.1
TRIM36-IT1	2.743882013399673	2.407995169447043e-06	TRIM36-IT1
AL713998.3	-1.888599172618311	2.425220178584541e-06	AL713998.3
SLC35G6	1.117756305434035	2.440445046932116e-06	SLC35G6
AL078582.2	1.1922681426387565	2.4467840627282984e-06	AL078582.2
AC010624.4	1.6247858637946158	2.464732739181975e-06	AC010624.4
LINC01931	1.2139656244740955	2.4677442318928013e-06	LINC01931
SOX5-AS1	2.4313558626967247	2.4920967319594053e-06	SOX5-AS1
AC106895.1	3.1461731354074045	2.496474345900261e-06	AC106895.1
MIR7856	1.1038323669026096	2.502249348499449e-06	MIR7856
AC087269.1	1.5063511949686166	2.508283774339184e-06	AC087269.1
AL138733.1	1.3258347803883024	2.512596241592425e-06	AL138733.1
BHMG1	1.856400332841172	2.516948794099527e-06	BHMG1
AL160286.2	-1.2239972776391277	2.5399787703948225e-06	AL160286.2
CICP22	1.290446019415458	2.554051065810747e-06	CICP22
CXXC1P1	2.6777524717204337	2.555874123950136e-06	CXXC1P1
AL353689.3	1.8390834909129263	2.564857288169821e-06	AL353689.3
CLEC20A	-1.823456069401866	2.574137030581875e-06	CLEC20A
AL391422.2	1.962537259339422	2.579364130720092e-06	AL391422.2
KRT23	-1.3823156581232152	2.5795813529704206e-06	KRT23
RPS27AP19	1.2978796839114772	2.5918424789280034e-06	RPS27AP19
AL162585.1	2.1432011587289286	2.601111621067354e-06	AL162585.1
RMDN2-AS1	1.0820970720521783	2.6365769388326112e-06	RMDN2-AS1
PFN1P3	1.2088434097929512	2.656202066393703e-06	PFN1P3
WWC2-AS1	1.1960077272203118	2.6933526859465234e-06	WWC2-AS1
KLF17P1	1.4600987863728925	2.6969685646173376e-06	KLF17P1
BRS3	1.931846481086806	2.697853565504468e-06	BRS3
AC134349.2	1.1433352980590468	2.740841403116596e-06	AC134349.2
TUBB8B	-1.2224361069588268	2.748458527147255e-06	TUBB8B
LINC01554	1.4498061051766176	2.7572115487403928e-06	LINC01554
AL445670.1	1.1837971579723017	2.7591809916327264e-06	AL445670.1
AP003100.2	1.2950533192429985	2.7913609199850437e-06	AP003100.2
AC003092.2	2.468760960598826	2.8026231871523003e-06	AC003092.2
PRKCA-AS1	1.9031925983119904	2.806800959818821e-06	PRKCA-AS1
CBX1P2	1.383239506353093	2.812176002351722e-06	CBX1P2
AC025031.3	1.5432649877287743	2.815020994527492e-06	AC025031.3
AC090912.3	1.0570597684208154	2.840157468262912e-06	AC090912.3
SMIM32	-1.280673009740695	2.852369024700704e-06	SMIM32
AC106822.1	2.6475586707251035	2.919236963217239e-06	AC106822.1
AP001267.4	1.2568572770779225	2.935803471111358e-06	AP001267.4
AC091053.2	1.4182872871534296	2.941204444177339e-06	AC091053.2
ANXA8	1.8857498818556748	2.960845551334981e-06	ANXA8
IGHV3OR16-13	1.5805401064508682	2.9611402023473062e-06	IGHV3OR16-13
SIX3	-1.4538890439992915	2.9746444710009287e-06	SIX3
AC023632.1	1.1009071159288526	2.9882818877107613e-06	AC023632.1
AC025280.3	1.2868565251681168	2.999738878451921e-06	AC025280.3
DEFB124	1.228470020692653	3.0184919715351133e-06	DEFB124
AC092953.1	1.297690370567838	3.0203462903536525e-06	AC092953.1
IGHV1-2	1.399487696097636	3.0523560125549657e-06	IGHV1-2
PNRC2P1	-1.0509178209102228	3.07769352479612e-06	PNRC2P1
ROR1-AS1	1.167524441319484	3.1027291334296317e-06	ROR1-AS1
AC005391.1	1.3783297693989822	3.1258155294651817e-06	AC005391.1
RPS4XP8	1.1555173131222496	3.139529619373625e-06	RPS4XP8
AL157834.4	1.032026984799817	3.140732718299065e-06	AL157834.4
LINC01523	2.534221898225306	3.149208057387022e-06	LINC01523
AC027088.5	1.454319444463952	3.149218102500998e-06	AC027088.5
AC046144.1	2.854470407181825	3.168295829226834e-06	AC046144.1
AGGF1P1	1.0545861852871643	3.174034649615327e-06	AGGF1P1
AC090617.4	1.0698002951882577	3.179717370725435e-06	AC090617.4
GABRB1	-1.2078009668243774	3.205379530915337e-06	GABRB1
AP002358.2	1.898663940121387	3.213345471213814e-06	AP002358.2
BPESC1	2.827230022128784	3.226113064577897e-06	BPESC1
AC244517.2	1.472674445827733	3.25396342962176e-06	AC244517.2
AC092960.2	1.0182935557073571	3.306579375964185e-06	AC092960.2
LINC01098	2.133022736779415	3.318680322077137e-06	LINC01098
AL121759.1	-1.27024332738159	3.372029745040486e-06	AL121759.1
AC010329.2	1.6891385492163205	3.3979315731513544e-06	AC010329.2
UGT3A1	-1.3277593578149045	3.4174304428808327e-06	UGT3A1
LDLRAD1	-1.825346328107954	3.47768151358384e-06	LDLRAD1
LINC01954	-1.0368637386608544	3.4851100722639147e-06	LINC01954
SNX18P12	1.8573145515563645	3.4914628821116366e-06	SNX18P12
GPR33	1.2339718312343997	3.500501178032653e-06	GPR33
AL020997.2	1.3990973584580009	3.516664748837596e-06	AL020997.2
AC015563.1	1.1432832459295	3.523462080838272e-06	AC015563.1
ALAS2	1.07543878121195	3.5261075570287985e-06	ALAS2
AL589765.3	2.692744402421955	3.562888626889166e-06	AL589765.3
IGHG4	1.4013959652040664	3.579899629275992e-06	IGHG4
MEGF11	1.0998113974312849	3.582097596807959e-06	MEGF11
RNU6-403P	2.8509299341664467	3.596143153057253e-06	RNU6-403P
LINC01293	1.3841835769553967	3.6383696688013e-06	LINC01293
AC025366.1	1.9920065752404512	3.641558645629193e-06	AC025366.1
RHBG	-2.111746797995823	3.6514622860319034e-06	RHBG
F10-AS1	-1.4529346522312967	3.681779345549069e-06	F10-AS1
AL023553.1	-1.5380265194905542	3.735382521754608e-06	AL023553.1
AC010327.4	2.5703424215787365	3.742257079382618e-06	AC010327.4
SPACA3	1.7812947235433796	3.790132744821843e-06	SPACA3
ZBTB8OSP2	1.5353152574271682	3.800463899365834e-06	ZBTB8OSP2
ZNF280A	2.569123509361643	3.8014649504519095e-06	ZNF280A
LINC00494	1.1080701313036536	3.807607136104e-06	LINC00494
PDIA2	1.249989740568948	3.833228670880979e-06	PDIA2
AC092979.1	2.334839861859698	3.841219967409783e-06	AC092979.1
IGKV2D-40	1.6128284484357818	3.859119003526237e-06	IGKV2D-40
TAF9BP1	1.3206278297728635	3.870680170351006e-06	TAF9BP1
EPHA10	1.3298912921589414	3.879789155483695e-06	EPHA10
CACNA1C-AS4	1.6179310726220255	3.947353619020487e-06	CACNA1C-AS4
AC083900.1	1.0331752269773875	3.9666906394552574e-06	AC083900.1
SNORD73B	1.3270849578130648	3.99424249252632e-06	SNORD73B
NDUFA9P1	1.1693918992391887	4.051128118668676e-06	NDUFA9P1
IFNA22P	1.4275014592575008	4.06390105293917e-06	IFNA22P
LINC02441	2.995504040165716	4.107249755375791e-06	LINC02441
AC008147.1	1.2158536261981323	4.142448763759633e-06	AC008147.1
NPAP1P4	1.2180389105252485	4.161648738563738e-06	NPAP1P4
LINC02043	1.2601133763903636	4.168432184378058e-06	LINC02043
CFHR4	-1.8356409554134077	4.168641963000597e-06	CFHR4
AC109992.2	1.2067388402561006	4.2171220900185374e-06	AC109992.2
LINC02832	1.7883386375318095	4.238406586225359e-06	LINC02832
AC022113.1	1.2158639339530564	4.2828034105303495e-06	AC022113.1
IGKV6D-21	1.802257887574757	4.285024737348841e-06	IGKV6D-21
AL355482.1	1.156475086619602	4.369956436779666e-06	AL355482.1
SIX2	-1.0158704463480226	4.37502798455507e-06	SIX2
IGHV1OR21-1	1.887374709515066	4.38945123996016e-06	IGHV1OR21-1
AL159158.1	1.9729365266110344	4.403500681616815e-06	AL159158.1
AC104791.1	1.484200091537311	4.410683255202649e-06	AC104791.1
LINC02823	-1.021270317079194	4.411287450913928e-06	LINC02823
AC098850.3	1.5229770349458938	4.414145362805135e-06	AC098850.3
AC103855.2	2.1832955390224025	4.419488771484324e-06	AC103855.2
KCNH1-IT1	-2.058979905151591	4.426805635792795e-06	KCNH1-IT1
LIN28A	1.865853938205157	4.429273459923378e-06	LIN28A
RPS26P56	2.1395553105018843	4.431857190660886e-06	RPS26P56
RTL3	1.3903712285769678	4.437859041256959e-06	RTL3
AL031432.1	2.293914793062743	4.444742099557103e-06	AL031432.1
AC012441.2	1.3880950386271966	4.456519550301003e-06	AC012441.2
H2BC10	2.0702318355296776	4.488227732153029e-06	H2BC10
AC130352.1	1.136232327328054	4.523190141314669e-06	AC130352.1
SNORA74B	1.1569612847699304	4.5363642890800055e-06	SNORA74B
AL606534.4	1.0861139576830274	4.5487772184633945e-06	AL606534.4
AL390816.2	2.4032624564131493	4.584757899092563e-06	AL390816.2
AC091100.1	1.0657028093588687	4.607057602034738e-06	AC091100.1
AC090505.1	-1.354000202452013	4.608632779815799e-06	AC090505.1
SERPINB7	-1.3403853704404538	4.609827291209944e-06	SERPINB7
LINC01440	2.112628245648544	4.620269505730498e-06	LINC01440
SIM1-AS1	-1.4996604621606942	4.628595256879472e-06	SIM1-AS1
AC007317.1	1.5257494541879486	4.643576050189652e-06	AC007317.1
AC005524.1	2.446909847930672	4.645178310179975e-06	AC005524.1
C17orf98	1.4998671021466758	4.658967609144875e-06	C17orf98
EIF5A2P1	1.2597621587477192	4.667582860288618e-06	EIF5A2P1
AL031005.1	1.4548898384412217	4.714774799260855e-06	AL031005.1
DPPA2	-1.882151517997612	4.732366935153877e-06	DPPA2
RFC5P1	2.7245594847089745	4.735201724633008e-06	RFC5P1
SLC24A3-AS1	1.676854277226144	4.746515883861722e-06	SLC24A3-AS1
BCAS2P2	1.1901883762313523	4.768271757468216e-06	BCAS2P2
AC109439.1	-2.6046445917663106	4.770085644045687e-06	AC109439.1
LINC01502	2.066527651543259	4.771804086125551e-06	LINC01502
VIT	-1.2603619672406037	4.804766968039171e-06	VIT
IGKV1D-17	1.800015569652338	4.834431354710801e-06	IGKV1D-17
CYP2C9	1.2536239162027305	4.853902963640036e-06	CYP2C9
ODAM	-2.971869762660394	4.887853511686547e-06	ODAM
PRSS46P	1.242712910628952	4.914927209702139e-06	PRSS46P
FOXN3-AS2	2.571348286076997	4.926765157594752e-06	FOXN3-AS2
AC008170.1	2.2169248340452223	4.98261777252501e-06	AC008170.1
NLRP13	2.6639210334728776	5.063064807198796e-06	NLRP13
AC125437.3	1.6396484500581867	5.080905528285728e-06	AC125437.3
SNORA73	2.730493951021127	5.089763314657196e-06	SNORA73
CICP27	1.4459611062943225	5.126967942611626e-06	CICP27
KRT8P21	2.194860481201338	5.127725581470831e-06	KRT8P21
AC025165.1	1.018155791682317	5.206035420375332e-06	AC025165.1
XAGE3	-1.107922439975331	5.24380084287998e-06	XAGE3
AL079303.1	2.417914275190245	5.264977896941872e-06	AL079303.1
AL359813.1	1.0870555374105242	5.272330941766632e-06	AL359813.1
BMS1P7	1.3190493320256194	5.27833468664139e-06	BMS1P7
TAS2R43	1.3500362636420986	5.284991626931877e-06	TAS2R43
TBX10	1.0429094869972932	5.344313368312258e-06	TBX10
PCDHA11	-1.1191540227276016	5.349012564962444e-06	PCDHA11
AL359704.2	-1.7732169118697945	5.364517482169311e-06	AL359704.2
EFL1P1	1.54150297803435	5.416476187094746e-06	EFL1P1
SPATA8	1.607112967651103	5.445243591665579e-06	SPATA8
CTAGE12P	1.3585174411863503	5.48277871377195e-06	CTAGE12P
LINC01362	1.5272054896343406	5.499538528658675e-06	LINC01362
CFAP97D2	-1.070920366639201	5.550129936717044e-06	CFAP97D2
AP000438.2	2.975825733790885	5.551123416308076e-06	AP000438.2
AC092490.1	1.0474485450994435	5.57136772698344e-06	AC092490.1
RN7SL40P	1.0828980832187731	5.595494594478284e-06	RN7SL40P
AC142381.1	1.5495093523488694	5.621281756235402e-06	AC142381.1
LINC01541	-2.2378869224960884	5.621904228263346e-06	LINC01541
AP006222.2	2.6082285499232003	5.636406887885789e-06	AP006222.2
ATP5MFP3	2.5026976284981024	5.646339494683576e-06	ATP5MFP3
RGS8	-1.2514507355642197	5.692502937961882e-06	RGS8
LINC01993	1.1914531377997604	5.719196730292031e-06	LINC01993
HAS1	1.184475435057761	5.734344456019891e-06	HAS1
SPHKAP	-1.8099484556648395	5.749886764553781e-06	SPHKAP
AC245452.1	1.19457356229445	5.768190563916484e-06	AC245452.1
CCDC187	-1.187837237206217	5.782931356739323e-06	CCDC187
LINC02254	1.5218455062720848	5.788823298612015e-06	LINC02254
AC120349.3	1.4467778739518866	5.795835742319171e-06	AC120349.3
AC078950.1	2.6526524040100066	5.8011393261724914e-06	AC078950.1
SMG1P4	1.0827529394394253	5.846206899119023e-06	SMG1P4
CAPN6	-1.2884220159854511	5.8475151071987285e-06	CAPN6
LIPI	1.3529756624719618	5.860648047032694e-06	LIPI
AL121952.1	1.6518224185461363	5.881261482606709e-06	AL121952.1
SHLD2P1	1.1399573190771617	5.897362837256146e-06	SHLD2P1
LINC01985	1.10787302930663	5.9303432679085006e-06	LINC01985
LINC01975	-1.869544783349483	5.971973256081717e-06	LINC01975
LINC01938	2.49213320565672	5.98286629289787e-06	LINC01938
AC007785.1	2.648323412591771	6.0056447966579125e-06	AC007785.1
FTCD	-1.225466075648673	6.0145383050685005e-06	FTCD
AL451069.3	-1.015221303617015	6.028389868320092e-06	AL451069.3
AC067930.3	1.152656759911176	6.040588167052382e-06	AC067930.3
AC127459.2	-1.1305821745784	6.063782778997419e-06	AC127459.2
IGHJ2	1.6051405581829248	6.085206874876952e-06	IGHJ2
RPL30P2	1.1917226917981332	6.096735938986612e-06	RPL30P2
TMEM82	-1.1616976251667923	6.128313135006204e-06	TMEM82
GYG2	-1.2297135941989306	6.14916957459069e-06	GYG2
TDRD9	-1.1137854529697104	6.175278482192952e-06	TDRD9
AL022151.1	1.22997992786715	6.196749612291949e-06	AL022151.1
AC034105.1	1.945515785012724	6.215374992330258e-06	AC034105.1
AL356753.1	2.1952101405220543	6.226678442110622e-06	AL356753.1
AL161662.1	1.1519439209796902	6.253269455242327e-06	AL161662.1
C17orf50	-1.0141546528650442	6.32054960425384e-06	C17orf50
NTS	-1.0971694861479155	6.436546559205879e-06	NTS
MOBP	1.0002828453924684	6.444110725984003e-06	MOBP
OR11A1	2.392101116203761	6.464988825144376e-06	OR11A1
TTLL13P	1.0342847448492458	6.465295333732444e-06	TTLL13P
ALLC	-1.3410598218439904	6.467092144214784e-06	ALLC
AC112173.1	2.4442551437135838	6.476485711475038e-06	AC112173.1
NWD2	1.448398361491502	6.544499665233539e-06	NWD2
SALL3	-2.457925866389623	6.570903446655272e-06	SALL3
TAC3	1.4236021244086283	6.655448196661197e-06	TAC3
AC022400.2	1.4025685979311129	6.671374521182885e-06	AC022400.2
LINC01859	2.244818202716315	6.693345606591389e-06	LINC01859
AC090970.1	1.5124069071426578	6.738796189992054e-06	AC090970.1
AC009108.4	1.531652471621611	6.775141585182976e-06	AC009108.4
AC233266.2	1.1770490572689247	6.789487848590173e-06	AC233266.2
AKR1B10P1	2.773613930911353	6.804111333660083e-06	AKR1B10P1
AC007271.1	1.304828926917384	6.822186291106473e-06	AC007271.1
AP000251.1	-1.0262984989140536	6.834716123462754e-06	AP000251.1
TMPOP1	1.9548677118780056	6.840274771997254e-06	TMPOP1
AC010435.1	1.1552839768960073	6.844942240201064e-06	AC010435.1
AL512646.1	2.5827024661515874	6.847111452717951e-06	AL512646.1
IGKV1OR2-108	1.3692088288145836	6.857768960618278e-06	IGKV1OR2-108
IGHV3-47	1.47363577617289	6.861927545678183e-06	IGHV3-47
RPS26P34	3.1172523507443364	6.8786504623549856e-06	RPS26P34
LINC01450	1.245623735218148	6.89873690801835e-06	LINC01450
LINC01913	2.332180184546482	6.909417802878319e-06	LINC01913
MYL10	1.6680112311364437	6.924667645518026e-06	MYL10
OTOP2	1.4178960623393717	6.981999317080935e-06	OTOP2
TNFRSF13B	1.1240574689426304	7.011796484200047e-06	TNFRSF13B
SPRR2A	-2.1524419985141474	7.022231985569662e-06	SPRR2A
AC139769.2	1.438801661552462	7.050808016036197e-06	AC139769.2
CKS1BP3	2.091752877270492	7.094539498326277e-06	CKS1BP3
AC005086.3	1.6444451987740756	7.144817591341536e-06	AC005086.3
LINC02126	1.3275763470019195	7.174143702383098e-06	LINC02126
OR5C1	2.3937849323265104	7.252718501863756e-06	OR5C1
IGFL3	2.2135328001534296	7.261169129016618e-06	IGFL3
HMGB3P5	2.705177571988908	7.282682159226133e-06	HMGB3P5
AP004290.1	1.5406811706697103	7.310695794843595e-06	AP004290.1
AC100863.1	2.7238324418026214	7.324990216547402e-06	AC100863.1
OR7E161P	1.3104384582760704	7.331144729600936e-06	OR7E161P
LINC02471	1.0467797768771838	7.333805398525069e-06	LINC02471
DACT2	-1.316328465673579	7.353146324471473e-06	DACT2
DPYD-AS1	1.2531455860701664	7.480170967811267e-06	DPYD-AS1
TDRG1	2.2241855776532646	7.5034870579183635e-06	TDRG1
RELN	-1.1717097454763663	7.516489360857277e-06	RELN
SRP68P1	1.9061182160394323	7.523335828332623e-06	SRP68P1
AL359893.1	2.657392980206512	7.542554136896282e-06	AL359893.1
AL138826.1	-1.521944820454234	7.545336063888092e-06	AL138826.1
TMEM271	2.9052363490791406	7.59605616683665e-06	TMEM271
AC021491.2	1.1848516620283298	7.617787919342762e-06	AC021491.2
IGLV2-28	1.3942863538518702	7.620648808109578e-06	IGLV2-28
SNORA74A	2.203491305274433	7.716998016525157e-06	SNORA74A
TNR	1.0979214776877448	7.75876643843873e-06	TNR
AL353730.1	2.2421870891722144	7.759675930444152e-06	AL353730.1
ATP13A4	1.0030512948971648	7.775572020861567e-06	ATP13A4
SLPI	-1.5943495113582826	7.81689037551852e-06	SLPI
RN7SL116P	2.5125181523317024	7.852009350614577e-06	RN7SL116P
AL138916.2	2.524935574013274	7.92342238573415e-06	AL138916.2
LMNTD1	-1.5784893602628651	7.934247222586302e-06	LMNTD1
LINC00661	2.096370155929744	7.93577017389295e-06	LINC00661
AC016705.1	1.2826735108358691	7.98857755535088e-06	AC016705.1
KLF17	1.8376430742192256	8.068442510767281e-06	KLF17
AC110809.1	2.518667546632919	8.106968531997572e-06	AC110809.1
SNTG1	-1.812109299364596	8.113027779449712e-06	SNTG1
UBA52P3	1.0829047830876608	8.115677857107992e-06	UBA52P3
LRRC37A14P	1.1132759856672223	8.176037819447023e-06	LRRC37A14P
AL645730.1	2.709041727138537	8.179150841957813e-06	AL645730.1
EIF3EP2	2.70530847214619	8.266998652902008e-06	EIF3EP2
SSTR3	-1.0046447367647473	8.330393089557876e-06	SSTR3
AC024230.1	2.237253753995038	8.427423749654754e-06	AC024230.1
AC091868.1	1.3282147079512097	8.453739945294976e-06	AC091868.1
LINC01811	-1.4022854205986992	8.453739945294976e-06	LINC01811
RNU6ATAC16P	1.2487381349928337	8.46835344464012e-06	RNU6ATAC16P
PSMC1P12	2.451358917270745	8.590422117430673e-06	PSMC1P12
AC027020.1	1.0114270955016784	8.590829104652552e-06	AC027020.1
GCOM1	-1.3615044702417218	8.619878903031503e-06	GCOM1
AC073264.3	1.521338269728721	8.639676513763625e-06	AC073264.3
FAM90A20P	1.0794707751929409	8.687124768563086e-06	FAM90A20P
LINC01179	1.510537450054215	8.716374983882616e-06	LINC01179
NPTX1	-1.046030330739704	8.725245091892587e-06	NPTX1
CBSL	-1.3835876289264857	8.780330596354461e-06	CBSL
ZNF736P9Y	2.0121748446791154	8.781641290942768e-06	ZNF736P9Y
AL357140.4	1.2924013226128	8.85248073616453e-06	AL357140.4
XRCC6P4	1.6749924609026057	8.889403216479864e-06	XRCC6P4
IGKV2-30	1.1932552901183966	8.97918078395409e-06	IGKV2-30
DNTT	2.068360322977724	8.981497664950644e-06	DNTT
SLC13A1	-1.31207446721091	8.983160088791887e-06	SLC13A1
BMP5	-1.4177914569002408	9.004016871769919e-06	BMP5
PITX2	1.4946361631162164	9.024272196510506e-06	PITX2
AC006525.1	2.0701658009318	9.05161593292088e-06	AC006525.1
ANKRD20A19P	1.7470684593181631	9.084746816918589e-06	ANKRD20A19P
IGHV3OR16-6	1.7955498593882373	9.171715612873035e-06	IGHV3OR16-6
PGA3	1.6558646411551337	9.20438144332508e-06	PGA3
TAS2R63P	1.9760268848458045	9.211844330493803e-06	TAS2R63P
CEACAMP3	1.9570712290772037	9.331440429330396e-06	CEACAMP3
AQP10	1.1838320405281002	9.34857438190064e-06	AQP10
CYP3A7-CYP3A51P	-1.4035106216135929	9.41993005887858e-06	CYP3A7-CYP3A51P
AC245041.1	2.593698666985264	9.42705330857311e-06	AC245041.1
ATP5MFP5	1.4349955199027489	9.4668265579433e-06	ATP5MFP5
ZNF670-ZNF695	1.3959944783982234	9.505135783803971e-06	ZNF670-ZNF695
AL109933.5	-1.1611295153499053	9.529666279501182e-06	AL109933.5
AC010329.5	1.5910702679593614	9.58597831622144e-06	AC010329.5
COL17A1	1.066795500285428	9.690007545262689e-06	COL17A1
TAS2R13	1.3448548557025326	9.709502303831738e-06	TAS2R13
MIR23B	1.5984488948681073	9.713895320614706e-06	MIR23B
AC244517.6	1.1141942901782087	9.76267183851632e-06	AC244517.6
CCAT2	1.0961174923418455	9.77928053909408e-06	CCAT2
IGKV1OR2-11	2.53068048788374	9.78054657710799e-06	IGKV1OR2-11
CTBP2P2	2.556455771786747	9.786308450045071e-06	CTBP2P2
AL591069.1	1.5779715278419653	9.800932444530028e-06	AL591069.1
MIR4782	1.1141009974581555	9.891389728258807e-06	MIR4782
AC084024.2	1.8351936466400045	9.937184820830029e-06	AC084024.2
CTD-3080P12.3	-1.219914445109708	9.942645594083453e-06	CTD-3080P12.3
AGR3	-2.009732287521078	9.963280662119518e-06	AGR3
AC103769.1	1.6442402204780702	9.996740531716449e-06	AC103769.1
AP000720.2	1.4315194170935386	1.0134513984428644e-05	AP000720.2
AGGF1P10	2.022702982406298	1.020159009713501e-05	AGGF1P10
NCAPGP1	1.292701068811824	1.0223538386816296e-05	NCAPGP1
MEG8	1.037687261441875	1.0264017101767483e-05	MEG8
ANKRD20A8P	1.629659793783718	1.0333592575643352e-05	ANKRD20A8P
LINC01950	2.17485033540622	1.0424030750236949e-05	LINC01950
AC046158.2	1.0882078325908198	1.0427651348359224e-05	AC046158.2
LCN15	1.6154410930875127	1.043197227678356e-05	LCN15
AL355076.2	1.678580126623822	1.0436596921503708e-05	AL355076.2
PCDH20	-1.4455924794094863	1.051769100485682e-05	PCDH20
AC093791.1	2.6924962202004648	1.060225277555392e-05	AC093791.1
MTND4P15	1.2260650019478991	1.0642256357151774e-05	MTND4P15
RNU6-856P	1.057490128726771	1.0694323141939764e-05	RNU6-856P
AC037450.1	2.2080193855513834	1.0709600244872871e-05	AC037450.1
AL359538.3	-2.1576427498248565	1.0777067440718654e-05	AL359538.3
CASC22	-2.206241651851973	1.0780710793117603e-05	CASC22
AC005697.2	1.0656180776373902	1.0790532701474003e-05	AC005697.2
AC091138.1	1.761130801585965	1.086933611533236e-05	AC091138.1
Z99127.2	2.489410196405776	1.1012882433891162e-05	Z99127.2
AC098818.2	1.1086281702675975	1.105159397346159e-05	AC098818.2
SYNJ2-IT1	2.171006376143821	1.1076840784423328e-05	SYNJ2-IT1
AC100839.1	2.04576515177768	1.1088328797194898e-05	AC100839.1
LENEP	1.0315739672183828	1.110642000212817e-05	LENEP
AC027288.2	-1.2533840866769983	1.1145888140641344e-05	AC027288.2
AL589986.2	1.5447951420784842	1.1260457625554203e-05	AL589986.2
LINC02388	1.3390896720459289	1.1289543700792818e-05	LINC02388
SLC27A6	-1.5263345623401858	1.135504159459144e-05	SLC27A6
AC023271.2	1.1353631091644842	1.1356741907115632e-05	AC023271.2
ATP6V1G1P2	1.53306411020873	1.1378478911408657e-05	ATP6V1G1P2
AC110285.3	1.8933272883129983	1.1460034747454704e-05	AC110285.3
AC063926.3	-1.0719730204133984	1.1540006042357047e-05	AC063926.3
TEX101	1.6735819771484526	1.1545419119095336e-05	TEX101
BAGE2	-2.26417482453437	1.154647179357924e-05	BAGE2
IGKV2D-30	1.5498196949333063	1.1612104429130331e-05	IGKV2D-30
AL671883.1	1.4313769885274654	1.1678461797098947e-05	AL671883.1
ANKRD30BL	2.249256947960178	1.1679231705138857e-05	ANKRD30BL
IGHV1-69D	1.3677563079547002	1.1766770609824537e-05	IGHV1-69D
CNTFR-AS1	1.6740674817603889	1.1769289301957872e-05	CNTFR-AS1
AL391117.1	1.1748518341693026	1.1776483970381226e-05	AL391117.1
AC106037.3	1.1716830303420374	1.1868684730664744e-05	AC106037.3
HES7	1.041409753850033	1.1984357261245932e-05	HES7
AL136231.1	1.221651967644649	1.2013783739122471e-05	AL136231.1
RNU6-853P	1.165550318859209	1.2039447158943509e-05	RNU6-853P
LINC02554	-2.001141251800145	1.210703732143734e-05	LINC02554
ATP6V0A4	-2.0419455891872778	1.2160242307259554e-05	ATP6V0A4
LINC02163	2.5821134001602566	1.223203396212172e-05	LINC02163
AC246787.2	2.0971379565621957	1.2252037098786758e-05	AC246787.2
ZNF90P1	1.2325269534136332	1.2355611963865588e-05	ZNF90P1
AL034351.3	2.470086872534729	1.2378055284459567e-05	AL034351.3
IGLV1-50	1.2403278688078072	1.2518105626285312e-05	IGLV1-50
PPP1R27	1.2632948732570617	1.265581980054536e-05	PPP1R27
RNA5SP160	1.5693429855903709	1.266585147484101e-05	RNA5SP160
AL161908.1	-2.0013919498692805	1.3075296731209094e-05	AL161908.1
LINC02237	1.8000644357022069	1.3117274729337891e-05	LINC02237
AL031593.1	2.7070798533098204	1.3226728012817184e-05	AL031593.1
AC116165.3	-1.980763814397507	1.326353729105893e-05	AC116165.3
IGHV3-19	1.5358579951416644	1.3323162105188925e-05	IGHV3-19
PABPC1P2	1.9584109743296183	1.3330838351537843e-05	PABPC1P2
AC243585.1	-1.825237465102968	1.335145328683698e-05	AC243585.1
AC093844.1	1.596219740528788	1.34100496438392e-05	AC093844.1
SEPTIN7P6	1.0546197602928258	1.3468220191458371e-05	SEPTIN7P6
H2AC1	1.352263329239174	1.3489236642073996e-05	H2AC1
AC008397.2	1.0967680627241387	1.3498332002475955e-05	AC008397.2
OMD	-1.0277194699547854	1.3670387645135477e-05	OMD
AC010307.4	-2.4340791111600484	1.3749405399425282e-05	AC010307.4
BX119927.1	2.250798775298387	1.381383456154878e-05	BX119927.1
AL354977.2	1.258167143660076	1.3867517463084078e-05	AL354977.2
RAB1AP1	1.0299232368682174	1.3888109317765995e-05	RAB1AP1
AC040174.2	-1.2812670820523877	1.3954046057880182e-05	AC040174.2
AL512363.1	-2.6106039853474186	1.398162259579762e-05	AL512363.1
AP005264.6	1.474107682492091	1.403727288516902e-05	AP005264.6
AL662873.1	2.097579056459515	1.4037675281927267e-05	AL662873.1
RN7SL674P	1.5626774951510216	1.406542986095908e-05	RN7SL674P
AC092376.1	1.278933335075458	1.4071313941236453e-05	AC092376.1
AL109761.1	1.112943238377489	1.4129777331894783e-05	AL109761.1
RIC3	-1.1096142370246478	1.4139935603716623e-05	RIC3
AC009948.3	1.257814790036885	1.414462315046944e-05	AC009948.3
AC055733.4	1.3560933960053188	1.4160329044760145e-05	AC055733.4
AL590632.1	1.908659927554728	1.4214152672177189e-05	AL590632.1
AC004024.1	-1.246761478434125	1.4578470884815373e-05	AC004024.1
LINC02475	1.1800178682640874	1.4647071292473766e-05	LINC02475
LINC00973	1.4859040612087604	1.4779233574145108e-05	LINC00973
MAPRE3-AS1	1.1698280109826362	1.4984051250634923e-05	MAPRE3-AS1
AL353699.1	-2.156097832306363	1.5070169224656614e-05	AL353699.1
AIRE	1.0183055519902633	1.5115039608830455e-05	AIRE
IGKV1D-27	1.6539366845007926	1.5196186485891164e-05	IGKV1D-27
TEKT4	1.1159896330728674	1.5251497851651286e-05	TEKT4
RPL12P9	1.475741030708711	1.5277361552115994e-05	RPL12P9
SLITRK6	1.4111420195012945	1.528281289221759e-05	SLITRK6
AC091286.1	1.232303408975714	1.5341660544196866e-05	AC091286.1
AC011270.2	-2.125327941568147	1.5746264448705397e-05	AC011270.2
AL445220.1	1.3645150083298376	1.5791336464263943e-05	AL445220.1
AL391427.1	1.0602323597458123	1.5832798276266067e-05	AL391427.1
TBX22	-1.5403413877910128	1.5869978831978758e-05	TBX22
LRRC15	1.2598537553652631	1.6274888806683065e-05	LRRC15
FEZF1-AS1	1.6052126720246525	1.6323965577418805e-05	FEZF1-AS1
IGKV1D-43	1.5788836118891485	1.6411097502663173e-05	IGKV1D-43
UBE2V1P3	2.625625584402924	1.6415871964986138e-05	UBE2V1P3
AC096589.1	2.45978924663139	1.650366547491234e-05	AC096589.1
AL031674.1	1.9314216704413203	1.6588766934776104e-05	AL031674.1
AL035078.1	1.8416589146493827	1.6630690273081724e-05	AL035078.1
AC097658.3	1.3511278951584975	1.6647908194752054e-05	AC097658.3
RPL32P28	2.7038192108553503	1.6720625217347142e-05	RPL32P28
AC245427.2	-1.4260266468552687	1.6737280687817298e-05	AC245427.2
AC008056.2	2.3600422430716668	1.6857977395316616e-05	AC008056.2
SPATA31D1	2.3369801096281004	1.6860880924414853e-05	SPATA31D1
AC108112.1	2.523342295655732	1.6876344479094632e-05	AC108112.1
LRRC31	1.1407247482323783	1.6879700701888706e-05	LRRC31
FAM83C	-1.2888200070267344	1.688848842381903e-05	FAM83C
AC021549.1	-1.1125978889419637	1.6973612640241003e-05	AC021549.1
AC131025.1	1.0805427360275228	1.7050323119241488e-05	AC131025.1
RN7SL636P	2.4658198414600405	1.708250531311527e-05	RN7SL636P
AC009121.2	1.0619355968954276	1.714152227599176e-05	AC009121.2
PTTG4P	1.0539466831162172	1.7230347911742428e-05	PTTG4P
KRT82	2.1841105227354936	1.730893422272021e-05	KRT82
ZNF680P1	1.3001473595960822	1.731554837017413e-05	ZNF680P1
AL512324.3	2.489978966468008	1.740484355802812e-05	AL512324.3
IGHV3-41	1.6280163988902625	1.7421469106609313e-05	IGHV3-41
AL136456.1	1.175020692992515	1.7562501192096535e-05	AL136456.1
VTRNA1-1	2.5345578349288997	1.7753897987383987e-05	VTRNA1-1
OCLNP1	1.090993151354974	1.7921320500355954e-05	OCLNP1
RNF222	1.1808899424998829	1.792749805402614e-05	RNF222
KRT75	2.7491716548786087	1.804725244166678e-05	KRT75
AC112504.1	1.1930465809656134	1.8272427452686664e-05	AC112504.1
AP000346.4	1.2258273323476971	1.82803229161543e-05	AP000346.4
AP000346.3	1.229781858675866	1.8285117428399956e-05	AP000346.3
AC092484.1	3.043155642081186	1.8397800564872874e-05	AC092484.1
FCF1P1	1.2509767875123798	1.856233636862957e-05	FCF1P1
AC020558.5	1.3871392252842494	1.8638631015342185e-05	AC020558.5
AC112250.2	1.188349696022727	1.8734429214737144e-05	AC112250.2
RNA5SP228	-1.8344889268702649	1.875628294912197e-05	RNA5SP228
LINC02406	-1.8044982422118667	1.880746289779179e-05	LINC02406
AL591419.1	2.59433847351346	1.8982920683071173e-05	AL591419.1
AP000553.4	1.2617472716207614	1.90612600011066e-05	AP000553.4
CNTNAP5	1.3863159801779448	1.911203603022453e-05	CNTNAP5
MPHOSPH6P1	1.0855184744754776	1.9118126226363657e-05	MPHOSPH6P1
LRRC52	-2.6645838997594216	1.913228222023931e-05	LRRC52
PLA2G4E	1.2049029086071767	1.9175065943137807e-05	PLA2G4E
LARGE-AS1	1.4752127634364218	1.922345511498339e-05	LARGE-AS1
AC092957.1	2.673995286005085	1.935259249986616e-05	AC092957.1
AC103726.2	2.180826263289627	1.9540931628742707e-05	AC103726.2
AL928921.1	-1.9177552838892555	1.962383562973725e-05	AL928921.1
AC012078.1	2.8402024608229306	1.9627258291452988e-05	AC012078.1
AC104339.1	1.061424224306566	1.9880411760434383e-05	AC104339.1
IGKV1D-12	1.4335230027486747	1.9892496045982436e-05	IGKV1D-12
H4C4	1.238378453953405	1.9912409509379157e-05	H4C4
AL020995.1	1.3134505361516111	2.0013184166472755e-05	AL020995.1
AC117464.1	2.690861004263988	2.007707429092965e-05	AC117464.1
AL356740.3	-1.3552754670295473	2.0173006106750425e-05	AL356740.3
RNU1-61P	1.0418252609387753	2.0217654171978167e-05	RNU1-61P
PROM1	-1.2579460395150683	2.0246121253805887e-05	PROM1
BTG4	1.7612822510799009	2.037271520294036e-05	BTG4
IGLV5-45	1.2278587291748253	2.0427936011549023e-05	IGLV5-45
AC091938.1	2.4235025223975635	2.0431676941563576e-05	AC091938.1
AC002401.4	1.0298630762564185	2.049046269762949e-05	AC002401.4
AL137781.1	1.217175818099966	2.0517088994440344e-05	AL137781.1
AC036164.1	1.5533394850484052	2.0623909068973177e-05	AC036164.1
OTX1	1.274346124577231	2.0661625791113557e-05	OTX1
LINC00678	2.5837598098595964	2.072081923675878e-05	LINC00678
EVX2	1.2358965841639815	2.089488103366776e-05	EVX2
AC007298.2	1.5288718472016514	2.0908767405036758e-05	AC007298.2
AC080037.2	1.424872248791111	2.09242081688896e-05	AC080037.2
DDX43	1.0479912046153628	2.103466836713688e-05	DDX43
IGHJ1	1.833740173133468	2.1112939375755487e-05	IGHJ1
IGHV3OR16-10	1.966345412204315	2.1225879574293917e-05	IGHV3OR16-10
COBLP1	2.483912827835235	2.1467492912787124e-05	COBLP1
ARHGEF38-IT1	-1.4883580959039544	2.149375011572387e-05	ARHGEF38-IT1
MYCBP2-AS2	1.2051074258002716	2.167109922648664e-05	MYCBP2-AS2
TFAP2D	2.597175939763917	2.167739612060949e-05	TFAP2D
AC112721.1	1.5667694203632336	2.175542599061973e-05	AC112721.1
H4C1	2.0543677918860874	2.176521036266726e-05	H4C1
HSPE1P11	1.2307034306921028	2.1774080512975656e-05	HSPE1P11
AC006111.3	1.080527698026496	2.18617994488982e-05	AC006111.3
AP001630.1	1.11394138029191	2.190807227853049e-05	AP001630.1
NCR2	1.962187134390378	2.2045242064291588e-05	NCR2
CCNO	-1.1591894233224718	2.240710398050533e-05	CCNO
VTN	-1.0638281606503348	2.2495540750951416e-05	VTN
SNORA80D	1.1426465566011412	2.2699629605918647e-05	SNORA80D
IGF2BP2	-1.007954419469738	2.277194810749924e-05	IGF2BP2
AC109583.4	-1.2662587140657766	2.310084043588805e-05	AC109583.4
LCN2	-1.5476694815777277	2.3177235305676936e-05	LCN2
RNU6-760P	1.8153282214216	2.3182844512999404e-05	RNU6-760P
RGPD1	1.132142746440148	2.323135072942669e-05	RGPD1
AC034111.1	1.083562021389233	2.338909659741221e-05	AC034111.1
FDPSP4	1.6022572618986213	2.339816948638846e-05	FDPSP4
AC120498.6	2.477875838295225	2.3817596962507268e-05	AC120498.6
AP003783.1	1.0849469323172187	2.3910672032605478e-05	AP003783.1
PGC	-1.2667533617988034	2.3997987940442224e-05	PGC
AC024619.4	1.061922604393237	2.40099900815344e-05	AC024619.4
SERPINC1	-1.1465352215234317	2.4036642792289043e-05	SERPINC1
AC010632.2	1.084102432975453	2.443427424863191e-05	AC010632.2
AL354950.3	1.258528488881427	2.452067645540517e-05	AL354950.3
AC044836.1	2.9258356853753504	2.4570205010224465e-05	AC044836.1
TFF2	1.5786837283299398	2.468808143117541e-05	TFF2
AL645768.1	1.498246249374085	2.472137073199935e-05	AL645768.1
OR7E62P	-1.3391946096567804	2.4790268265166623e-05	OR7E62P
AL135878.1	2.291081079161577	2.488288985260309e-05	AL135878.1
TCEAL3-AS1	1.1440149973056348	2.4905556160014065e-05	TCEAL3-AS1
LEFTY2	-1.1179257928341808	2.4939783200613944e-05	LEFTY2
BRINP2	1.1606688002034593	2.519079651381926e-05	BRINP2
AC091544.2	1.335577289839105	2.5214120873395944e-05	AC091544.2
AC012065.1	1.9870111097684648	2.5248768984752048e-05	AC012065.1
AL132982.1	1.3482158939308162	2.542949250821225e-05	AL132982.1
NEUROD4	2.685888006784856	2.5537716729474737e-05	NEUROD4
AC025810.1	1.5682674622791326	2.590234400114573e-05	AC025810.1
ZNF839P1	2.0244737528125643	2.5936415087395608e-05	ZNF839P1
AC007834.2	1.0989666089716306	2.605005606802279e-05	AC007834.2
MYO3B-AS1	-1.3270003385750249	2.6071800658779007e-05	MYO3B-AS1
AC010789.1	1.3233064328879958	2.608722620361171e-05	AC010789.1
AC083864.5	1.310122656568588	2.6127796626884737e-05	AC083864.5
CIDEC	1.4322470785790542	2.617408079461597e-05	CIDEC
AL354919.1	-1.112673062371783	2.618782139652128e-05	AL354919.1
AC073651.1	1.660700705311056	2.632970929751188e-05	AC073651.1
AC116348.2	1.20899673509921	2.645598734626437e-05	AC116348.2
AP001360.1	2.0686213565633054	2.6521252169984163e-05	AP001360.1
SLC25A14P1	1.1158109316848308	2.675724883346489e-05	SLC25A14P1
AC114321.1	2.7356148682912385	2.6860922494370325e-05	AC114321.1
PRKY	1.4103737517837374	2.7487932080691397e-05	PRKY
PARM1-AS1	1.546221305907107	2.760621759454412e-05	PARM1-AS1
OR56A3	2.344881882141847	2.7808521972580137e-05	OR56A3
KIRREL1-IT1	1.215124442271426	2.7895733346745908e-05	KIRREL1-IT1
AC004817.2	1.1962964462824774	2.794668811868148e-05	AC004817.2
MIR5190	2.2301124260086023	2.8536300622926715e-05	MIR5190
KRT34	1.842744224491474	2.8744576796308264e-05	KRT34
IGHV1-14	1.6926499940122826	2.884142922979077e-05	IGHV1-14
AC025278.2	2.620911458797728	2.8853076355555877e-05	AC025278.2
PTCHD1	-1.247682704708523	2.8950389004246576e-05	PTCHD1
H2AC18	1.003313370907824	2.8962434732204203e-05	H2AC18
IQCM	1.892746627838089	2.911203940930608e-05	IQCM
LINC01905	1.3800313266484037	2.914555381345228e-05	LINC01905
AL035401.1	2.392201522889624	2.9262865842970992e-05	AL035401.1
AL606970.3	-1.2919407193745431	2.9481105330678297e-05	AL606970.3
NT5DC4	1.0548599795449376	2.9545035937717333e-05	NT5DC4
GRIA2	-1.4550533502735652	2.956738226841617e-05	GRIA2
CTSLP2	-1.0457381223793494	2.962765231991265e-05	CTSLP2
SLC6A21P	1.6581226325064795	2.9691221787000302e-05	SLC6A21P
SPATA3	2.178360788957683	2.973665962531496e-05	SPATA3
TGIF2P1	1.1995875205786168	3.002580620129218e-05	TGIF2P1
AP001324.3	1.0512575475931856	3.0050268239365255e-05	AP001324.3
MIR205HG	1.8108506185139028	3.006812055626921e-05	MIR205HG
NT5CP1	1.009473427641019	3.059241041015916e-05	NT5CP1
AC104333.4	2.235233325140237	3.0790452988591924e-05	AC104333.4
AC092068.1	1.4601438139127256	3.1167828148440125e-05	AC092068.1
AL357558.2	1.9443749105634476	3.1197226239237115e-05	AL357558.2
AC010328.1	1.0246532105143435	3.122188648403811e-05	AC010328.1
RN7SL448P	2.323385822566184	3.128231195121652e-05	RN7SL448P
LINC02714	-1.4043096031870466	3.1330778302302225e-05	LINC02714
AL354702.1	-1.793932356463249	3.134704045056941e-05	AL354702.1
GYPA	-1.1604732237051676	3.139379044872319e-05	GYPA
AP003696.1	1.8171313646649012	3.140709964892264e-05	AP003696.1
LINC01623	1.130188155486511	3.141262361994749e-05	LINC01623
AC008679.1	1.942441686835696	3.142833634520468e-05	AC008679.1
C4BPA	1.3864667904782288	3.153294276782148e-05	C4BPA
RNU1-70P	1.146767620070694	3.22142051571832e-05	RNU1-70P
LGI1	1.2042054813031762	3.230003244179402e-05	LGI1
AC091132.3	1.195277921193887	3.2462326530937775e-05	AC091132.3
AC105230.1	2.490049830916609	3.2766617927865856e-05	AC105230.1
RNVU1-27	1.176148425293026	3.310698626946952e-05	RNVU1-27
AL589666.2	1.0231045191382373	3.31776556374091e-05	AL589666.2
AC063947.1	2.530802965683343	3.3369762743730994e-05	AC063947.1
AL445648.1	1.5028282010585	3.353710746582605e-05	AL445648.1
MUC5AC	1.47930629522298	3.359554523141138e-05	MUC5AC
AC016769.5	1.3263009476640768	3.377521532050595e-05	AC016769.5
RPS6P26	1.0707958648395868	3.3944782347359895e-05	RPS6P26
GPR78	1.32488234375424	3.40855724512101e-05	GPR78
CDC42EP3P1	1.8879077537468896	3.421527431429304e-05	CDC42EP3P1
C1QTNF8	1.272101140211814	3.447905132994232e-05	C1QTNF8
TMEM225	2.430402420427276	3.4618054984125976e-05	TMEM225
AL138720.1	1.0723789485189628	3.465930032011446e-05	AL138720.1
AL356417.1	-1.051746503288941	3.468956952679749e-05	AL356417.1
EEF1A2	1.3145151805948554	3.502065951543599e-05	EEF1A2
KCNIP1-AS1	-1.165507771345983	3.515826858818465e-05	KCNIP1-AS1
ENPP7P12	1.14853933484075	3.5201963383298975e-05	ENPP7P12
SAMMSON	1.1105913099051317	3.5230522962757415e-05	SAMMSON
TNRC18P2	1.197882306706637	3.549448849360588e-05	TNRC18P2
AC023090.1	1.827800313814453	3.556279379338865e-05	AC023090.1
AC020892.2	2.388458750730866	3.560276665810891e-05	AC020892.2
LINC01876	1.1702231704931612	3.5734383313749794e-05	LINC01876
LINC01133	1.0678039759406668	3.6554413205091504e-05	LINC01133
CACNA1B	1.1549803055732413	3.6634541064342766e-05	CACNA1B
AC008525.1	1.8155285262037693	3.671467375898279e-05	AC008525.1
MARK2P13	2.22415281006236	3.6852982573773246e-05	MARK2P13
KRT19P2	1.854656578356519	3.7079886446261984e-05	KRT19P2
AC074387.1	1.6965333756954808	3.818379510213964e-05	AC074387.1
KRT79	1.7515352534560842	3.818853538438879e-05	KRT79
RN7SL794P	2.418329525177531	3.8795294579029725e-05	RN7SL794P
LINC02885	-1.4877415155233136	3.880001375093149e-05	LINC02885
IGHV3OR16-9	1.5136213357699182	3.882197464057956e-05	IGHV3OR16-9
AC136621.1	-1.978402052907052	3.883147033322608e-05	AC136621.1
AC002511.1	1.0401134328816624	3.893137171722253e-05	AC002511.1
AL008638.6	1.2587425671344832	3.908183528557217e-05	AL008638.6
SCGB1C2	-2.2380853746652627	3.909585140734962e-05	SCGB1C2
PSG8	2.549514059795844	3.912017417557172e-05	PSG8
AC022239.1	1.0957311567417425	3.935539159573679e-05	AC022239.1
AC098483.2	1.7833054770827357	3.9392689070273536e-05	AC098483.2
HBA1	1.0245299228427167	3.955839936912806e-05	HBA1
CHRNA9	1.5589139480066905	3.9774728045009136e-05	CHRNA9
H2AC2P	1.1432212397344408	3.977973127390483e-05	H2AC2P
AC103409.1	2.525717186451769	4.002211884412999e-05	AC103409.1
MYT1L	1.1308677619402994	4.0406645808597096e-05	MYT1L
CCDC92B	1.9287762627084983	4.075809737147116e-05	CCDC92B
AP000561.1	2.3071584529891225	4.083702438181448e-05	AP000561.1
AC018552.3	1.0140927467169192	4.095087668790767e-05	AC018552.3
AC025125.1	2.2469072101128456	4.114295323406868e-05	AC025125.1
CLUHP10	1.1780454916562648	4.174458789868913e-05	CLUHP10
MEG9	1.1238575921397838	4.1771756268758416e-05	MEG9
RPS4XP5	1.2682512225107114	4.186948272948157e-05	RPS4XP5
INHA	1.0221845206363096	4.194563620226167e-05	INHA
AC084116.1	-1.0758258572407675	4.227364524858738e-05	AC084116.1
KCNIP4-IT1	2.3641533100034917	4.293888178189338e-05	KCNIP4-IT1
KLK12	2.6186435518919464	4.315565332792289e-05	KLK12
AL590483.3	1.007341125784065	4.357453923639522e-05	AL590483.3
AC108515.1	1.5419753689124889	4.437196324003608e-05	AC108515.1
MAGEB2	3.457415005996175	4.440296878094536e-05	MAGEB2
PPIAP2	1.029758964896709	4.48218085439019e-05	PPIAP2
AL034428.1	1.0371943066066045	4.515333499728303e-05	AL034428.1
ANKRD20A9P	2.0905348430137454	4.518325664590783e-05	ANKRD20A9P
IGHV3OR16-15	1.5461262764964283	4.531891570580568e-05	IGHV3OR16-15
CHIA	-1.2848955759305858	4.558271949558164e-05	CHIA
LINC01067	2.41977514775944	4.584596620179572e-05	LINC01067
AC133485.7	2.1565660810138	4.615934983004325e-05	AC133485.7
PCSK9	-1.324322546277085	4.647931251551355e-05	PCSK9
SLC24A2	-1.649298040393724	4.651514264594176e-05	SLC24A2
LINC02057	1.7637495922673012	4.678396938903294e-05	LINC02057
AC093904.2	-2.4440408795282766	4.690730529874461e-05	AC093904.2
HRAT17	2.122217318276264	4.693246329323843e-05	HRAT17
IGHV3OR16-12	1.9215658281479395	4.721640856892907e-05	IGHV3OR16-12
NKX2-8	2.339291035051389	4.736239406882806e-05	NKX2-8
ZIC1	1.594340526039736	4.775193060574414e-05	ZIC1
AL360015.1	1.5576494203728917	4.792402408576903e-05	AL360015.1
C6orf118	-1.1569983938094688	4.803765246796394e-05	C6orf118
DPPA2P2	2.4707987135936857	4.827540162268171e-05	DPPA2P2
EEF1DP7	1.0897366014248322	4.865584138377259e-05	EEF1DP7
AL513122.2	1.0062939263466373	4.893989923039272e-05	AL513122.2
AF064858.3	1.223168087615913	4.9125705717342855e-05	AF064858.3
TMEM274P	1.3109198012421748	4.919754228849045e-05	TMEM274P
AL049836.2	2.8259060204624884	4.947937129218082e-05	AL049836.2
AC084335.1	1.4559807451481406	4.958333424714485e-05	AC084335.1
AL450003.1	-1.730028247046253	4.962730442924422e-05	AL450003.1
AC013410.2	2.423821786986017	4.9642760566697455e-05	AC013410.2
IGHV3OR15-7	1.5038936255859745	5.0141315842082685e-05	IGHV3OR15-7
AC055854.1	1.0487987048155956	5.054959959237778e-05	AC055854.1
SPATA3-AS1	1.1174674084673395	5.070354294594526e-05	SPATA3-AS1
AC100810.7	1.0349474690678515	5.0817791137470346e-05	AC100810.7
CYP24A1	-1.347060242257741	5.088180445985191e-05	CYP24A1
AL691403.1	-2.0762802335835806	5.091373653213837e-05	AL691403.1
RNU4ATAC	1.2754799139104036	5.11819361545533e-05	RNU4ATAC
LCE1C	-1.9586164181871049	5.125317867156709e-05	LCE1C
IGHV4-55	1.191967967854844	5.134000914121742e-05	IGHV4-55
LINC01634	1.421805376657539	5.204228566271813e-05	LINC01634
AC090720.1	2.335465596203247	5.214029810599209e-05	AC090720.1
AC087481.1	1.135704204610836	5.222943831053948e-05	AC087481.1
AC084048.1	1.484152904643251	5.260848234856008e-05	AC084048.1
AL158064.1	1.255189822620398	5.284759353214713e-05	AL158064.1
LINC02135	2.277532437783148	5.2943472674202e-05	LINC02135
MYZAP	-1.124975517633911	5.428014322148661e-05	MYZAP
AC113410.3	1.0641535508513604	5.432177601295443e-05	AC113410.3
AC139453.2	1.18947040132029	5.435663746263901e-05	AC139453.2
AP003354.1	1.029732012793095	5.441195365117613e-05	AP003354.1
AC123512.1	1.6792139889496314	5.453944525069936e-05	AC123512.1
ZNF705G	2.6985473998732585	5.4893115870636393e-05	ZNF705G
CTSLP8	-1.0508395365179786	5.49272794267809e-05	CTSLP8
AC093416.2	1.017088072485698	5.4982181161328245e-05	AC093416.2
LINC01204	1.2755232698981842	5.53200513120361e-05	LINC01204
REC114	1.0341815260842306	5.5419991243850143e-05	REC114
INSYN1	-1.1322245803420234	5.545684292331459e-05	INSYN1
AC004491.1	1.6681904332309223	5.571671877709724e-05	AC004491.1
PBOV1	1.5841152831301577	5.578782782612282e-05	PBOV1
AP000851.2	-2.033595439245782	5.5963460064237614e-05	AP000851.2
SOX1-OT	2.1168062533025043	5.64915622325514e-05	SOX1-OT
LINC00113	-1.1982564539121177	5.652187434748468e-05	LINC00113
IGHV3-6	1.378297425364549	5.681125491861247e-05	IGHV3-6
IMPDH1P9	1.2828938638068323	5.72895809456571e-05	IMPDH1P9
LINC00293	2.203076628008405	5.742081183913164e-05	LINC00293
IGLV5-37	1.6979545195514378	5.771674631975325e-05	IGLV5-37
AL354993.1	1.0690907367970168	5.786242891316455e-05	AL354993.1
IL6-AS1	1.1453601819107195	5.813756023054932e-05	IL6-AS1
AC013652.2	2.1170726429848603	5.8595003601167776e-05	AC013652.2
AL109983.1	1.1030838047682068	5.8922748652610977e-05	AL109983.1
RPL13AP17	2.456389612626059	5.915651164023171e-05	RPL13AP17
AC037433.1	2.38998021247808	5.933937192335088e-05	AC037433.1
AC078820.1	1.1219718837867478	6.081976219860844e-05	AC078820.1
AC126773.4	-1.0467012641363815	6.386896590554728e-05	AC126773.4
AC097478.2	2.49444982786776	6.38755652549711e-05	AC097478.2
HAO2-IT1	-1.1981208373116294	6.471764029967551e-05	HAO2-IT1
AC005100.1	1.764227948602674	6.486845294781336e-05	AC005100.1
AC104472.1	1.2866120322668877	6.525339705371117e-05	AC104472.1
AC055807.1	1.5292923111183856	6.542335660900892e-05	AC055807.1
OPN5	1.1205133434950454	6.586591880592466e-05	OPN5
PGPEP1L	-1.1291758199744233	6.60647302000278e-05	PGPEP1L
AL078595.2	2.463901718687139	6.624112118307043e-05	AL078595.2
AC126544.2	1.0103697330923775	6.63786169998376e-05	AC126544.2
AC015909.3	1.292238297635157	6.706039246621148e-05	AC015909.3
ADGRD2	1.358223661927378	6.709008292403753e-05	ADGRD2
NAP1L6P	-1.404713292505741	6.728260576726308e-05	NAP1L6P
AP001628.2	1.1178597337622964	6.776695277736448e-05	AP001628.2
LINC02009	1.048636537207024	6.805510466469253e-05	LINC02009
OR4N2	2.391178414920517	6.915992256557764e-05	OR4N2
FETUB	-1.807748450420888	6.9399800914316e-05	FETUB
LDHAL6FP	1.0348190286011267	6.968855786422656e-05	LDHAL6FP
SNX18P14	2.404871643554816	7.008598951561446e-05	SNX18P14
RPS26P4	2.692129651556976	7.030754905262471e-05	RPS26P4
RN7SL128P	1.16176317169202	7.04401817943392e-05	RN7SL128P
AC005551.1	-1.6636575872901638	7.091594823128017e-05	AC005551.1
IGKV1OR2-3	2.1039037490731074	7.186188753434564e-05	IGKV1OR2-3
MTDHP3	-1.913774844723093	7.238993114207095e-05	MTDHP3
PLCH1-AS1	1.2504899285915327	7.29479419829617e-05	PLCH1-AS1
MTCO1P15	1.1508762646825057	7.33444627618755e-05	MTCO1P15
PRSS38	2.3277622920045484	7.335425903709294e-05	PRSS38
AC016240.1	-2.49701334666134	7.389325114368227e-05	AC016240.1
KRT18P13	1.028002222828059	7.417733408667555e-05	KRT18P13
OR12D2	2.142154050479833	7.486497500144596e-05	OR12D2
TRIM29	-1.0610000228625571	7.534930225499279e-05	TRIM29
AC004852.2	2.482915542839254	7.544967081779301e-05	AC004852.2
GNAT1	1.2021386021251632	7.548819622867252e-05	GNAT1
LINC00307	-2.842143641841516	7.560599809425086e-05	LINC00307
SHOC1	-1.1012684298847188	7.616723602253386e-05	SHOC1
DSG1	1.0151194682207754	7.67012574745859e-05	DSG1
GLB1L3	1.3145015536680689	7.673582069150251e-05	GLB1L3
KCNG3	-1.6266484421866276	7.691217756937168e-05	KCNG3
ENOX1-AS1	1.458429006422758	7.73889895522845e-05	ENOX1-AS1
CYP2C18	-1.2026304997012167	7.762581421164714e-05	CYP2C18
AC084212.1	-1.025222521325646	7.822384682498531e-05	AC084212.1
HTR3A	1.2577129505998683	7.944747592098807e-05	HTR3A
TDRD15	-1.0735430414460738	7.945565422143209e-05	TDRD15
AC093240.1	1.728477087409394	7.948407601616053e-05	AC093240.1
AC137579.1	2.300244003139152	7.978204720035546e-05	AC137579.1
AC012653.2	-1.1858535892964863	8.002207564144391e-05	AC012653.2
TTC6	1.3690180620106271	8.237742907431972e-05	TTC6
RPS17P8	2.523288026715876	8.344726275928211e-05	RPS17P8
AC093766.1	1.585546404717529	8.365374570926396e-05	AC093766.1
AC078905.1	2.5154510604568543	8.418900533075145e-05	AC078905.1
IRX4	1.961103197490299	8.452553082966479e-05	IRX4
AC009152.3	1.67022403091326	8.487480454135224e-05	AC009152.3
AC007923.3	1.087664703962095	8.501071405472036e-05	AC007923.3
AL157371.2	1.0916005244558633	8.51773136873845e-05	AL157371.2
AC068774.1	1.9483080458324584	8.602036813705115e-05	AC068774.1
RN7SL3	1.0651014854133187	8.620714625796747e-05	RN7SL3
CDRT7	2.5058444752992037	8.75859891487055e-05	CDRT7
SPDYE22P	2.2761601838766325	8.818858063923109e-05	SPDYE22P
PTH	2.4379758634409208	8.847531444934035e-05	PTH
SLC26A5	-1.1598229567875102	8.872820295362456e-05	SLC26A5
AC116565.1	2.4631818948027435	8.935399688355385e-05	AC116565.1
METTL11B	1.6042090327493534	8.946457896016763e-05	METTL11B
PACRG-AS1	-1.077889523912962	8.955421283434922e-05	PACRG-AS1
AC009623.1	1.9320426204811791	9.007127657470884e-05	AC009623.1
EIF5P1	1.472597665514938	9.027657277475936e-05	EIF5P1
AC074024.1	-1.348593476939845	9.074361915146374e-05	AC074024.1
OGN	-1.1495614561123764	9.21056960648428e-05	OGN
AC005722.2	1.2921272632404703	9.258969808812016e-05	AC005722.2
KRT8P15	1.0083396852068591	9.2849585978198e-05	KRT8P15
LINC02659	1.8865017425715291	9.304095429714568e-05	LINC02659
AC006348.1	1.326080092507516	9.314005311714646e-05	AC006348.1
PPIAP84	1.2874578924153162	9.389710801449432e-05	PPIAP84
AC244394.1	1.6540008640323944	9.4844890976549e-05	AC244394.1
AC092844.1	1.1365186369703395	9.487965842827737e-05	AC092844.1
LINC00200	-1.080179745969133	9.52034687998506e-05	LINC00200
AL732437.3	-1.2345326735840236	9.521406892347924e-05	AL732437.3
AL033381.1	1.0142675569585138	9.539598247073694e-05	AL033381.1
NDUFB4P2	1.8586721726035995	9.562104061904892e-05	NDUFB4P2
AC026100.1	-1.006731590673596	9.692440662153649e-05	AC026100.1
SYT10	-1.742755012416194	9.706591925468568e-05	SYT10
AC099521.2	1.0205684978048253	9.78295759522858e-05	AC099521.2
AC100872.2	1.1876588764143785	0.0001000668329175	AC100872.2
AC064862.3	2.4368542682944576	0.0001003611959728	AC064862.3
TCF4-AS2	2.3419858622262097	0.0001004876955879	TCF4-AS2
KRT222	-1.0270707041805447	0.0001017459349658	KRT222
RNU6-37P	1.153627021858581	0.0001024139916078	RNU6-37P
AC109486.1	2.4066162296851235	0.0001040502937729	AC109486.1
AC010889.2	-1.1609019544123893	0.0001041055413235	AC010889.2
XDH	1.2300552168954075	0.0001041152538965	XDH
LINC02801	1.089506785287946	0.0001047072660161	LINC02801
AC092691.1	-2.3943877966398337	0.0001053706193259	AC092691.1
NTSR2	2.191249655748394	0.000106215142905	NTSR2
LINC02302	-1.587805537619245	0.0001063247876125	LINC02302
ENPP7P5	1.2858204611298092	0.0001066319901728	ENPP7P5
PTPRZ1	-1.084233709391918	0.0001067967904333	PTPRZ1
AC069228.1	1.5260270787751613	0.0001068900894683	AC069228.1
AL033504.1	1.3195547673449968	0.0001074923110471	AL033504.1
LINC02233	1.7210461311805862	0.0001085054574039	LINC02233
AC103925.1	3.226398081474733	0.0001104340090386	AC103925.1
PRAC2	2.5747059354291806	0.000112869433655	PRAC2
AC090220.1	1.847774342553644	0.0001132398079246	AC090220.1
AC078788.2	1.437938153087418	0.0001136201630815	AC078788.2
IGHV3-71	1.3111929245053708	0.0001138338474005	IGHV3-71
AC112206.2	1.072679164728171	0.000114339308562	AC112206.2
AL713851.1	2.326089307911115	0.000114896897473	AL713851.1
ERCC8-AS1	1.0326340277532329	0.0001149825738517	ERCC8-AS1
AP003327.2	-1.0383033808554154	0.0001151379741391	AP003327.2
AC126696.2	1.4819171560474844	0.0001166769644329	AC126696.2
CYP2A13	2.164323248083367	0.000116929803296	CYP2A13
AC100805.1	1.0640484158892325	0.0001174623623764	AC100805.1
INSYN1-AS1	-1.9313370292537364	0.0001178293163625	INSYN1-AS1
IGKV1OR10-1	2.293052860568169	0.0001178996176827	IGKV1OR10-1
HTR3E	1.7688728853714208	0.0001205058807998	HTR3E
AL021396.1	1.0184853918036527	0.0001206924287835	AL021396.1
AC097478.1	2.36035233005215	0.000121140074968	AC097478.1
MAPT-AS1	1.0088763912368994	0.00012303479565	MAPT-AS1
IGHV1OR16-1	1.915850098943388	0.0001235802301551	IGHV1OR16-1
AC025674.1	-2.612579685411077	0.0001237700880923	AC025674.1
LRRC38	-1.4859047921013877	0.0001242240786149	LRRC38
FTCD-AS1	1.8296816925089117	0.0001243688982061	FTCD-AS1
AC093865.1	-1.3059763425910262	0.0001245870153842	AC093865.1
AC012506.2	-1.0648213813445278	0.0001250974178856	AC012506.2
AC116049.1	2.041493870880807	0.0001255473296192	AC116049.1
MAPK8IP1P1	1.507052123904034	0.0001263096388304	MAPK8IP1P1
AC096751.1	-1.0018959080245924	0.000126840667582	AC096751.1
CICP17	1.740633367323577	0.000127198084786	CICP17
GPR26	1.017972576393822	0.0001274212114873	GPR26
LINC02217	1.124851520971247	0.0001281877310611	LINC02217
IGHV3-65	2.2775260254632936	0.0001296627056685	IGHV3-65
NDUFA3P6	2.3701273789741104	0.0001304304385932	NDUFA3P6
AL358613.1	1.4780198521364742	0.0001312147104678	AL358613.1
AC016866.1	-1.0632896496213189	0.0001315365231307	AC016866.1
IGLV2-34	1.3927077397964194	0.0001324850397499	IGLV2-34
GJD2	-2.0113929256605863	0.000134311671435	GJD2
LINC02851	1.1129238850799754	0.0001350005231685	LINC02851
AC010501.2	-2.0575105743914355	0.0001353057482579	AC010501.2
POU3F4	-2.55205549659807	0.0001354339610767	POU3F4
FGF7	-1.0320251515907326	0.0001385192864171	FGF7
ANKRD26P1	1.5225569071353522	0.000138982698947	ANKRD26P1
AC245517.5	1.8519145399636232	0.0001393830078509	AC245517.5
RHOT1P1	1.009901243122789	0.0001401084054076	RHOT1P1
UBBP3	2.015715593448769	0.0001404323472312	UBBP3
AC068075.2	2.2282033489217	0.0001405869060867	AC068075.2
KRT17	1.0201234477501788	0.0001411926999402	KRT17
B3GALT5-AS1	-1.144804860427055	0.0001428507064916	B3GALT5-AS1
AC112176.1	1.7598001783961743	0.0001430039416866	AC112176.1
AC004969.1	1.1630656435742388	0.0001430820646642	AC004969.1
AP003071.2	1.0997269736541986	0.0001444110573982	AP003071.2
RN7SL390P	2.1112831541913524	0.0001445993863052	RN7SL390P
SSX6P	1.676401238090537	0.0001455261397601	SSX6P
AL033397.1	-1.328265749759013	0.0001466398146341	AL033397.1
AL391361.2	1.293208819243739	0.0001469290307254	AL391361.2
AC091980.2	2.420501311558412	0.0001469920675703	AC091980.2
IGHV1-17	1.6889084249911914	0.000147434714738	IGHV1-17
AC104971.3	1.099962695091235	0.0001477575220532	AC104971.3
R3HDML	-1.8805950280002035	0.0001488010508221	R3HDML
CYP2C19	1.374963643074992	0.0001498751225368	CYP2C19
CFAP47	1.1402435847556327	0.0001502399094767	CFAP47
NYAP2	1.130901953553978	0.0001505742018871	NYAP2
AC106738.2	-1.5460049093969834	0.0001515717303314	AC106738.2
ARPP21	1.1578517612981338	0.0001547593754431	ARPP21
DIPK1C	1.0036173924342453	0.0001575325788141	DIPK1C
SERTM1	-1.264606368241092	0.0001579252463602	SERTM1
AL135927.1	1.188757421281003	0.0001616836645022	AL135927.1
NR0B1	2.205288524432352	0.000166565556358	NR0B1
AC020629.1	1.7468623192267023	0.0001666068037856	AC020629.1
IL20	-1.371499239025768	0.0001682672857067	IL20
VN1R84P	1.0698980504492357	0.00016831647548	VN1R84P
IGHV3OR16-16	2.001381243668505	0.0001694261141408	IGHV3OR16-16
ICE2P1	1.549667090081145	0.0001702855793572	ICE2P1
AC002984.1	1.2252190126049294	0.0001708537256443	AC002984.1
IGKV2OR2-1	1.7999541597020208	0.0001721505194235	IGKV2OR2-1
PRR30	2.38487949131134	0.0001724245048538	PRR30
AL356277.3	2.3954221910882967	0.0001731397915916	AL356277.3
CEACAM8	1.2037927873406988	0.0001738582041103	CEACAM8
IGHV3-22	1.694365004615476	0.0001742241426781	IGHV3-22
AC093426.1	1.836299339258317	0.0001753073410692	AC093426.1
LINC01568	1.4681767031124129	0.0001770030719996	LINC01568
AC103563.1	1.7507897362957368	0.0001775270325718	AC103563.1
FAM106C	1.246594360062674	0.0001777851782052	FAM106C
AC005090.1	1.6361373756302968	0.0001820427333865	AC005090.1
NUS1P3	-1.3587347201268094	0.0001858753509086	NUS1P3
AC111200.1	2.082178860278852	0.0001876437291179	AC111200.1
AC091151.7	1.6223358325630712	0.0001888787203866	AC091151.7
AC119868.2	1.4192049736030097	0.0001898701412325	AC119868.2
MSLN	1.3149075338272564	0.0001907618513332	MSLN
GKN1	1.980755334286007	0.0001927923667363	GKN1
RHCG	-1.7907470097804867	0.0001930371405474	RHCG
AC004080.1	2.2126876863091125	0.0001930779526015	AC004080.1
MIR2052HG	1.2893790749150156	0.0001941971439941	MIR2052HG
AC005323.1	2.080439791037547	0.0001948269871655	AC005323.1
LINC01198	1.2931994467639214	0.0001995584023641	LINC01198
AC020892.1	2.87296590980978	0.0002037223749626	AC020892.1
BCHE	-1.0098764035802408	0.0002043500460457	BCHE
MIR31HG	-1.0370646291351755	0.0002046963008005	MIR31HG
AL157944.1	1.2625495765654906	0.0002052875169633	AL157944.1
ASIC5	-1.7437911871542708	0.0002057126036217	ASIC5
IGLJ2	1.4722791317674149	0.0002062753171001	IGLJ2
EVX1-AS	2.16473652648235	0.0002096006205628	EVX1-AS
SRGAP3-AS2	-1.7191223859710971	0.0002104424097277	SRGAP3-AS2
ZFP42	-1.489288527071804	0.0002118424767117	ZFP42
AC106900.1	2.050892345978384	0.0002129223012752	AC106900.1
AC003043.2	1.4234010098256054	0.0002154023667981	AC003043.2
AC136428.1	1.3791447759680793	0.0002213614200955	AC136428.1
APOA4	3.599548315228604	0.0002218284178035	APOA4
OR7E36P	-1.0355630776328686	0.0002225850950805	OR7E36P
RPL32P26	1.2932705203602055	0.0002240716308324	RPL32P26
BTF3P12	1.056902905475977	0.0002245288932146	BTF3P12
LINC00581	1.1657162054366412	0.0002252834511078	LINC00581
MIR3196	2.5124037809969533	0.0002253414437043	MIR3196
RFX4	1.00624700508335	0.0002254729849568	RFX4
LINC01629	-1.3608594598968184	0.0002263212440209	LINC01629
LINC02032	2.3671198756231875	0.0002271830943257	LINC02032
AL096854.1	-1.3269720090777568	0.0002276342931467	AL096854.1
AC122694.1	1.322752941230963	0.0002332271101793	AC122694.1
AC009088.4	1.4994201413807495	0.0002350825203242	AC009088.4
CDY4P	2.194143175906085	0.0002389949053591	CDY4P
MS4A3	1.4620605928189825	0.0002475795869848	MS4A3
CBLIF	1.265656886127692	0.0002475855135848	CBLIF
SPINK7	1.071509989054809	0.0002488112652785	SPINK7
SACS-AS1	1.194813243622349	0.0002489342662101	SACS-AS1
AL390778.2	1.8983896196276293	0.0002500832761597	AL390778.2
RNU6-287P	1.3087902104448592	0.0002504505450008	RNU6-287P
AC016868.1	2.015442662389612	0.0002514035042096	AC016868.1
CR381670.2	1.2206325057205385	0.0002545197315047	CR381670.2
TMPRSS11BNL	-1.5170681885745538	0.0002573329302159	TMPRSS11BNL
IGKV7-3	1.5932585981265124	0.0002590720375168	IGKV7-3
BNIP3P30	-1.2153815092387243	0.000260789878512	BNIP3P30
KCNJ18	1.4312599445260017	0.0002642090854448	KCNJ18
HAND2-AS1	1.085138765409492	0.0002643681529342	HAND2-AS1
ANXA8L1	2.102223648863918	0.0002644271210556	ANXA8L1
RNA5SP174	2.1615567353794267	0.0002674933435835	RNA5SP174
AC103563.3	1.5303039280552462	0.0002695487987344	AC103563.3
KRT16	1.2620794428944844	0.0002703171469704	KRT16
LINC01687	-1.5416380080021892	0.0002713146536152	LINC01687
AC012213.1	1.780785728806539	0.0002749015084251	AC012213.1
ANKRD26P3	1.824933417611428	0.0002755180588376	ANKRD26P3
AC244250.4	1.1575834001331506	0.0002767384197463	AC244250.4
AKR1B15	1.4843099507752655	0.00027852863711	AKR1B15
AC092647.3	2.454197182023159	0.0002788075070658	AC092647.3
IGHV3-25	1.844184126216818	0.0002826637692152	IGHV3-25
PRG3	2.208621695784601	0.000287798501272	PRG3
UQCRFS1P2	-1.8004542302861295	0.0002887775465544	UQCRFS1P2
RPL36P2	1.3394025175648734	0.0002921817635355	RPL36P2
LIN28B	2.5448390219045773	0.0002929632735519	LIN28B
AL355810.1	1.3774295892803363	0.0002974132991778	AL355810.1
CDH7	1.4394806625801546	0.0003015929452187	CDH7
AC007402.1	1.7183824475943803	0.0003023170972594	AC007402.1
LRTM1	1.6067355904773375	0.0003023262153428	LRTM1
AC008551.1	1.2605192944283037	0.000303605370856	AC008551.1
AC080128.1	2.4265232694494707	0.0003089702790763	AC080128.1
H2AC9P	-1.3229155360150504	0.0003181960350257	H2AC9P
AP001527.1	1.2384372160084764	0.0003218354273942	AP001527.1
AC010998.3	-1.5124333738383164	0.0003218497199951	AC010998.3
RNU4-1	1.1512581625234966	0.0003219808710692	RNU4-1
AL353600.2	1.0652195685282535	0.0003238267900592	AL353600.2
GALP	2.3902579150282417	0.0003239376593561	GALP
HCN1	1.0951756296384865	0.0003311500546742	HCN1
AC091812.2	1.3130497661535063	0.0003336127518956	AC091812.2
IL22RA2	1.564378823755562	0.000333913325977	IL22RA2
MKRN9P	1.0376692632394833	0.0003353419683242	MKRN9P
GOLGA2P11	1.6335342018740813	0.0003366236836485	GOLGA2P11
AC093903.1	1.5623304086848695	0.0003366638507753	AC093903.1
AC009977.1	1.2065924884793302	0.0003434195464605	AC009977.1
CRABP1	-1.9529512344294289	0.0003443531535621	CRABP1
AC119751.4	2.148417140801836	0.0003465291250623	AC119751.4
LINC02232	1.5144299053959265	0.0003506795449765	LINC02232
LINC01090	1.091476134074616	0.0003542977944544	LINC01090
AL139280.2	-1.2283382916222796	0.0003659987695112	AL139280.2
FAM83F	-1.0735069311708023	0.0003678076567858	FAM83F
LINC02194	2.0679077657902534	0.0003681146863774	LINC02194
OR1N1	1.7165620403701207	0.0003712816543563	OR1N1
IGKV2-18	2.0254632893050952	0.000374971719029	IGKV2-18
OOEP	1.2188089547346552	0.0003776334097459	OOEP
SPATA22	1.0240445632178152	0.0003801379307614	SPATA22
AC093772.1	-1.0638453210058156	0.0003811726686646	AC093772.1
AL353597.1	1.2037867290210895	0.0003928573833747	AL353597.1
AC126175.2	-1.0104432947901427	0.0003941656205282	AC126175.2
MIR548XHG	1.9618850530925356	0.000396098149585	MIR548XHG
LINC00364	2.2099576715913067	0.0003988848305583	LINC00364
AC097467.3	1.0401401469803786	0.0003995952414565	AC097467.3
RNU5D-1	1.760626320093812	0.0004034450680488	RNU5D-1
AP000459.1	2.366446690337672	0.0004049349032749	AP000459.1
SLC17A8	-1.0062011119598278	0.0004058063819438	SLC17A8
IGKV2-4	1.4609441335599025	0.0004100118153808	IGKV2-4
ANKRD34C	-1.0256533783774495	0.0004133424946813	ANKRD34C
REG4	-1.045888015752496	0.0004151346377412	REG4
AC114930.1	1.2844276962473586	0.0004191529617873	AC114930.1
HPR	1.3811588104246726	0.0004201186199169	HPR
IGKV1OR22-5	1.558013148454937	0.0004208058589675	IGKV1OR22-5
AL359237.1	1.330348108300487	0.0004213492024524	AL359237.1
GJB3	-1.0461141847912971	0.0004224087289082	GJB3
AL137789.2	2.07291944500179	0.000425827874247	AL137789.2
AL355596.2	1.912082306632142	0.0004323139590403	AL355596.2
LINC02346	1.4165263796027332	0.0004334923815957	LINC02346
IGKV1OR2-6	1.219568130318442	0.0004338196782457	IGKV1OR2-6
AC060234.3	1.2989482102634875	0.0004341664359515	AC060234.3
AC087516.2	-1.2010983741226922	0.0004354099873309	AC087516.2
AC006195.1	1.055232594869927	0.0004405287730876	AC006195.1
EEF1DP5	1.7360097012000542	0.0004473869773123	EEF1DP5
AL161669.2	1.0642769794708675	0.0004487498945012	AL161669.2
SOWAHCP5	1.8907641821748853	0.0004517336511386	SOWAHCP5
AC018398.2	1.4702286409008376	0.0004529249023685	AC018398.2
AC090809.1	2.265066168584279	0.0004610198403847	AC090809.1
SYT4	-1.2780884436321869	0.0004650378178459	SYT4
AL133268.4	1.0219795013544992	0.0004687145259837	AL133268.4
IL20RA	-1.0626300539037692	0.0004753812283459	IL20RA
LINC01896	-2.2069543820534085	0.0004759533348961	LINC01896
OR14J1	1.576961793323687	0.0004761806160224	OR14J1
AC021678.2	-1.4260566320670296	0.0004818605026843	AC021678.2
AC133565.1	1.3196712394301446	0.0004829024597002	AC133565.1
AP000894.2	1.050332155617121	0.0004880190650159	AP000894.2
CST5	-1.4243560983750148	0.0004888890591551	CST5
AC026333.3	-1.5507251971714724	0.0004933161821162	AC026333.3
IGHV3-60	1.3587203057533206	0.000499552120791	IGHV3-60
APOC3	-1.5655375899727209	0.000499552120791	APOC3
AC009229.3	1.258224371026772	0.0005042364213305	AC009229.3
AC023095.1	1.8916822681175405	0.0005066038702004	AC023095.1
AC007368.1	1.5388560405580058	0.0005118848367237	AC007368.1
AL121932.2	1.037726189833539	0.0005141355150866	AL121932.2
OR52E8	2.6329210757084134	0.000524736188968	OR52E8
AC018714.2	1.225375165304753	0.0005310263185891	AC018714.2
LINC02109	1.2858779705443597	0.0005321486553608	LINC02109
IGHV3-63	1.1267969694945523	0.0005327244725854	IGHV3-63
LINC02456	1.9292134586871816	0.0005329519008451	LINC02456
AC097521.1	2.262057656506856	0.0005387826782945	AC097521.1
TUB-AS1	-1.1278012671538054	0.0005420925365889	TUB-AS1
AC010768.2	1.1312851440717748	0.0005431555220727	AC010768.2
RN7SL559P	1.323103450365702	0.0005490007040424	RN7SL559P
LINC01987	-1.673985242420415	0.0005522928388087	LINC01987
AC011524.2	2.2740764243056986	0.0005610500939278	AC011524.2
IGKV6-21	1.093612044521919	0.0005628172217811	IGKV6-21
SDAD1P2	1.186205365274354	0.0005750329104346	SDAD1P2
DMRT2	-1.7368127953532424	0.0005767059443633	DMRT2
AC097462.3	1.8566913733880088	0.0005836018556308	AC097462.3
AC092068.3	1.1895281449262134	0.0005844609137532	AC092068.3
IGHD3-3	2.0290381105750703	0.0005876105498932	IGHD3-3
RN7SL105P	1.5534553749240372	0.0005907045691709	RN7SL105P
AC016042.1	1.5736817160835286	0.0005950303473372	AC016042.1
ARHGAP36	1.4677827369691916	0.0005977515814812	ARHGAP36
AC004784.1	2.4557677604484	0.0005988626434898	AC004784.1
G2E3-AS1	2.0086985746571115	0.0006003672605277	G2E3-AS1
EDN3	-1.3333391704156734	0.0006103686321152	EDN3
AC107980.1	1.790926830192647	0.0006116399608157	AC107980.1
AC099792.1	1.037336720515115	0.0006172217666625	AC099792.1
AC012213.4	1.7846910817952424	0.0006233160579551	AC012213.4
MT-TM	-1.1867676586675289	0.0006335477257255	MT-TM
C16orf92	1.9538936469150692	0.0006348503053052	C16orf92
DUOXA2	-1.0416264651534934	0.00063867139856	DUOXA2
NPPC	1.114309734650383	0.0006416502563992	NPPC
RNU4-18P	2.081903428077633	0.0006469033345762	RNU4-18P
RN7SL230P	1.5847825238910642	0.0006542098920945	RN7SL230P
SOX3	1.2719535017413908	0.0006543781908459	SOX3
SUMO2P8	1.4284544502104233	0.0006567416730424	SUMO2P8
KC6	1.6416410769780685	0.0006567416730424	KC6
RNU2-59P	2.5784961014071976	0.0006589837488184	RNU2-59P
AL034346.1	1.6969044383134186	0.0006603274723513	AL034346.1
Z97205.2	1.3589971684189648	0.0006630652267157	Z97205.2
B3GALNT1P1	1.0736255565845174	0.0006676574428212	B3GALNT1P1
CALML5	2.508341450981172	0.0006722100964581	CALML5
SILC1	1.3541767902124295	0.0006826964501312	SILC1
FP671120.6	1.4595173474055738	0.0006971205377259	FP671120.6
SCYGR4	2.1998159501958585	0.0007016430091569	SCYGR4
FAM83A-AS1	1.5449114015208345	0.0007029122924142	FAM83A-AS1
AC137695.1	1.1848177566583338	0.0007033968151318	AC137695.1
OTOS	1.5924958181866098	0.000703563050027	OTOS
AC087783.1	-1.461199791398878	0.0007062911653324	AC087783.1
SSX1	2.15566650748642	0.000719578414821	SSX1
DPP10	-1.51042090182668	0.0007315759666	DPP10
LINC02303	-2.021038416398966	0.0007356634526291	LINC02303
AL450352.1	-1.4190550686442296	0.0007505019583673	AL450352.1
PACRG-AS3	1.5081466285748342	0.0007509787193374	PACRG-AS3
IGKV1-37	2.32993646225341	0.000752936761955	IGKV1-37
LINC01497	-1.0417966652732396	0.0007576776759608	LINC01497
AC025211.1	1.5620272075597963	0.0007692422418078	AC025211.1
LY6D	1.5681657264695188	0.0007694697160239	LY6D
IGKV2OR22-4	1.1260065068721874	0.0007707594074587	IGKV2OR22-4
NPFFR2	-1.0870750964755935	0.000773498421132	NPFFR2
SLAMF6P1	-2.083126126254389	0.0007743037066471	SLAMF6P1
RN7SL732P	1.2220118573312684	0.0007903424939669	RN7SL732P
CFHR1	-1.3355843333675317	0.0008068248334697	CFHR1
AL356414.1	2.1356917495193968	0.0008124093301255	AL356414.1
AC091196.1	1.0301284174213194	0.0008189982360984	AC091196.1
AC116609.1	1.182804552589125	0.0008247813952046	AC116609.1
AC022424.1	-1.965134243851666	0.0008249334119481	AC022424.1
AC124254.2	1.5499683532607331	0.0008259724023531	AC124254.2
HEPACAM	-1.008133338673109	0.0008287134098424	HEPACAM
MMP26	1.8542201909829767	0.000839132806	MMP26
SNX18P24	2.5892117576310856	0.0008396746504358	SNX18P24
AC112721.2	1.0743091124509214	0.0008443115922093	AC112721.2
RN7SL166P	2.215681140378466	0.000851580277979	RN7SL166P
AL121949.2	1.251649730287377	0.0008568427463976	AL121949.2
AC000374.1	2.212554998381332	0.0008644399110214	AC000374.1
AC011474.1	1.6493762515427683	0.0008664433218974	AC011474.1
AKIRIN1P2	1.789887273418306	0.0008757933482603	AKIRIN1P2
AC011632.1	1.3583103478134344	0.0008793825489475	AC011632.1
LRRC3-DT	1.3950611981555463	0.0008835039452138	LRRC3-DT
XIST	1.5150165558234276	0.0008862311670656	XIST
AC074254.2	2.335700320747911	0.0008929168324168	AC074254.2
AL021920.1	1.8270475695300497	0.0008962329715282	AL021920.1
MMEL1-AS1	-2.546286682324958	0.0009030770822449	MMEL1-AS1
IL36B	1.805116810507591	0.0009049037525121	IL36B
AL139142.2	1.077931180971398	0.0009107093431008	AL139142.2
LINC02119	-1.308588004570958	0.000915597364589	LINC02119
AL132709.7	2.3858078100465714	0.0009191704756028	AL132709.7
IGHV1OR16-3	2.023772174414273	0.0009219776538729	IGHV1OR16-3
AC016687.2	1.6262944688406242	0.0009371524039707	AC016687.2
PLEKHS1	-1.0304938420408314	0.0009421981873024	PLEKHS1
IGKV2OR22-3	1.4520738430037328	0.0009527071332275	IGKV2OR22-3
C8orf34-AS1	-1.0725717738738592	0.0009549231741539	C8orf34-AS1
AC009236.1	1.4179972263590994	0.0009580287146948	AC009236.1
GPR32	2.0740143218844165	0.0009718004303317	GPR32
LINC02607	1.0191462811534835	0.0010149482714469	LINC02607
H4C2	1.0517329287864408	0.0010401209625078	H4C2
KLF14	-1.0417346094800772	0.0010407340089987	KLF14
ANGPTL7	-1.1534161356603343	0.0010414693792328	ANGPTL7
RNU1-136P	2.17225944274633	0.0010588322474636	RNU1-136P
PRSS29P	1.8959886193744664	0.0010632955454193	PRSS29P
RNY4P36	1.050310127789898	0.0010880218341334	RNY4P36
VN1R85P	-1.1192484363345243	0.0011019779947953	VN1R85P
AC124290.2	2.737533771148659	0.0011070042368013	AC124290.2
KLF4P1	1.9592517193998047	0.0011403284998924	KLF4P1
IGHV3-52	1.2273394251923295	0.0011628744810831	IGHV3-52
AC005537.1	1.2616043072924967	0.0011771000339382	AC005537.1
LRRC26	1.8079305696804115	0.0012024798708982	LRRC26
BPIFB2	2.2845450867696377	0.0012169525226844	BPIFB2
AC005829.2	1.1301631439787916	0.0012174069265039	AC005829.2
AL606753.2	1.225237810954267	0.0012586001465314	AL606753.2
S100A7	1.444588333092914	0.0012764588497626	S100A7
AC022816.1	1.2841664583590724	0.0012806530737962	AC022816.1
AVP	-1.177506973977682	0.0012823462998004	AVP
AC133681.1	1.6045863534200877	0.0012926637934522	AC133681.1
VCX3B	1.0360339766954978	0.0012949361818726	VCX3B
RAD17P2	1.0773313081471276	0.0013016328620334	RAD17P2
GPR1-AS	1.4385936492170266	0.0013060606049288	GPR1-AS
AC093765.3	1.048385205452126	0.0013144047374017	AC093765.3
AC005291.2	1.6851889693648066	0.0013179012336133	AC005291.2
AC096734.1	1.12541967861829	0.0013503721077733	AC096734.1
LINC02418	1.1519531944740762	0.0013520482891507	LINC02418
FGF23	1.2804908208060262	0.001378325968433	FGF23
CAMKV	1.2758764072082207	0.0013949095623293	CAMKV
AC011370.1	1.969119730931849	0.001395751766884	AC011370.1
BPIFB5P	2.495822076164701	0.0014043024398817	BPIFB5P
AIRN	1.0288643929558103	0.001409861220772	AIRN
AC091951.1	1.4830428739395614	0.0014101554842272	AC091951.1
FRGCA	1.0559918803794566	0.0014195770107993	FRGCA
HMGB1P50	2.167836034014083	0.0014265026801797	HMGB1P50
AL136129.1	1.050569868240559	0.0014266743140207	AL136129.1
AL050338.1	1.780114942746429	0.0014267788463486	AL050338.1
AC110760.1	1.6901153564188107	0.0014502629017001	AC110760.1
LINC00452	1.1156504355356178	0.001470533854097	LINC00452
LHCGR	1.4409054363629688	0.0014783313711589	LHCGR
MS4A10	-1.3272589219395432	0.0014868222409279	MS4A10
AC073316.1	1.0164562935661587	0.0014963623958045	AC073316.1
AL136181.1	2.447968120105932	0.0015042054389586	AL136181.1
MAGEC2	2.782807714914749	0.0015200603315124	MAGEC2
CGA	-1.5339963860980754	0.0015247332435432	CGA
EPS15P1	1.081251903496428	0.0015293626706791	EPS15P1
KCNH5	-1.221366897454252	0.0015563378418582	KCNH5
RNU1-138P	1.0666969526897687	0.0015573689052928	RNU1-138P
UNC93B2	1.051501558863737	0.0015686904865353	UNC93B2
AC011595.1	1.019453721283011	0.0015767960274857	AC011595.1
PHOX2B	1.8354869788630848	0.0015862281302041	PHOX2B
STXBP5L	1.220767571774863	0.0015880679477345	STXBP5L
UGT2B15	1.017536984970128	0.0015924369405324	UGT2B15
D21S2088E	1.8423044053397808	0.001597823521083	D21S2088E
AC025271.3	-1.0020757980210138	0.0016016788875094	AC025271.3
LINC01251	1.3685505288953002	0.0016235400444587	LINC01251
AL109924.4	2.28584986699321	0.0016370801454335	AL109924.4
AL132799.1	2.092375124988716	0.0017061051886529	AL132799.1
LINC01584	2.2498002411414504	0.0017127997750094	LINC01584
MAGEA6	2.1624670958567664	0.0017265816476622	MAGEA6
TRAV31	2.240369530490644	0.0017277365167071	TRAV31
LINC02376	2.3603290859479134	0.0017357950165683	LINC02376
AL133493.1	2.380974830690387	0.001738432719988	AL133493.1
AC007126.1	1.1054915627367317	0.0017463795492163	AC007126.1
IGKV1D-42	1.0869852104565565	0.001755860981886	IGKV1D-42
ADGRG4	1.1489657275697476	0.0017679844048339	ADGRG4
IGLJ3	1.8850877825047967	0.0017895624549928	IGLJ3
OR3A3	1.155732939975594	0.0017918291041763	OR3A3
IGKV1OR22-1	1.2878383079490845	0.0018360716458039	IGKV1OR22-1
FUT9	-1.3123998621244248	0.001920695137485	FUT9
LINC01965	-1.080574969174348	0.0019283858545169	LINC01965
GABRA1	1.3236484964373452	0.0019644150225155	GABRA1
RSPH6A	1.0861641192085532	0.0020897456039966	RSPH6A
AC084879.1	-1.091874515057914	0.0021040451432889	AC084879.1
KRT17P3	1.558636923456295	0.0021124832226913	KRT17P3
SLC25A3P2	1.020025114279174	0.0021158522197729	SLC25A3P2
H2BC1	1.0307831897621624	0.002141573271782	H2BC1
IGKV1OR2-9	2.183297695968515	0.0021435257740501	IGKV1OR2-9
AC116050.1	1.110373127255646	0.0021446795393237	AC116050.1
LINC00456	1.273678920638275	0.002264399030097	LINC00456
GSX2	1.3728784610631055	0.0022867752700663	GSX2
LINC02461	1.349585793568901	0.0023023245604157	LINC02461
GJB6	1.0638786978857706	0.0023105083057297	GJB6
LINC00606	1.9386291561918096	0.0023233966374037	LINC00606
AC114291.1	2.353834192940455	0.0023575847648765	AC114291.1
AC096741.1	1.2054009048833407	0.0023659472800774	AC096741.1
AJ239318.1	3.0312675895074506	0.0023857876821595	AJ239318.1
FP671120.4	1.7175458576996812	0.0023886494369551	FP671120.4
CPEB1-AS1	1.021707347235647	0.0023975217055232	CPEB1-AS1
RN7SL513P	1.0941164819264368	0.0024047759907488	RN7SL513P
LARP4P	1.113600537814653	0.0024137293032522	LARP4P
KLK11	-1.3705301358789534	0.0024217057618803	KLK11
APOA5	1.320057163099598	0.00242778479112	APOA5
CDX2	1.3342120715381178	0.0024428068946429	CDX2
AC073464.1	1.9836987390566567	0.0024505836819147	AC073464.1
AL022337.1	2.053112262509849	0.0024681431009021	AL022337.1
RN7SL580P	1.155932098742532	0.0024767851791045	RN7SL580P
NT5CP2	1.1631332513553063	0.0024802638001885	NT5CP2
P2RX6P	1.4220765144038805	0.0024972453094367	P2RX6P
SLITRK1	-1.0561172341912377	0.0025260361934741	SLITRK1
TCEAL5	-1.166628631077986	0.0025707248904531	TCEAL5
TPSP2	1.404304474814298	0.0025837468409125	TPSP2
LYPD9P	-1.0428481554680016	0.0026314202958628	LYPD9P
LINC00588	2.10443685944093	0.0026462103579855	LINC00588
DPYSL5	1.0400220739989847	0.0026657058007194	DPYSL5
IGHV1-58	1.012767933918128	0.0026734484619189	IGHV1-58
AKR1B10	1.041448441108278	0.0027325553444431	AKR1B10
PCDH8	1.460419563626392	0.0028039597322694	PCDH8
AC007333.2	-2.0917035754143165	0.0028605902924359	AC007333.2
TRBV16	1.3385643682063355	0.0028672467027107	TRBV16
HSPB3	-1.1047495199684048	0.0028957814769529	HSPB3
CYP4F32P	1.603529139523452	0.0029211240866404	CYP4F32P
MYG1P1	1.219659211093224	0.0029319294657651	MYG1P1
TGM7	-1.4799093330190027	0.0029864949944057	TGM7
LINC01538	-1.5955299587535152	0.0029874009120166	LINC01538
GUCY2EP	1.0022171472569754	0.0030848671612003	GUCY2EP
AC024559.2	1.4062167295608698	0.0031186198188439	AC024559.2
SPRR1B	1.972104478658668	0.003130545277304	SPRR1B
TRIM42	1.0354151296785612	0.0031515060717091	TRIM42
FADS6	-1.0862048986744357	0.0031823061387777	FADS6
IGHV4OR15-8	1.6495829712626595	0.0032215386361937	IGHV4OR15-8
AC009236.2	1.3983199857957116	0.0032396181179444	AC009236.2
MYH2	1.1739100495300152	0.0032563472937088	MYH2
LINC01099	-1.0820466805211348	0.0032871142442394	LINC01099
RNVU1-31	1.4403267849740795	0.0032954093603769	RNVU1-31
LINC00566	-1.2211626333964587	0.0033535469128071	LINC00566
AC108868.2	1.7508337589018497	0.0033728799071529	AC108868.2
LINC02242	1.4529528146722952	0.0033766999218521	LINC02242
AC239800.1	1.1876590386526276	0.0033877318437302	AC239800.1
FP236383.5	2.309293230646825	0.0034286209410996	FP236383.5
LINC00919	-2.208556058696086	0.0034398023466741	LINC00919
RPS23P3	2.1599245763970685	0.003465925541545	RPS23P3
AP001574.1	1.1688537773599743	0.0035054986534336	AP001574.1
PSG4	-1.2529406291963083	0.0035493361887359	PSG4
PDE11A-AS1	-1.258440092057998	0.0035787786071437	PDE11A-AS1
AC093702.1	1.0286895918174697	0.0035804154394152	AC093702.1
CKMT1B	-1.1233486273153972	0.003598238880786	CKMT1B
MRPS36P5	1.4139352482793464	0.0036236015918765	MRPS36P5
GACAT3	1.292202236211751	0.0036345784976583	GACAT3
AC007493.1	1.2753698277765255	0.0036910545111333	AC007493.1
IGKV2-40	1.968525017918923	0.0037489665795979	IGKV2-40
GPC5-AS1	-1.3138553505225128	0.0038087264942254	GPC5-AS1
ATP6V0D2	-1.3006544226320922	0.0038279180119599	ATP6V0D2
AL928646.1	1.7649173928157158	0.0039588357556744	AL928646.1
HMGB1P23	1.735661571817548	0.0039772823812652	HMGB1P23
MIR4300HG	1.0076453917138957	0.0040827578842155	MIR4300HG
PSG10P	1.9087057860198615	0.0040865683768853	PSG10P
AC020658.7	-1.7143354847969183	0.0041253963307319	AC020658.7
LINC00706	1.0895113743561828	0.0041459786745454	LINC00706
AC073062.1	2.420684016165484	0.0041636799461258	AC073062.1
ATP5MC1P7	1.466100105073331	0.0042387346278413	ATP5MC1P7
AC026433.1	1.6640241129007236	0.0042432938662964	AC026433.1
PAX3	1.2047415601591485	0.0042760964527618	PAX3
AC007846.1	1.6176844182668406	0.0042892237715252	AC007846.1
MYH1	1.0696938365014703	0.0044370460159246	MYH1
SLC6A5	1.3706063916937457	0.00444799163976	SLC6A5
AL353747.2	-1.277142131274944	0.00460733882858	AL353747.2
IGLV4-3	1.1334426814016725	0.0046120024004394	IGLV4-3
KRT6C	1.8853538477876624	0.0047100883713327	KRT6C
AL713998.4	-1.124875366720562	0.004721942399979	AL713998.4
AL137100.3	1.0842306251262	0.0048242021778013	AL137100.3
AC017033.1	1.0348210484122824	0.0049031722707986	AC017033.1
AC097652.1	1.0418314270240667	0.0050306603615449	AC097652.1
DEFA4	1.1640647369821568	0.0050427399513865	DEFA4
CPN2	-1.1757586647635767	0.0050768489466064	CPN2
NEUROD1	-1.0892476061892402	0.0051473689379309	NEUROD1
LINC00485	1.3057289429736565	0.0053185773355338	LINC00485
LINC02428	1.3566629014934677	0.0054073498874938	LINC02428
AC020930.1	1.5051224659183988	0.0054276909294034	AC020930.1
RN7SKP268	1.079566859171281	0.0054296609411816	RN7SKP268
CRH	-1.3565398279768743	0.0056228837009851	CRH
LINC01096	1.111216509384708	0.0056544373856754	LINC01096
AL353747.3	-1.354189126272577	0.0056722715502772	AL353747.3
RPL32P9	1.544497649862186	0.0057365551769344	RPL32P9
AC096675.1	1.0867774603883138	0.0057397216917828	AC096675.1
LINC02717	1.1852886010236363	0.0057796069659364	LINC02717
AC109635.3	1.3507908106210051	0.0058114956018657	AC109635.3
AC003973.1	1.1775027222549717	0.0058237968243327	AC003973.1
OTX2	1.4585572320767477	0.0058297125201992	OTX2
MRGPRE	1.1402720298380429	0.0059829818017595	MRGPRE
AC073508.1	-1.1482010481305718	0.0059929174145456	AC073508.1
NAP1L1P2	1.035818283268697	0.0060792127706264	NAP1L1P2
AC021146.2	-1.3051293943884206	0.0060920972797059	AC021146.2
AC068985.1	1.955044042613216	0.0061518925641753	AC068985.1
AC003985.1	1.95287475604334	0.0062722211834899	AC003985.1
KLK1	-1.326873174004354	0.0063232476815971	KLK1
AC011504.1	1.2423519111165835	0.0064421212035357	AC011504.1
SFTPA1	1.1421593580500038	0.0065240151856763	SFTPA1
AC016134.1	1.0393052722245162	0.0065522920286961	AC016134.1
SPRR2D	-1.581253917084866	0.0065722442208568	SPRR2D
RNU1-88P	1.8102297187248897	0.0067717562303339	RNU1-88P
AC073869.6	2.2077214431911902	0.0068938965878221	AC073869.6
OR12D1	1.834587181619009	0.0073008120770172	OR12D1
AL020994.3	1.7664211287076446	0.007355358698154	AL020994.3
LINC01115	-1.1184812545615077	0.0074378430927666	LINC01115
LRRC52-AS1	-1.5432439575019827	0.0074649242428361	LRRC52-AS1
KBTBD12	-1.0158713044520111	0.007522390553839	KBTBD12
AC009021.2	1.4228375856942463	0.0075867687488015	AC009021.2
FOXE1	-1.0892401307173103	0.0076660616513238	FOXE1
AL035252.2	1.0544884960796506	0.007748193723164	AL035252.2
CTD-2350J17.1	1.0535522351835365	0.0078680744491297	CTD-2350J17.1
FOXG1-AS1	1.8650131573322877	0.0079256741711283	FOXG1-AS1
AC135068.9	2.0562282711596875	0.0080638916263823	AC135068.9
AC090826.1	1.0424846669408585	0.0083635037750395	AC090826.1
AL117372.1	1.1214596778219537	0.0084237579990522	AL117372.1
C10orf71-AS1	-1.6443051541980007	0.00849541478229	C10orf71-AS1
AP002754.1	-1.1037477826081443	0.0085113161203068	AP002754.1
AC097537.1	1.1119028985008077	0.008603189395447	AC097537.1
LRRTM1	-1.2655410920444383	0.0086070615949662	LRRTM1
NCKAP5-AS1	1.1583936319554755	0.0086330331761627	NCKAP5-AS1
AL137785.1	1.133584893790587	0.0087427701714331	AL137785.1
DUSP13	1.0040569305025375	0.0087932395886812	DUSP13
UNC93A	-1.0696091584933916	0.0088742137619994	UNC93A
H3C14	1.298540681682359	0.0090141419577607	H3C14
KRT41P	-1.0638255285364822	0.0092689394088982	KRT41P
HBG2	1.8611404129240685	0.0093496194526456	HBG2
SNORA14A	1.2407622887656868	0.0093547932461438	SNORA14A
AC002057.1	1.2170333444749648	0.0094206625259099	AC002057.1
AP005328.1	1.1133807698834106	0.009446047609459	AP005328.1
AC015910.1	-1.316292875018327	0.0095550976089451	AC015910.1
PNLIPRP3	1.8259876754072664	0.0096041856499823	PNLIPRP3
AL359894.1	1.960242245139483	0.0096076616993752	AL359894.1
FP236383.4	2.625423121643113	0.0097470175869567	FP236383.4
HEPACAM2	-1.357096519641223	0.0098179608295715	HEPACAM2
AL713852.2	1.0373469575855894	0.0101114157089792	AL713852.2
AL358976.1	-2.064121336795328	0.0102259567281803	AL358976.1
PRAMENP	-1.040646232905555	0.0103917114063438	PRAMENP
AL356277.2	2.4232922668570374	0.0104984330420036	AL356277.2
HYAL4	-1.0105320936260274	0.0105702488022476	HYAL4
C10orf71	-1.5437544553272948	0.0108109375764615	C10orf71
LINC01776	2.357897269121816	0.0110701215442284	LINC01776
AL161431.1	1.253722611433326	0.0114630501943925	AL161431.1
AL611929.1	1.0824767714756784	0.011669572579787	AL611929.1
AC120338.1	1.257261094093375	0.0116776495232138	AC120338.1
LINC00052	-1.172070044764863	0.012132931893491	LINC00052
AC243829.5	2.3437194841977718	0.0121649227346591	AC243829.5
BPIFB4	1.1684499730985949	0.0122224659854186	BPIFB4
AL589787.1	1.079272230747524	0.0123033726223296	AL589787.1
AC139426.1	1.6899065247874183	0.0130150288747575	AC139426.1
FAM240A	-1.0130825186610266	0.0131753935245354	FAM240A
AL645937.1	1.871635057532446	0.0132414128265889	AL645937.1
AC007848.1	1.5334381118645708	0.0135032165206225	AC007848.1
AL135999.3	-1.437403604260995	0.0136992911813058	AL135999.3
LINC00276	1.1061649258083088	0.0137237886726801	LINC00276
SPRR2E	1.87678565861638	0.013964651718045	SPRR2E
PAK5	-1.3347057601973218	0.0139811984464332	PAK5
AC024598.1	1.7911085513439338	0.0142736679950397	AC024598.1
AC104304.3	-1.089151613116296	0.014611940333618	AC104304.3
AC092939.1	1.3876590791438463	0.0146473815992108	AC092939.1
RNVU1-2A	1.9707313199349905	0.0147928167503425	RNVU1-2A
OR4C6	1.5828848832645543	0.0150621790577381	OR4C6
CST4	1.5899022006567882	0.0152482503990282	CST4
LINC01143	1.0793675683458244	0.01533718489999	LINC01143
MAGI1-AS1	1.2015760691203583	0.0156779522380098	MAGI1-AS1
IGHV7-27	1.002556616632296	0.0164847304816129	IGHV7-27
ATP6V1G3	-1.802867392295396	0.0167610213365156	ATP6V1G3
AC100782.1	1.5812403552246204	0.0171637661160206	AC100782.1
CT45A10	2.0777998296069624	0.0174030042718324	CT45A10
WFDC12	-1.0252886908384613	0.0182076394869632	WFDC12
AC016730.1	1.642391590162494	0.0182277042921105	AC016730.1
AC008558.1	1.413918345805136	0.018315922461628	AC008558.1
SLC38A8	1.0945314940818884	0.0184547135952347	SLC38A8
ANKRD60	1.917516713778317	0.0186063675618313	ANKRD60
CEACAMP10	1.0920160532643248	0.0193283475474625	CEACAMP10
BX470209.2	1.5070477900470287	0.0193484206700263	BX470209.2
NMRK2	1.064904260109948	0.0196601324264976	NMRK2
AC011298.1	-1.2079482504807877	0.0197503754946168	AC011298.1
VAX1	1.0462431216333448	0.0197815437478609	VAX1
AP005242.4	1.1742783025050716	0.0199276670362775	AP005242.4
FGF19	1.1419462840233372	0.0205779716531815	FGF19
RN7SKP116	1.4241076300265618	0.0206165882098917	RN7SKP116
TBC1D3	1.856794849271343	0.0208552262472815	TBC1D3
SPRR1A	-1.3062150952331064	0.0209845185604526	SPRR1A
BNIP3P34	-1.4969892910766889	0.0210725560111892	BNIP3P34
TARS2P1	2.9716208191141864	0.0212343338532769	TARS2P1
AL138900.2	-1.339845302912175	0.0212689307697684	AL138900.2
AJ011931.2	1.1026981227374744	0.0216542763673759	AJ011931.2
AC093775.1	1.6781653307295734	0.0220833063461994	AC093775.1
JPT1P1	1.6559028221080097	0.0222148017039848	JPT1P1
SP9	1.7456868946860788	0.0224304148654108	SP9
AC026888.1	-1.7305474457185754	0.0230663517933001	AC026888.1
IRX4-AS1	2.3342825422596967	0.0239489821840209	IRX4-AS1
C11orf53	-1.3387745193583314	0.0239824241027744	C11orf53
AP005202.1	-2.0636211094476806	0.024699463420849	AP005202.1
AL121827.1	-1.060597529069173	0.0259429038411489	AL121827.1
AP003900.1	1.077930638279138	0.025972546356937	AP003900.1
KLF2P1	-1.1886908373171272	0.0265348829765673	KLF2P1
FP236383.7	2.930345280966338	0.0270388571256408	FP236383.7
LINC01230	-1.3448782195183009	0.0273060724628749	LINC01230
AL590681.1	2.199938575840811	0.029326511010465	AL590681.1
SPACA1	-1.1242850570030831	0.0296665097819724	SPACA1
LINC02772	-1.00128757086152	0.0306034512873188	LINC02772
C8A	1.0958385567113906	0.0308387427291548	C8A
LINC02882	1.080762937910871	0.0326023300141127	LINC02882
ADIPOQ	-1.323432364531828	0.0334233946646257	ADIPOQ
NAA11	1.02801240383458	0.0343474086142125	NAA11
MARCHF11	-1.2933644956431527	0.0343664070493896	MARCHF11
SNORD3C	1.6907324664213434	0.0349527435380881	SNORD3C
MIR4290HG	1.054390402757688	0.0352015474866098	MIR4290HG
IGKV1OR9-2	1.36385667893423	0.03658647193099	IGKV1OR9-2
IGLV3-22	1.175824449105589	0.0378121486634269	IGLV3-22
GPR87	1.5265647931569646	0.0383473207136811	GPR87
AC020584.1	-1.448317920632003	0.0393739088000228	AC020584.1
MAGEB10	1.5890160702731997	0.0396010455578889	MAGEB10
AC063952.3	1.092643728485546	0.0397798076939096	AC063952.3
AC023347.1	1.4363125509123087	0.0414949561538744	AC023347.1
AC013472.1	-1.3331585203208312	0.0425006622135353	AC013472.1
MED15P5	1.9638933143189523	0.0430624372588856	MED15P5
AL139824.1	-1.8138349359596444	0.0490065301623758	AL139824.1
AL355096.1	1.1128326054684363	0.0492040212346947	AL355096.1
AC103808.6	1.3321270268413246	0.0493809252300268	AC103808.6
